17,2.9,1383,150.0,11.2,1020,243.0,1008,135.0,1719,1104,9.8,67.6,0.8185,0,0,0,0,0,1,0
18,4.8,1581,307.0,20.8,1319,281.0,799,151.0,2083,1409,10.3,64.2,0.8065,0,0,0,0,0,1,0
19,6.9,1776,461.0,27.4,1488,383.0,702,172.0,2333,1704,9.7,69.3,0.8319,0,0,0,0,0,1,0
20,6.1,1640,401.0,24.0,1404,351.0,743,165.0,2191,1654,9.6,67.8,0.8133,0,0,0,0,0,1,0
21,3.9,1313,197.0,12.8,1076,240.0,957,136.0,1707,1285,9.1,64.0,0.7419,0,0,0,0,0,1,0
22,1.5,965,61.0,4.7,749,94.0,1325,85.0,1333,821,8.2,63.4,0.6905,0,0,0,0,0,1,0
23,1.0,913,26.0,2.6,629,47.0,1565,53.0,1252,552,8.2,60.8,0.6657,0,0,0,0,0,1,0
0,1.7,1080,55.0,5.9,805,122.0,1254,97.0,1375,816,8.3,58.5,0.6438,0,0,0,0,0,0,1
1,1.9,1044,53.0,6.4,829,133.0,1247,110.0,1378,832,7.7,59.7,0.6308,0,0,0,0,0,0,1
2,1.4,988,40.0,4.1,718,82.0,1396,91.0,1304,692,7.1,61.8,0.6276,0,0,0,0,0,0,1
3,0.8,889,21.0,1.9,574,33.33333,1680,47.66667,1187,512,7.0,62.3,0.6261,0,0,0,0,0,0,1
4,0.56667,831,10.0,1.1,506,21.0,1893,32.0,1134,384,6.1,65.9,0.6248,0,0,0,0,0,0,1
5,0.6,847,7.0,1.0,501,30.0,1895,44.0,1155,394,6.3,65.0,0.6233,0,0,0,0,0,0,1
6,0.8,927,17.0,1.8,571,56.0,1685,71.0,1223,487,6.8,62.9,0.6234,0,0,0,0,0,0,1
7,1.4,1091,33.0,4.4,730,109.0,1387,104.0,1361,748,6.4,65.1,0.6316,0,0,0,0,0,0,1
8,4.4,1587,202.0,17.9,1236,307.0,897,141.0,1900,1400,7.3,63.1,0.6499,0,0,0,0,0,0,1
10,3.1,1350,208.0,14.0,1118,187.0,912,122.0,1712,1237,13.2,41.7,0.632,0,0,0,0,0,0,1
11,2.7,1263,166.0,11.6,1037,216.0,969,143.0,1598,1167,14.3,38.4,0.6243,0,0,0,0,0,0,1
12,2.1,1206,114.0,10.2,986,143.0,1035,113.0,1537,959,15.0,36.5,0.6195,0,0,0,0,0,0,1
13,2.5,1252,140.0,11.0,1016,160.0,1008,116.0,1593,983,16.1,34.5,0.6262,0,0,0,0,0,0,1
14,2.7,1287,169.0,12.8,1078,163.0,949,123.0,1660,1061,16.3,35.7,0.656,0,0,0,0,0,0,1
15,2.9,1353,185.0,14.2,1122,190.0,922,126.0,1740,1139,15.8,37.0,0.661,0,0,0,0,0,0,1
16,2.8,1309,165.0,12.7,1073,178.0,954,120.0,1657,1112,15.9,37.2,0.6657,0,0,0,0,0,0,1
17,2.4,1274,133.0,11.7,1041,150.0,1006,119.0,1610,994,16.9,34.3,0.6549,0,0,0,0,0,0,1
18,3.9,1510,233.0,19.3,1277,206.0,812,149.0,1910,1410,15.1,39.6,0.6766,0,0,0,0,0,0,1
19,3.7,1525,242.0,18.2,1246,202.0,821,145.0,1847,1448,14.4,43.4,0.7084,0,0,0,0,0,0,1
20,6.6,1843,488.0,32.6,1610,340.0,624,170.0,2390,1887,12.9,50.5,0.7478,0,0,0,0,0,0,1
21,4.4,1598,333.0,20.1,1299,274.0,752,149.0,1941,1627,12.1,53.3,0.7536,0,0,0,0,0,0,1
22,3.5,1484,215.0,14.3,1127,253.0,839,139.0,1723,1491,11.0,59.1,0.774,0,0,0,0,0,0,1
23,5.4,1677,367.0,21.8,1346,300.0,741,134.0,2062,1657,9.7,64.6,0.7771,0,0,0,0,0,0,1
0,2.7,1280,122.0,9.6,964,193.0,963,113.0,1544,1285,9.5,64.1,0.7597,1,0,0,0,0,0,0
1,1.9,1196,67.0,7.4,873,139.0,1071,97.0,1463,1144,9.1,63.9,0.7423,1,0,0,0,0,0,0
2,1.6,1184,43.0,5.4,782,83.0,1176,82.0,1365,1043,8.8,63.9,0.7256,1,0,0,0,0,0,0
3,1.7,1172,46.0,5.4,783,57.66667,1179,61.33333,1380,996,7.8,67.5,0.7173,1,0,0,0,0,0,0
4,0.86667,1147,56.0,6.2,821,109.0,1132,83.0,1412,992,7.0,71.1,0.7158,1,0,0,0,0,0,0
5,1.0,978,30.0,2.6,625,62.0,1420,65.0,1274,819,8.3,63.6,0.6982,1,0,0,0,0,0,0
6,1.2,1100,27.0,2.9,646,53.0,1406,60.0,1268,835,7.2,67.5,0.6887,1,0,0,0,0,0,0
7,1.5,1112,47.0,5.1,770,139.0,1228,77.0,1409,940,6.3,71.9,0.6932,1,0,0,0,0,0,0
8,2.7,1336,132.0,11.8,1043,256.0,935,96.0,1678,1192,6.5,71.6,0.6945,1,0,0,0,0,0,0
9,3.7,1408,239.0,15.1,1153,295.0,830,119.0,1777,1411,9.6,59.7,0.7124,1,0,0,0,0,0,0
10,3.2,1447,160.0,12.9,1081,250.0,869,126.0,1667,1465,12.4,51.2,0.7335,1,0,0,0,0,0,0
11,4.1,1542,283.0,16.1,1184,296.0,808,158.0,1780,1583,15.6,42.2,0.7451,1,0,0,0,0,0,0
12,3.6,1451,210.0,14.0,1117,239.0,875,161.0,1679,1387,18.4,33.8,0.709,1,0,0,0,0,0,0
13,2.8,1328,154.0,12.3,1059,153.0,987,124.0,1600,1101,19.4,31.3,0.695,1,0,0,0,0,0,0
14,2.0,1207,112.0,8.6,924,118.0,1088,102.0,1488,850,18.0,34.8,0.7127,1,0,0,0,0,0,0
15,2.0,1240,108.0,9.2,947,119.0,1049,116.0,1532,947,18.4,33.6,0.7042,1,0,0,0,0,0,0
16,2.5,1306,111.0,10.2,987,138.0,1004,124.0,1554,1078,17.6,35.1,0.7012,1,0,0,0,0,0,0
17,2.3,1326,97.0,10.6,1000,148.0,976,125.0,1602,1084,16.7,37.8,0.7117,1,0,0,0,0,0,0
18,3.2,1473,191.0,15.5,1163,227.0,831,148.0,1779,1395,16.1,41.0,0.7451,1,0,0,0,0,0,0
19,4.2,1609,258.0,19.6,1286,277.0,758,165.0,1922,1612,15.8,42.4,0.7569,1,0,0,0,0,0,0
20,4.2,1611,284.0,19.2,1274,279.0,754,161.0,1915,1697,15.7,44.1,0.7786,1,0,0,0,0,0,0
21,4.2,1621,269.0,18.3,1247,283.0,762,159.0,1860,1886,15.3,46.8,0.8091,1,0,0,0,0,0,0
22,3.1,1444,180.0,13.1,1089,214.0,844,143.0,1748,1624,14.6,48.6,0.806,1,0,0,0,0,0,0
23,2.6,1418,116.0,10.9,1010,172.0,892,130.0,1603,1536,14.7,49.3,0.8193,1,0,0,0,0,0,0
0,2.9,1534,93.0,11.0,1013,190.0,889,129.0,1611,1535,13.9,53.6,0.8498,0,1,0,0,0,0,0
1,2.8,1484,131.0,11.9,1045,174.0,880,119.0,1624,1530,14.6,51.5,0.8536,0,1,0,0,0,0,0
2,2.5,1367,92.0,8.6,925,128.0,953,104.0,1543,1337,12.5,58.9,0.8537,0,1,0,0,0,0,0
3,2.4,1344,132.0,9.7,968,89.0,921,86.33333,1620,1278,11.6,63.4,0.8674,0,1,0,0,0,0,0
4,0.96667,1130,56.0,5.2,773,70.0,1130,82.0,1452,1051,12.1,61.1,0.8603,0,1,0,0,0,0,0
5,1.2,1062,32.0,3.7,691,53.0,1272,70.0,1377,929,11.5,63.1,0.8533,0,1,0,0,0,0,0
6,1.0,1076,29.0,2.5,618,44.0,1395,63.0,1333,872,11.6,62.2,0.8473,0,1,0,0,0,0,0
7,0.9,1028,27.0,2.4,615,74.0,1384,67.0,1340,853,10.4,67.6,0.853,0,1,0,0,0,0,0
8,1.4,1155,36.0,4.2,722,101.0,1225,84.0,1414,959,11.6,62.7,0.853,0,1,0,0,0,0,0
9,1.6,1235,57.0,6.4,828,118.0,1055,83.0,1527,1093,12.4,60.0,0.8627,0,1,0,0,0,0,0
10,2.2,1332,129.0,8.6,923,144.0,952,98.0,1614,1225,14.5,53.1,0.8728,0,1,0,0,0,0,0
11,2.8,1445,148.0,10.9,1009,176.0,878,114.0,1696,1355,16.9,46.1,0.8789,0,1,0,0,0,0,0
12,2.8,1416,145.0,10.7,1002,161.0,907,119.0,1677,1262,19.3,38.3,0.8474,0,1,0,0,0,0,0
13,2.0,1281,93.0,7.5,880,113.0,1084,104.0,1525,980,21.2,31.4,0.7812,0,1,0,0,0,0,0
14,1.8,1207,84.0,7.5,879,103.0,1104,102.0,1490,872,21.4,30.2,0.7616,0,1,0,0,0,0,0
15,1.9,1258,99.0,8.2,906,112.0,1081,107.0,1511,900,21.9,29.0,0.7525,0,1,0,0,0,0,0
16,3.0,1458,150.0,11.9,1045,170.0,974,129.0,1646,1099,22.2,28.4,0.7516,0,1,0,0,0,0,0
17,2.9,1438,156.0,12.0,1051,180.0,943,128.0,1668,1206,21.3,30.8,0.7696,0,1,0,0,0,0,0
18,2.5,1478,122.0,12.2,1055,160.0,929,121.0,1671,1262,19.7,36.7,0.8307,0,1,0,0,0,0,0
19,4.6,1808,262.0,20.6,1312,261.0,753,157.0,1993,1698,18.4,41.7,0.8732,0,1,0,0,0,0,0
20,5.9,1898,341.0,23.1,1381,325.0,681,173.0,2103,1905,17.6,46.1,0.921,0,1,0,0,0,0,0
21,3.4,1560,214.0,14.7,1140,217.0,784,146.0,1818,1648,16.7,49.6,0.932,0,1,0,0,0,0,0
22,2.1,1324,100.0,9.0,940,146.0,924,121.0,1587,1423,16.3,51.0,0.9341,0,1,0,0,0,0,0
23,2.2,1349,79.0,8.8,933,152.0,933,119.0,1617,1349,14.7,55.9,0.9314,0,1,0,0,0,0,0
0,1.8,1239,66.0,7.4,872,104.0,985,99.0,1547,1250,14.8,54.7,0.9164,0,0,1,0,0,0,0
1,1.8,1239,73.0,6.9,853,106.0,1010,93.0,1543,1174,14.0,57.0,0.9094,0,0,1,0,0,0,0
2,1.8,1224,66.0,7.0,855,108.0,998,88.0,1566,1149,13.4,61.3,0.9361,0,0,1,0,0,0,0
3,1.1,1078,44.0,4.4,734,68.0,1128,60.33333,1487,1021,12.6,63.5,0.923,0,0,1,0,0,0,0
4,0.93333,1078,44.0,4.0,711,66.0,1150,71.0,1468,1013,12.3,65.4,0.9351,0,0,1,0,0,0,0
5,1.0,1075,39.0,3.9,703,88.0,1156,74.0,1464,1010,11.9,67.4,0.9375,0,0,1,0,0,0,0
6,1.4,1157,51.0,6.4,830,138.0,1030,80.0,1584,1083,11.4,70.5,0.9475,0,0,1,0,0,0,0
7,2.2,1314,107.0,9.7,966,228.0,897,89.0,1710,1235,11.3,70.2,0.9401,0,0,1,0,0,0,0
8,5.5,1797,336.0,25.9,1451,360.0,652,114.0,2323,1680,12.4,63.9,0.917,0,0,1,0,0,0,0
9,8.1,1961,618.0,36.7,1701,478.0,537,149.0,2665,2184,14.8,54.3,0.9076,0,0,1,0,0,0,0
10,5.8,1771,438.0,26.6,1470,394.0,622,157.0,2262,1973,17.4,45.6,0.8993,0,0,1,0,0,0,0
11,4.2,1564,334.0,20.1,1300,319.0,710,155.0,2029,1798,19.8,38.5,0.8801,0,0,1,0,0,0,0
12,3.1,1430,221.0,14.1,1120,201.0,831,134.0,1783,1522,22.0,34.1,0.8904,0,0,1,0,0,0,0
13,2.9,1417,207.0,14.9,1146,171.0,830,119.0,1831,1404,23.3,32.2,0.9096,0,0,1,0,0,0,0
14,2.9,1400,191.0,15.4,1162,159.0,838,111.0,1829,1263,23.9,30.0,0.8757,0,0,1,0,0,0,0
15,2.5,1317,185.0,12.1,1053,153.0,926,104.0,1707,1137,24.4,28.9,0.8736,0,0,1,0,0,0,0
16,2.3,1318,141.0,11.5,1033,143.0,950,99.0,1675,1068,24.4,29.4,0.8848,0,0,1,0,0,0,0
17,2.8,1445,214.0,14.8,1141,156.0,857,110.0,1824,1252,23.8,31.3,0.9137,0,0,1,0,0,0,0
18,6.1,1917,471.0,32.1,1601,314.0,631,162.0,2447,1843,22.5,35.4,0.9547,0,0,1,0,0,0,0
19,8.0,2040,685.0,39.2,1754,404.0,542,187.0,2679,2122,20.4,42.5,1.0086,0,0,1,0,0,0,0
20,6.5,1895,538.0,31.0,1573,320.0,565,165.0,2443,1992,18.3,52.6,1.0945,0,0,1,0,0,0,0
21,4.2,1595,319.0,19.9,1294,256.0,678,145.0,2058,1707,16.7,57.4,1.0786,0,0,1,0,0,0,0
22,3.2,1439,224.0,15.3,1159,193.0,764,125.0,1856,1494,15.7,60.2,1.0654,0,0,1,0,0,0,0
23,1.4,1142,67.0,6.9,852,89.0,1008,101.0,1547,1164,15.3,61.4,1.058,0,0,1,0,0,0,0
0,2.1,1304,155.0,11.1,1019,127.0,852,103.0,1731,1272,14.1,65.7,1.0494,0,0,0,1,0,0,0
1,1.2,1074,49.0,5.4,784,79.0,1098,88.0,1483,1040,14.8,60.6,1.0148,0,0,0,1,0,0,0
2,0.8,968,29.0,2.8,640,43.0,1320,61.0,1386,867,14.8,59.2,0.9879,0,0,0,1,0,0,0
3,0.7,929,25.0,2.3,608,31.0,1376,43.0,1364,826,13.6,62.1,0.9636,0,0,0,1,0,0,0
4,0.66667,941,25.0,2.6,626,59.0,1316,59.0,1373,840,12.3,66.2,0.945,0,0,0,1,0,0,0
5,0.6,937,17.0,2.0,585,38.0,1412,52.0,1348,793,12.8,63.2,0.9283,0,0,0,1,0,0,0
6,0.9,1017,27.0,3.5,681,82.0,1246,64.0,1418,870,11.2,68.5,0.9081,0,0,0,1,0,0,0
7,1.3,1171,50.0,5.1,770,99.0,1162,70.0,1467,930,11.0,66.5,0.8705,0,0,0,1,0,0,0
8,3.4,1541,218.0,16.2,1185,263.0,770,97.0,1889,1407,11.7,63.7,0.8719,0,0,0,1,0,0,0
9,3.7,1539,285.0,19.7,1287,229.0,698,95.0,2055,1507,13.6,56.3,0.8743,0,0,0,1,0,0,0
10,5.3,1735,437.0,25.1,1431,396.0,628,150.0,2211,1843,17.8,42.9,0.8672,0,0,0,1,0,0,0
11,4.1,1571,327.0,20.0,1297,314.0,730,162.0,1973,1729,21.4,33.3,0.8417,0,0,0,1,0,0,0
12,3.3,1452,283.0,18.3,1250,217.0,776,154.0,1868,1583,24.4,27.4,0.8231,0,0,0,1,0,0,0
13,4.0,1579,366.0,22.3,1359,252.0,724,161.0,1998,1671,25.3,26.1,0.8264,0,0,0,1,0,0,0
14,3.8,1466,318.0,20.4,1309,263.0,773,161.0,1897,1491,25.8,23.2,0.7589,0,0,0,1,0,0,0
15,2.8,1280,228.0,14.6,1136,180.0,893,128.0,1675,1240,27.0,20.2,0.7094,0,0,0,1,0,0,0
16,2.9,1407,201.0,16.6,1197,184.0,905,129.0,1759,1313,28.2,18.6,0.7014,0,0,0,1,0,0,0
17,2.9,1389,199.0,15.8,1173,190.0,898,133.0,1739,1363,28.0,19.1,0.7098,0,0,0,1,0,0,0
18,3.4,1447,237.0,17.8,1235,184.0,859,139.0,1778,1296,23.9,25.7,0.7519,0,0,0,1,0,0,0
19,3.9,1551,261.0,19.1,1271,181.0,800,137.0,1875,1432,21.3,34.8,0.873,0,0,0,1,0,0,0
20,3.2,1474,230.0,15.8,1173,166.0,854,143.0,1776,1432,20.4,36.7,0.8704,0,0,0,1,0,0,0
21,5.1,1800,349.0,24.9,1426,317.0,700,177.0,2106,2034,19.0,41.3,0.9007,0,0,0,1,0,0,0
22,2.6,1379,183.0,13.5,1101,184.0,818,138.0,1710,1602,17.9,45.9,0.9342,0,0,0,1,0,0,0
23,1.7,1201,88.0,9.1,943,130.0,935,117.0,1560,1362,16.7,48.9,0.9226,0,0,0,1,0,0,0
0,1.7,1205,85.0,8.6,925,132.0,922,107.0,1547,1314,15.5,52.9,0.9271,0,0,0,0,1,0,0
1,1.2,1072,47.0,5.4,784,95.0,1066,90.0,1442,1114,15.5,51.9,0.9059,0,0,0,0,1,0,0
2,0.9,998,34.0,4.1,714,70.0,1169,79.0,1383,992,14.1,55.6,0.891,0,0,0,0,1,0,0
3,0.7,933,26.0,2.6,625,54.66667,1292,72.0,1332,884,13.1,57.9,0.8666,0,0,0,0,1,0,0
4,0.73333,883,17.0,1.9,577,54.0,1396,60.0,1303,808,12.7,57.9,0.8447,0,0,0,0,1,0,0
5,0.5,869,11.0,1.6,554,28.0,1460,40.0,1268,667,11.8,58.0,0.8026,0,0,0,0,1,0,0
6,0.5,891,18.0,1.9,576,46.0,1417,53.0,1289,733,11.9,57.4,0.7978,0,0,0,0,1,0,0
7,1.6,1173,84.0,7.5,878,160.0,1038,84.0,1556,1052,9.9,65.2,0.7956,0,0,0,0,1,0,0
8,4.1,1587,260.0,21.4,1334,320.0,702,108.0,1999,1534,11.1,60.2,0.7958,0,0,0,0,1,0,0
9,6.6,1852,534.0,36.4,1696,377.0,553,127.0,2535,1931,14.1,50.0,0.802,0,0,0,0,1,0,0
10,4.3,1522,368.0,21.3,1331,280.0,703,134.0,2026,1734,17.7,40.1,0.8048,0,0,0,0,1,0,0
11,2.9,1438,200.0,15.4,1161,221.0,819,135.0,1782,1595,21.1,33.4,0.8265,0,0,0,0,1,0,0
12,2.5,1393,145.0,12.5,1067,210.0,905,142.0,1654,1490,24.3,28.3,0.8471,0,0,0,0,1,0,0
13,2.8,1452,188.0,15.1,1152,204.0,861,153.0,1747,1508,25.6,25.6,0.8254,0,0,0,0,1,0,0
14,2.6,1389,152.0,13.7,1108,161.0,887,123.0,1712,1334,25.9,25.9,0.8503,0,0,0,0,1,0,0
15,2.0,1207,103.0,10.4,994,135.0,1013,104.0,1520,1045,26.8,18.7,0.65,0,0,0,0,1,0,0
16,2.9,1365,193.0,15.2,1154,186.0,940,129.0,1679,1221,29.3,15.8,0.6309,0,0,0,0,1,0,0
17,2.5,1247,134.0,12.3,1060,147.0,1032,114.0,1525,1069,28.5,14.9,0.5708,0,0,0,0,1,0,0
18,5.0,1557,386.0,27.0,1478,299.0,793,158.0,1981,1569,25.9,16.0,0.5237,0,0,0,0,1,0,0
19,7.6,1973,577.0,38.4,1737,411.0,617,194.0,2414,2306,23.1,26.5,0.7403,0,0,0,0,1,0,0
20,6.7,1975,523.0,35.1,1667,347.0,597,182.0,2416,2359,20.5,38.2,0.9133,0,0,0,0,1,0,0
21,5.7,1795,472.0,27.2,1485,336.0,653,180.0,2174,2050,19.1,42.6,0.9294,0,0,0,0,1,0,0
22,2.8,1444,206.0,15.0,1150,202.0,770,136.0,1727,1727,17.2,44.1,0.8558,0,0,0,0,1,0,0
23,2.6,1488,216.0,15.7,1171,178.0,731,127.0,1778,1705,16.0,50.9,0.9206,0,0,0,0,1,0,0
0,2.3,1371,159.0,13.0,1083,154.0,796,116.0,1669,1551,14.8,53.9,0.9024,0,0,0,0,0,1,0
1,1.4,1161,70.0,8.1,904,92.0,947,107.0,1502,1240,14.3,55.4,0.8975,0,0,0,0,0,1,0
2,1.0,1064,44.0,5.5,787,61.0,1057,88.0,1407,1115,14.8,52.1,0.8686,0,0,0,0,0,1,0
3,0.7,970,42.0,3.6,687,68.0,1196,69.0,1351,969,13.9,53.9,0.8501,0,0,0,0,0,1,0
4,0.66667,954,28.0,2.9,645,60.0,1260,78.0,1334,925,11.6,61.9,0.8442,0,0,0,0,0,1,0
5,0.6,931,20.0,2.5,623,37.0,1293,57.0,1307,828,12.0,58.9,0.8233,0,0,0,0,0,1,0
6,0.7,938,26.0,3.0,650,68.0,1251,71.0,1333,893,10.9,62.1,0.8113,0,0,0,0,0,1,0
7,1.5,1166,78.0,7.7,885,139.0,1005,85.0,1551,1075,10.6,63.3,0.8067,0,0,0,0,0,1,0
8,4.7,1643,319.0,23.3,1384,339.0,667,124.0,2094,1610,11.5,60.0,0.8117,0,0,0,0,0,1,0
9,6.6,1934,506.0,35.8,1682,421.0,541,151.0,2468,2051,14.3,50.6,0.8186,0,0,0,0,0,1,0
10,4.5,1617,596.0,21.3,1333,349.0,686,150.0,2010,1819,17.8,40.5,0.821,0,0,0,0,0,1,0
11,2.8,1473,359.33333,14.3,1127,224.0,831,152.0,1752,1568,20.8,34.4,0.8365,0,0,0,0,0,1,0
12,2.2,1379,181.66667,12.5,1068,171.0,899,139.0,1663,1374,23.8,28.2,0.8219,0,0,0,0,0,1,0
13,2.2,1385,251.0,12.2,1056,149.0,891,133.0,1648,1268,24.2,28.7,0.8515,0,0,0,0,0,1,0
14,2.3,1379,334.33333,13.1,1087,137.0,901,126.0,1660,1144,25.2,24.9,0.7829,0,0,0,0,0,1,0
15,2.2,1322,171.33333,14.4,1129,149.0,934,128.0,1639,1109,27.0,17.8,0.6275,0,0,0,0,0,1,0
16,2.8,1496,240.33333,16.8,1205,172.0,822,169.0,1767,1347,27.1,23.1,0.818,0,0,0,0,0,1,0
17,2.7,1409,236.66667,14.5,1131,166.0,873,149.0,1689,1206,25.8,23.9,0.7832,0,0,0,0,0,1,0
18,3.7,1513,354.0,21.5,1338,214.0,764,156.0,1957,1397,23.0,26.8,0.7446,0,0,0,0,0,1,0
19,5.1,1667,674.0,26.4,1464,280.0,683,168.0,2118,1588,20.7,31.1,0.7523,0,0,0,0,0,1,0
20,5.1,1667,612.0,26.0,1453,276.0,684,176.0,2051,1569,18.6,36.2,0.7676,0,0,0,0,0,1,0
21,3.2,1430,333.0,14.1,1121,178.0,814,135.0,1732,1322,16.0,48.4,0.8768,0,0,0,0,0,1,0
22,2.1,1333,177.66667,10.3,989,129.0,885,121.0,1621,1194,14.5,57.8,0.9456,0,0,0,0,0,1,0
23,1.7,1262,109.33333,8.3,911,95.0,948,99.0,1545,1062,13.1,64.2,0.9606,0,0,0,0,0,1,0
0,2.0,1287,134.0,8.9,936,126.0,918,106.0,1606,1040,12.0,69.7,0.9735,0,0,0,0,0,0,1
1,1.6,1134,66.0,6.6,840,103.0,1021,96.0,1501,917,11.9,71.1,0.9915,0,0,0,0,0,0,1
2,0.9,999,54.66667,3.6,688,48.0,1229,63.0,1380,594,12.5,69.3,1.0029,0,0,0,0,0,0,1
4,0.6,934,42.66667,1.8,569,20.0,1440,32.0,1280,397,12.3,67.7,0.9665,0,0,0,0,0,0,1
5,0.5,913,33.33333,1.3,525,18.0,1620,28.0,1260,370,12.5,66.8,0.962,0,0,0,0,0,0,1
6,0.7,969,38.66667,2.3,607,56.0,1373,61.0,1324,438,12.3,66.3,0.9487,0,0,0,0,0,0,1
7,1.5,1182,53.0,6.7,845,115.0,1054,99.0,1539,704,12.4,64.9,0.9332,0,0,0,0,0,0,1
8,4.8,1740,287.33333,22.8,1372,320.0,671,157.0,2144,1476,13.0,61.6,0.9209,0,0,0,0,0,0,1
9,6.2,1819,730.33333,31.3,1582,357.0,575,166.0,2456,1716,13.6,58.8,0.912,0,0,0,0,0,0,1
10,4.0,1427,469.0,19.2,1275,253.0,701,149.0,1980,1398,13.9,57.1,0.9032,0,0,0,0,0,0,1
11,3.3,1390,195.66667,16.4,1191,218.0,759,135.0,1879,1268,14.5,54.4,0.8917,0,0,0,0,0,0,1
12,2.8,1283,121.0,14.0,1117,192.0,813,127.0,1751,1188,15.5,50.1,0.8744,0,0,0,0,0,0,1
13,3.0,1304,149.33333,15.3,1157,176.0,793,122.0,1801,1171,16.1,47.6,0.8655,0,0,0,0,0,0,1
14,3.3,1364,180.66667,16.7,1202,198.0,771,135.0,1875,1250,16.3,47.1,0.864,0,0,0,0,0,0,1
15,3.5,1410,284.33333,19.0,1268,212.0,724,139.0,1957,1344,16.4,47.5,0.8791,0,0,0,0,0,0,1
16,4.0,1476,302.66667,19.4,1280,249.0,708,147.0,1955,1378,16.1,50.2,0.9094,0,0,0,0,0,0,1
17,4.6,1522,260.33333,20.9,1320,270.0,690,158.0,2005,1435,16.0,50.7,0.9142,0,0,0,0,0,0,1
18,4.1,1442,386.0,20.2,1301,231.0,704,146.0,1952,1372,15.8,50.3,0.8989,0,0,0,0,0,0,1
19,4.5,1469,568.33333,21.7,1344,251.0,677,144.0,1997,1471,15.5,50.6,0.884,0,0,0,0,0,0,1
20,3.9,1467,514.0,19.8,1292,210.0,698,138.0,1942,1439,15.4,51.4,0.8956,0,0,0,0,0,0,1
21,4.0,1421,371.33333,16.7,1202,249.0,748,143.0,1854,1429,15.2,53.1,0.9117,0,0,0,0,0,0,1
22,2.2,1175,111.0,9.1,945,143.0,904,116.0,1604,1081,14.7,57.6,0.9573,0,0,0,0,0,0,1
23,2.1,1215,89.33333,8.3,912,127.0,948,109.0,1547,993,14.2,58.3,0.938,0,0,0,0,0,0,1
0,1.7,1127,84.33333,5.8,802,104.0,1064,92.0,1447,837,13.8,57.9,0.9085,1,0,0,0,0,0,0
1,1.6,1090,76.0,5.2,773,86.0,1105,83.0,1429,761,13.9,55.9,0.8842,1,0,0,0,0,0,0
2,1.3,1017,60.66667,4.1,718,74.0,1182,81.0,1382,650,13.9,55.6,0.8765,1,0,0,0,0,0,0
4,0.83333,945,56.33333,2.9,646,44.0,1308,55.0,1332,505,13.8,54.6,0.8574,1,0,0,0,0,0,0
5,0.8,956,33.33333,3.1,661,42.0,1260,53.0,1351,518,13.6,55.1,0.856,1,0,0,0,0,0,0
6,0.8,966,38.66667,2.5,622,63.0,1317,67.0,1342,571,13.6,59.0,0.9129,1,0,0,0,0,0,0
7,1.1,1064,39.33333,4.3,728,115.0,1161,91.0,1461,842,13.5,58.4,0.896,1,0,0,0,0,0,0
8,2.1,1300,137.66667,8.9,935,170.0,902,113.0,1623,1145,13.8,58.0,0.9083,1,0,0,0,0,0,0
9,2.4,1348,183.33333,10.5,998,147.0,834,102.0,1689,1218,14.6,53.1,0.8765,1,0,0,0,0,0,0
10,2.6,1425,326.66667,12.5,1068,166.0,776,107.0,1764,1341,15.0,52.3,0.8881,1,0,0,0,0,0,0
11,2.8,1474,209.33333,12.3,1061,195.0,768,113.0,1768,1406,15.4,52.1,0.9046,1,0,0,0,0,0,0
12,2.6,1490,209.33333,11.7,1039,182.0,782,108.0,1757,1422,16.3,50.0,0.9158,1,0,0,0,0,0,0
13,2.6,1495,476.66667,11.7,1040,168.0,809,105.0,1735,1373,17.1,47.9,0.9281,1,0,0,0,0,0,0
14,2.1,1376,157.66667,9.3,953,125.0,900,93.0,1636,1153,19.0,42.9,0.937,1,0,0,0,0,0,0
15,1.7,1305,78.66667,7.6,884,95.0,980,87.0,1573,927,19.5,42.3,0.9476,1,0,0,0,0,0,0
16,1.6,1283,109.33333,6.7,844,79.0,1036,76.0,1539,766,19.5,42.3,0.9493,1,0,0,0,0,0,0
17,2.1,1392,192.33333,9.7,967,119.0,930,94.0,1649,941,19.1,43.8,0.9556,1,0,0,0,0,0,0
18,2.3,1452,195.0,12.4,1063,142.0,856,110.0,1774,1146,18.5,46.3,0.9744,1,0,0,0,0,0,0
19,3.5,1633,281.66667,16.6,1199,215.0,734,136.0,1919,1417,17.4,51.6,1.0159,1,0,0,0,0,0,0
20,3.9,1625,316.0,16.4,1191,229.0,733,139.0,1885,1442,17.1,51.3,0.9914,1,0,0,0,0,0,0
21,3.3,1535,349.33333,13.7,1108,206.0,785,125.0,1820,1323,16.4,53.8,0.9964,1,0,0,0,0,0,0
22,2.3,1323,192.0,9.9,973,147.0,864,111.0,1712,1125,16.2,55.4,1.0132,1,0,0,0,0,0,0
23,2.1,1309,195.0,8.9,937,122.0,905,97.0,1672,1036,15.9,57.7,1.0356,1,0,0,0,0,0,0
0,2.8,1456,192.0,10.6,999,175.0,835,107.0,1714,1202,15.7,58.6,1.0396,0,1,0,0,0,0,0
1,2.1,1300,148.33333,7.4,872,133.0,941,90.0,1577,1054,15.1,60.9,1.0398,0,1,0,0,0,0,0
2,1.6,1203,84.66667,6.2,823,89.0,1004,84.0,1526,903,15.6,56.6,0.9951,0,1,0,0,0,0,0
4,1.3,1117,77.33333,5.8,802,85.0,1029,87.0,1539,818,15.4,57.8,1.0021,0,1,0,0,0,0,0
5,1.1,1062,63.0,4.0,711,55.0,1136,66.0,1461,700,14.9,60.6,1.0196,0,1,0,0,0,0,0
6,0.7,947,35.66667,2.1,594,24.0,1300,36.0,1390,580,14.5,63.0,1.0316,0,1,0,0,0,0,0
7,0.8,1065,55.33333,3.6,687,72.0,1143,62.0,1492,815,14.2,66.2,1.063,0,1,0,0,0,0,0
8,1.2,1155,107.66667,4.4,734,122.0,1062,91.0,1528,1035,14.5,65.3,1.0704,0,1,0,0,0,0,0
9,1.4,1220,183.66667,5.4,782,111.0,996,89.0,1560,1067,15.3,62.1,1.073,0,1,0,0,0,0,0
10,1.7,1301,231.66667,7.1,862,123.0,914,93.0,1633,1114,16.3,59.0,1.0868,0,1,0,0,0,0,0
11,1.8,1279,225.33333,7.3,870,106.0,911,81.0,1646,1000,18.9,49.6,1.07,0,1,0,0,0,0,0
12,1.8,1267,137.66667,7.6,883,103.0,953,82.0,1617,906,19.4,46.1,1.0249,0,1,0,0,0,0,0
13,1.9,1239,84.0,6.8,848,102.0,981,80.0,1568,822,20.8,41.6,1.0091,0,1,0,0,0,0,0
14,1.3,1128,83.66667,4.6,742,48.0,1144,48.0,1507,610,21.4,40.3,1.0126,0,1,0,0,0,0,0
15,1.6,1243,81.66667,8.4,916,63.0,962,61.0,1669,657,21.2,39.3,0.9791,0,1,0,0,0,0,0
16,1.9,1208,130.33333,6.9,853,98.0,1060,89.0,1506,647,20.3,38.0,0.8942,0,1,0,0,0,0,0
17,2.3,1306,164.66667,9.0,938,132.0,961,105.0,1607,762,19.4,41.3,0.9206,0,1,0,0,0,0,0
18,3.8,1546,166.33333,15.1,1151,173.0,769,116.0,1874,1122,18.5,43.8,0.9252,0,1,0,0,0,0,0
19,3.5,1501,256.0,12.6,1071,185.0,823,119.0,1744,1130,17.8,48.1,0.9689,0,1,0,0,0,0,0
20,4.3,1605,260.66667,15.1,1153,266.0,769,144.0,1840,1637,17.9,46.9,0.952,0,1,0,0,0,0,0
21,2.8,1316,295.0,9.9,974,188.0,883,123.0,1673,1272,17.4,49.1,0.9688,0,1,0,0,0,0,0
22,1.9,1195,252.0,8.0,898,122.0,933,105.0,1594,1098,17.0,51.7,0.9914,0,1,0,0,0,0,0
23,1.9,1211,235.66667,7.9,896,112.0,920,93.0,1624,1066,16.4,55.1,1.0198,0,1,0,0,0,0,0
0,1.7,1161,103.33333,6.1,815,93.0,995,86.0,1582,909,16.1,60.0,1.0919,0,0,1,0,0,0,0
1,1.5,1095,82.66667,5.1,767,74.0,1050,76.0,1547,818,15.8,60.5,1.0805,0,0,1,0,0,0,0
2,0.6,897,47.66667,1.7,563,23.0,1417,33.0,1355,472,16.3,57.0,1.0491,0,0,1,0,0,0,0
4,0.5,854,31.0,0.8,481,17.0,1756,27.0,1304,396,16.1,55.9,1.0153,0,0,1,0,0,0,0
5,0.3,845,33.0,0.7,472,15.0,1786,23.0,1278,378,16.5,53.9,1.0049,0,0,1,0,0,0,0
6,0.6,942,33.66667,2.0,586,41.0,1480,46.0,1373,432,16.4,54.0,0.9979,0,0,1,0,0,0,0
7,1.2,1090,44.33333,5.1,768,86.0,1072,76.0,1538,699,15.7,57.6,1.0195,0,0,1,0,0,0,0
8,3.6,1514,381.66667,17.7,1230,226.0,732,116.0,1996,1252,15.8,53.7,0.9571,0,0,1,0,0,0,0
9,3.7,1379,641.33333,18.4,1252,214.0,711,115.0,1962,1237,17.4,42.1,0.8281,0,0,1,0,0,0,0
10,1.8,1074,167.66667,6.9,854,115.0,1032,83.0,1484,772,17.9,38.4,0.7793,0,0,1,0,0,0,0
11,1.6,1090,152.0,7.3,868,124.0,1026,87.0,1509,766,18.5,36.7,0.7764,0,0,1,0,0,0,0
12,1.9,1110,113.33333,9.6,964,122.0,947,90.0,1577,829,21.0,29.6,0.7263,0,0,1,0,0,0,0
13,2.0,1102,171.66667,10.4,994,107.0,955,87.0,1599,783,21.3,28.1,0.7067,0,0,1,0,0,0,0
14,2.2,1100,153.33333,11.2,1021,133.0,952,99.0,1607,822,21.3,26.1,0.6539,0,0,1,0,0,0,0
15,2.1,1094,149.0,10.7,1003,130.0,965,99.0,1574,813,21.3,26.8,0.6681,0,0,1,0,0,0,0
16,2.3,1076,451.0,11.6,1034,150.0,964,101.0,1544,813,21.3,24.2,0.606,0,0,1,0,0,0,0
17,2.6,1152,185.0,12.4,1062,138.0,928,103.0,1606,850,20.2,28.5,0.6682,0,0,1,0,0,0,0
18,3.8,1407,426.0,18.3,1249,213.0,720,129.0,1932,1276,17.0,43.1,0.8264,0,0,1,0,0,0,0
19,4.4,1438,672.0,21.0,1325,232.0,678,143.0,1993,1401,15.6,47.4,0.8347,0,0,1,0,0,0,0
20,4.5,1425,624.0,21.0,1325,238.0,678,146.0,1965,1356,15.3,47.4,0.8178,0,0,1,0,0,0,0
21,3.3,1279,325.0,14.5,1131,180.0,775,124.0,1758,1243,14.5,49.7,0.8177,0,0,1,0,0,0,0
22,2.0,1132,143.0,8.4,916,128.0,920,113.0,1561,1083,13.9,52.0,0.8231,0,0,1,0,0,0,0
23,1.1,1006,89.0,4.3,729,65.0,1142,80.0,1370,795,14.5,49.4,0.8106,0,0,1,0,0,0,0
0,0.9,982,73.0,3.8,700,53.0,1204,72.0,1359,735,13.8,51.4,0.8071,0,0,0,1,0,0,0
1,0.8,969,48.0,2.7,636,47.0,1271,64.0,1309,684,14.0,51.3,0.8163,0,0,0,1,0,0,0
2,0.7,941,47.0,2.5,621,51.0,1298,70.0,1330,714,13.0,56.8,0.8444,0,0,0,1,0,0,0
3,0.5,892,36.0,1.2,522,37.33333,1522,55.0,1285,456,11.0,70.0,0.9215,0,0,0,1,0,0,0
4,0.6,855,25.0,0.8,478,20.0,1701,31.0,1261,401,10.1,76.8,0.9483,0,0,0,1,0,0,0
5,0.3,834,19.0,0.6,459,13.0,1908,22.0,1212,361,8.8,80.5,0.9147,0,0,0,1,0,0,0
6,0.5,909,26.0,1.8,567,33.0,1542,47.0,1287,418,9.6,75.4,0.9004,0,0,0,1,0,0,0
7,1.1,1061,60.0,4.6,745,103.0,1178,88.0,1429,616,9.8,75.0,0.9093,0,0,0,1,0,0,0
8,3.0,1441,248.0,14.2,1124,224.0,851,130.0,1829,1089,10.0,74.2,0.9117,0,0,0,1,0,0,0
9,3.8,1498,535.0,21.0,1325,244.0,684,132.0,2095,1329,11.2,69.7,0.9232,0,0,0,1,0,0,0
10,3.4,1343,340.0,16.2,1185,237.0,760,132.0,1857,1311,12.0,62.9,0.8803,0,0,0,1,0,0,0
11,3.0,1308,325.0,15.5,1166,220.0,792,131.0,1794,1236,12.8,55.8,0.821,0,0,0,1,0,0,0
12,2.7,1209,267.0,13.4,1097,207.0,837,129.0,1746,1147,13.1,54.8,0.8234,0,0,0,1,0,0,0
13,3.5,1310,325.0,16.9,1207,208.0,770,132.0,1847,1301,13.8,53.4,0.8351,0,0,0,1,0,0,0
14,2.8,1171,268.0,12.4,1064,160.0,881,110.0,1639,1097,16.0,42.4,0.7674,0,0,0,1,0,0,0
15,1.9,1112,136.0,10.1,980,131.0,924,99.0,1589,900,14.1,49.8,0.7971,0,0,0,1,0,0,0
16,2.0,1132,118.0,8.7,927,128.0,944,100.0,1570,781,12.0,61.1,0.8537,0,0,0,1,0,0,0
17,3.0,1225,276.0,13.8,1111,176.0,818,122.0,1719,1013,13.6,54.6,0.8465,0,0,0,1,0,0,0
18,1.9,1065,151.0,9.3,953,107.0,962,97.0,1514,790,13.7,49.5,0.7695,0,0,0,1,0,0,0
19,2.7,1236,236.0,13.0,1084,131.0,854,112.0,1688,1059,11.7,57.1,0.7822,0,0,0,1,0,0,0
20,3.3,1309,220.0,14.3,1126,166.0,812,128.0,1722,1205,11.5,58.2,0.7867,0,0,0,1,0,0,0
21,1.7,1089,87.0,7.6,884,89.0,1006,101.0,1487,975,12.6,54.2,0.7881,0,0,0,1,0,0,0
22,1.3,1000,81.0,5.3,776,81.0,1141,96.0,1375,896,12.0,54.9,0.7664,0,0,0,1,0,0,0
23,1.3,1041,74.0,5.4,782,78.0,1105,86.0,1425,911,11.0,61.4,0.8057,0,0,0,1,0,0,0
0,1.2,1045,55.0,4.9,756,70.0,1137,85.0,1411,902,11.1,62.2,0.8199,0,0,0,0,1,0,0
1,1.1,997,74.0,4.6,744,76.0,1151,79.0,1405,832,10.8,62.5,0.8082,0,0,0,0,1,0,0
2,0.9,948,35.0,2.7,634,43.0,1320,61.0,1326,715,11.3,60.0,0.8025,0,0,0,0,1,0,0
3,0.6,878,29.0,1.6,551,30.33333,1493,47.0,1272,683,10.6,61.6,0.7856,0,0,0,0,1,0,0
4,0.66667,908,29.0,1.7,559,44.0,1477,66.0,1287,721,10.2,62.7,0.7813,0,0,0,0,1,0,0
5,0.6,892,20.0,1.2,522,34.0,1572,54.0,1255,648,10.9,58.6,0.7628,0,0,0,0,1,0,0
6,0.8,954,32.0,1.7,561,43.0,1496,57.0,1255,612,10.8,57.2,0.7382,0,0,0,0,1,0,0
7,1.2,1045,84.0,4.8,751,79.0,1186,75.0,1403,800,10.4,59.2,0.7455,0,0,0,0,1,0,0
8,3.1,1383,245.0,13.8,1109,174.0,832,97.0,1706,1173,11.0,57.3,0.7501,0,0,0,0,1,0,0
9,4.4,1597,553.0,23.7,1395,235.0,652,110.0,2080,1519,11.2,56.9,0.7565,0,0,0,0,1,0,0
10,3.4,1318,450.0,14.2,1124,218.0,762,113.0,1770,1287,12.1,54.9,0.7734,0,0,0,0,1,0,0
11,1.7,1138,118.0,8.0,898,136.0,950,88.0,1505,966,15.1,44.3,0.7535,0,0,0,0,1,0,0
12,1.5,1098,118.0,6.7,842,117.0,1012,85.0,1440,828,15.6,40.6,0.7146,0,0,0,0,1,0,0
13,1.7,1118,144.0,8.7,927,119.0,959,96.0,1477,825,16.9,34.6,0.6597,0,0,0,0,1,0,0
14,2.2,1170,159.0,10.8,1009,126.0,879,106.0,1566,872,16.6,35.6,0.6697,0,0,0,0,1,0,0
15,1.86667,1112,122.0,6.7,842,100.0,1015,91.0,1494,680,11.3,63.9,0.8554,0,0,0,0,1,0,0
16,2.7,1390,230.0,11.4,1028,197.0,829,126.0,1730,1002,9.6,81.1,0.972,0,0,0,0,1,0,0
17,2.8,1353,320.0,13.4,1096,195.0,774,130.0,1783,1159,11.7,69.1,0.9497,0,0,0,0,1,0,0
18,2.7,1260,263.0,12.0,1050,156.0,828,111.0,1722,979,10.7,68.5,0.8794,0,0,0,0,1,0,0
19,4.5,1501,556.0,20.2,1302,247.0,681,134.0,2008,1311,10.7,67.3,0.8643,0,0,0,0,1,0,0
20,3.5,1273,458.0,14.4,1130,190.0,795,136.0,1744,1071,10.8,65.7,0.8486,0,0,0,0,1,0,0
21,2.6,1179,214.0,9.4,955,169.0,928,125.0,1571,899,10.3,66.3,0.8336,0,0,0,0,1,0,0
22,1.7,1047,97.0,5.9,809,118.0,1064,108.0,1435,766,10.1,66.9,0.8248,0,0,0,0,1,0,0
23,1.3,973,79.0,4.5,739,81.0,1186,87.0,1354,589,10.4,61.1,0.7717,0,0,0,0,1,0,0
0,1.3,997,81.0,4.5,737,80.0,1168,89.0,1341,631,10.3,59.9,0.7516,0,0,0,0,0,1,0
1,1.0,970,52.0,2.5,621,42.0,1400,58.0,1249,479,11.0,58.4,0.7686,0,0,0,0,0,1,0
2,0.7,902,38.0,1.8,568,38.0,1450,54.0,1253,479,9.1,68.1,0.789,0,0,0,0,0,1,0
3,0.7,921,35.0,1.4,538,30.0,1564,48.0,1224,417,9.5,68.2,0.8091,0,0,0,0,0,1,0
4,0.5,858,29.0,0.9,490,18.0,1707,28.0,1212,378,9.3,72.3,0.8496,0,0,0,0,0,1,0
5,0.5,878,21.0,0.6,457,12.0,1935,20.0,1158,344,9.9,66.8,0.8152,0,0,0,0,0,1,0
6,0.6,893,46.0,1.4,540,43.0,1604,51.0,1268,413,7.6,83.2,0.8695,0,0,0,0,0,1,0
7,1.1,1038,55.0,3.8,697,84.0,1260,82.0,1383,605,8.1,79.0,0.8544,0,0,0,0,0,1,0
8,2.7,1320,271.0,11.6,1035,184.0,902,112.0,1721,991,8.7,74.6,0.8429,0,0,0,0,0,1,0
9,3.5,1353,434.0,17.8,1235,202.0,740,119.0,1937,1175,8.6,75.1,0.8415,0,0,0,0,0,1,0
10,2.3,1133,300.0,8.8,933,133.0,969,99.0,1552,923,9.7,69.7,0.8389,0,0,0,0,0,1,0
11,1.6,1066,116.0,6.8,849,130.0,1039,98.0,1468,829,11.0,64.4,0.8447,0,0,0,0,0,1,0
12,1.3,1027,95.0,5.9,809,106.0,1081,88.0,1442,733,13.6,53.0,0.8209,0,0,0,0,0,1,0
13,2.0,1106,211.0,8.9,935,132.0,958,96.0,1570,819,14.2,48.4,0.778,0,0,0,0,0,1,0
14,1.9,1038,168.0,8.2,907,106.0,976,81.0,1492,723,14.2,46.3,0.7438,0,0,0,0,0,1,0
15,1.9,1084,154.0,8.6,924,125.0,986,92.0,1501,786,16.0,41.3,0.7462,0,0,0,0,0,1,0
16,2.2,1105,267.0,10.1,982,138.0,939,105.0,1545,850,17.7,35.4,0.7094,0,0,0,0,0,1,0
17,2.0,1102,143.0,9.4,957,120.0,968,88.0,1527,820,17.1,37.4,0.7225,0,0,0,0,0,1,0
18,2.9,1240,374.0,14.6,1137,158.0,836,103.0,1748,991,14.9,40.5,0.6835,0,0,0,0,0,1,0
19,5.2,1443,797.0,24.6,1418,253.0,666,141.0,2060,1454,13.4,47.8,0.7293,0,0,0,0,0,1,0
20,4.6,1389,698.0,21.6,1341,231.0,692,133.0,1982,1488,12.6,52.5,0.7642,0,0,0,0,0,1,0
21,2.5,1183,234.0,10.3,989,150.0,904,119.0,1539,1205,12.2,53.2,0.7555,0,0,0,0,0,1,0
22,1.5,1014,104.0,5.7,798,99.0,1083,106.0,1376,909,10.6,56.1,0.714,0,0,0,0,0,1,0
23,1.2,979,67.0,4.5,736,75.0,1154,92.0,1324,769,9.9,59.5,0.7276,0,0,0,0,0,1,0
0,1.7,1048,88.0,5.5,787,93.0,1098,97.0,1373,835,9.6,61.1,0.7323,0,0,0,0,0,0,1
1,1.4,1024,79.0,4.8,753,79.0,1131,91.0,1357,793,9.7,61.6,0.7425,0,0,0,0,0,0,1
2,1.2,974,61.0,3.6,690,67.0,1208,83.0,1313,733,9.4,62.6,0.7398,0,0,0,0,0,0,1
3,0.6,862,43.0,1.7,561,30.33333,1449,43.66667,1219,502,8.2,68.5,0.7455,0,0,0,0,0,0,1
4,0.7,925,40.0,2.2,602,45.0,1398,59.0,1263,562,8.0,69.4,0.7459,0,0,0,0,0,0,1
5,0.8,952,52.0,3.0,654,72.0,1210,73.0,1312,832,7.7,72.4,0.7655,0,0,0,0,0,0,1
6,0.9,1005,64.0,4.0,713,103.0,1130,78.0,1363,924,8.0,71.8,0.7711,0,0,0,0,0,0,1
7,1.6,1122,88.0,6.7,842,132.0,1015,90.0,1438,974,8.5,66.3,0.7375,0,0,0,0,0,0,1
8,3.4,1351,375.0,16.7,1201,239.0,783,110.0,1828,1307,9.8,59.6,0.7214,0,0,0,0,0,0,1
9,3.8,1408,592.0,19.3,1278,275.0,682,114.0,1928,1481,11.2,57.0,0.7544,0,0,0,0,0,0,1
10,3.1,1304,357.0,14.8,1142,232.0,772,119.0,1747,1405,14.8,44.1,0.7407,0,0,0,0,0,0,1
11,2.7,1207,296.0,13.4,1098,180.0,826,121.0,1664,1195,16.8,35.3,0.6729,0,0,0,0,0,0,1
12,2.0,1099,181.0,11.0,1014,112.0,948,97.0,1503,868,19.2,27.1,0.5976,0,0,0,0,0,0,1
13,2.3,1106,211.0,12.5,1068,116.0,915,99.0,1535,874,19.1,26.2,0.5741,0,0,0,0,0,0,1
14,1.9,1009,199.0,8.4,916,103.0,1015,85.0,1391,738,16.3,30.8,0.5683,0,0,0,0,0,0,1
15,1.3,962,81.0,5.3,776,89.0,1152,75.0,1279,550,14.2,36.8,0.5922,0,0,0,0,0,0,1
16,1.9,1093,143.0,8.8,933,112.0,976,87.0,1454,777,13.4,41.0,0.6292,0,0,0,0,0,0,1
17,2.3,1180,247.0,11.2,1023,127.0,886,102.0,1588,966,14.2,43.3,0.6982,0,0,0,0,0,0,1
18,2.4,1168,239.0,11.6,1037,125.0,868,105.0,1580,990,12.1,45.6,0.6403,0,0,0,0,0,0,1
19,2.7,1168,267.0,12.4,1063,120.0,876,98.0,1540,944,10.4,48.0,0.6046,0,0,0,0,0,0,1
20,2.6,1140,261.0,10.6,1000,120.0,916,93.0,1490,962,10.0,51.1,0.628,0,0,0,0,0,0,1
21,1.5,1001,97.0,6.0,811,99.0,1097,91.0,1308,778,9.8,50.8,0.6172,0,0,0,0,0,0,1
22,1.2,953,66.0,4.6,743,79.0,1185,85.0,1252,690,9.7,50.4,0.6063,0,0,0,0,0,0,1
23,1.1,972,60.0,4.1,715,66.0,1237,74.0,1258,644,9.9,50.2,0.6103,0,0,0,0,0,0,1
0,1.5,1021,77.0,5.2,776,94.0,1144,87.0,1307,753,9.4,53.4,0.63,1,0,0,0,0,0,0
1,1.0,940,57.0,3.2,664,70.0,1290,79.0,1232,646,8.6,57.8,0.6488,1,0,0,0,0,0,0
2,1.2,1046,65.0,4.5,736,75.0,1142,78.0,1312,838,8.1,62.1,0.6746,1,0,0,0,0,0,0
3,1.1,1026,59.0,3.8,699,45.0,1191,56.66667,1292,851,7.9,63.5,0.6777,1,0,0,0,0,0,0
4,0.93333,983,48.0,3.8,698,57.0,1209,63.0,1296,801,7.4,64.8,0.6683,1,0,0,0,0,0,0
5,0.8,915,27.0,1.9,578,32.0,1417,48.0,1212,665,8.2,58.9,0.6444,1,0,0,0,0,0,0
6,0.9,935,25.0,2.4,615,54.0,1373,59.0,1250,717,6.3,66.6,0.641,1,0,0,0,0,0,0
7,1.1,976,42.0,3.3,669,68.0,1270,65.0,1266,795,7.2,62.9,0.6396,1,0,0,0,0,0,0
8,1.5,1124,78.0,6.7,842,98.0,1050,71.0,1418,936,7.2,63.9,0.65,1,0,0,0,0,0,0
9,1.8,1163,128.0,8.5,919,128.0,922,84.0,1530,1076,11.1,50.5,0.6654,1,0,0,0,0,0,0
10,2.1,1167,184.0,9.7,966,129.0,942,93.0,1520,1016,15.5,36.1,0.6313,1,0,0,0,0,0,0
11,2.1,1121,156.0,9.4,955,130.0,992,99.0,1451,834,17.8,29.2,0.592,1,0,0,0,0,0,0
12,1.9,1071,176.0,9.0,940,111.0,994,93.0,1449,756,17.6,30.1,0.6013,1,0,0,0,0,0,0
13,2.1,1065,232.0,10.0,979,106.0,950,96.0,1467,766,19.1,26.8,0.5861,1,0,0,0,0,0,0
14,2.5,1157,305.0,12.6,1072,137.0,888,114.0,1596,905,17.7,28.6,0.5735,1,0,0,0,0,0,0
15,1.9,1046,150.0,7.6,883,113.0,1051,101.0,1357,765,17.8,28.4,0.5737,1,0,0,0,0,0,0
16,2.2,1147,188.0,11.8,1042,122.0,934,108.0,1538,830,18.7,26.0,0.5555,1,0,0,0,0,0,0
17,2.3,1119,221.0,11.2,1022,137.0,916,117.0,1508,853,17.1,31.3,0.6038,1,0,0,0,0,0,0
18,2.7,1210,219.0,12.4,1062,165.0,886,125.0,1586,981,15.8,36.1,0.644,1,0,0,0,0,0,0
19,3.0,1306,306.0,12.9,1079,196.0,827,133.0,1621,1286,14.7,40.1,0.6657,1,0,0,0,0,0,0
20,2.8,1258,270.0,12.2,1057,174.0,841,119.0,1633,1244,13.6,44.9,0.6991,1,0,0,0,0,0,0
21,2.2,1148,231.0,8.8,930,140.0,948,107.0,1475,1056,12.5,48.1,0.6946,1,0,0,0,0,0,0
22,1.6,1108,125.0,6.8,848,102.0,1023,96.0,1421,1003,11.8,50.8,0.7042,1,0,0,0,0,0,0
23,2.1,1231,122.0,8.6,924,130.0,906,105.0,1483,1245,10.9,56.1,0.7326,1,0,0,0,0,0,0
0,2.3,1293,161.0,8.9,937,121.0,930,102.0,1464,1200,10.9,55.9,0.7277,0,1,0,0,0,0,0
1,2.3,1274,101.0,8.3,912,111.0,939,97.0,1451,1188,10.3,58.1,0.7278,0,1,0,0,0,0,0
2,1.7,1135,95.0,6.3,827,87.0,1013,79.0,1395,1070,9.3,62.2,0.7294,0,1,0,0,0,0,0
3,2.2,1151,129.0,8.3,911,105.0,935,93.33333,1501,1075,8.2,66.7,0.7276,0,1,0,0,0,0,0
4,1.3,1010,96.0,5.1,769,77.0,1110,69.0,1396,895,8.3,64.9,0.7124,0,1,0,0,0,0,0
5,0.8,870,54.0,2.6,626,39.0,1325,52.0,1284,755,9.6,58.5,0.7,0,1,0,0,0,0,0
6,1.1,983,63.0,3.6,688,77.0,1251,62.0,1342,806,7.7,66.4,0.699,0,1,0,0,0,0,0
7,1.4,995,72.0,3.6,691,91.0,1219,69.0,1321,836,7.4,68.0,0.7043,0,1,0,0,0,0,0
8,1.3,1024,91.0,4.7,747,105.0,1136,75.0,1382,897,9.7,58.6,0.7035,0,1,0,0,0,0,0
9,1.9,1163,127.0,7.5,880,133.0,959,83.0,1486,1073,12.5,50.1,0.7242,0,1,0,0,0,0,0
10,2.3,1218,193.0,9.0,938,128.0,918,94.0,1501,1088,16.8,36.9,0.7018,0,1,0,0,0,0,0
11,2.3,1210,188.0,9.5,958,126.0,933,96.0,1514,1036,19.2,31.3,0.6887,0,1,0,0,0,0,0
12,1.8,1114,151.0,7.7,887,92.0,1020,86.0,1438,768,21.3,26.4,0.6607,0,1,0,0,0,0,0
13,1.4,995,103.0,5.7,796,66.0,1159,72.0,1287,587,21.2,23.1,0.5768,0,1,0,0,0,0,0
14,1.0,927,55.0,3.8,700,50.0,1285,53.0,1189,452,18.6,25.0,0.5319,0,1,0,0,0,0,0
15,1.4,1002,104.0,4.8,754,70.0,1189,65.0,1260,470,18.0,27.3,0.5594,0,1,0,0,0,0,0
16,1.3,987,116.0,4.3,727,73.0,1213,70.0,1244,502,18.2,28.3,0.5848,0,1,0,0,0,0,0
17,1.3,993,93.0,4.1,714,77.0,1217,75.0,1238,516,17.0,31.4,0.6048,0,1,0,0,0,0,0
18,1.4,1012,93.0,4.7,746,86.0,1174,86.0,1301,555,15.6,35.0,0.617,0,1,0,0,0,0,0
19,1.9,1114,155.0,6.2,823,93.0,1068,94.0,1357,671,14.1,40.2,0.6438,0,1,0,0,0,0,0
20,1.8,1093,115.0,5.5,789,105.0,1102,103.0,1329,788,13.4,43.2,0.6623,0,1,0,0,0,0,0
21,1.1,968,75.0,3.3,669,67.0,1261,81.0,1246,538,12.3,46.8,0.6686,0,1,0,0,0,0,0
22,1.1,960,65.0,3.2,666,63.0,1266,80.0,1224,544,11.9,46.5,0.6449,0,1,0,0,0,0,0
23,1.1,942,57.0,2.9,648,63.0,1300,77.0,1204,500,11.5,46.6,0.6319,0,1,0,0,0,0,0
0,0.9,888,40.0,2.2,598,46.0,1396,58.0,1156,417,10.6,48.0,0.6135,0,0,1,0,0,0,0
1,0.6,818,27.0,1.3,524,21.0,1588,31.0,1071,341,10.7,45.8,0.5895,0,0,1,0,0,0,0
2,0.5,840,23.0,1.1,509,22.0,1643,38.0,1076,352,10.4,46.6,0.5901,0,0,1,0,0,0,0
3,0.7,894,28.0,1.3,524,26.33333,1557,42.0,1095,397,10.1,47.8,0.5913,0,0,1,0,0,0,0
4,0.6,864,21.0,1.2,516,39.0,1496,59.0,1153,502,11.3,46.9,0.628,0,0,1,0,0,0,0
5,0.7,898,33.0,1.7,559,55.0,1441,70.0,1180,648,10.1,51.2,0.6341,0,0,1,0,0,0,0
6,0.9,946,40.0,2.9,643,76.0,1309,75.0,1232,760,9.9,50.7,0.6167,0,0,1,0,0,0,0
7,2.9,1309,279.0,14.3,1125,181.0,844,103.0,1687,1183,8.1,56.8,0.615,0,0,1,0,0,0,0
8,4.1,1326,743.0,19.7,1289,259.0,714,134.0,1806,1431,10.9,44.1,0.5748,0,0,1,0,0,0,0
9,1.5,966,147.0,5.5,786,118.0,1111,98.0,1258,705,11.8,37.6,0.5184,0,0,1,0,0,0,0
10,1.5,975,97.0,5.6,793,119.0,1133,97.0,1254,637,13.9,33.2,0.5222,0,0,1,0,0,0,0
11,1.5,988,118.0,5.8,803,123.0,1105,98.0,1293,658,15.6,30.1,0.5285,0,0,1,0,0,0,0
12,1.4,971,91.0,5.5,786,92.0,1129,78.0,1272,546,16.5,29.0,0.5406,0,0,1,0,0,0,0
13,1.6,1010,146.0,6.5,833,91.0,1070,83.0,1332,561,17.5,27.9,0.5517,0,0,1,0,0,0,0
14,1.5,984,139.0,5.5,790,103.0,1131,92.0,1268,532,17.9,26.8,0.5446,0,0,1,0,0,0,0
15,1.4,962,155.0,5.2,776,102.0,1131,81.0,1247,535,18.2,26.1,0.5387,0,0,1,0,0,0,0
16,1.5,1012,128.0,5.8,801,94.0,1098,90.0,1289,525,18.0,27.1,0.5522,0,0,1,0,0,0,0
17,1.9,1058,166.0,7.9,896,98.0,996,95.0,1358,603,17.0,28.9,0.5558,0,0,1,0,0,0,0
18,2.5,1173,299.0,10.2,985,126.0,905,114.0,1477,802,16.1,31.3,0.568,0,0,1,0,0,0,0
19,2.1,1127,163.0,8.2,907,108.0,957,106.0,1404,796,14.5,35.4,0.5839,0,0,1,0,0,0,0
20,1.6,1020,154.0,5.7,797,95.0,1066,99.0,1302,689,13.2,37.9,0.5733,0,0,1,0,0,0,0
21,1.2,949,80.0,3.8,700,78.0,1221,90.0,1178,553,13.1,34.4,0.517,0,0,1,0,0,0,0
22,1.1,930,58.0,4.0,710,61.0,1278,82.0,1137,509,13.5,28.5,0.4405,0,0,1,0,0,0,0
23,1.0,900,55.0,2.8,643,55.0,1339,74.0,1089,455,12.4,31.9,0.4583,0,0,1,0,0,0,0
0,1.0,899,33.0,2.6,630,57.0,1418,76.0,1050,425,13.1,26.8,0.4023,0,0,0,1,0,0,0
1,0.7,866,33.0,1.8,569,41.0,1468,66.0,1055,436,11.6,33.6,0.4595,0,0,0,1,0,0,0
2,0.7,900,32.0,1.7,563,46.0,1402,73.0,1130,618,10.5,42.9,0.5442,0,0,0,1,0,0,0
3,0.8,949,25.0,1.4,540,40.66667,1457,48.66667,1104,747,11.7,38.7,0.5298,0,0,0,1,0,0,0
4,0.6,897,29.0,1.3,529,41.0,1462,69.0,1101,693,12.2,37.2,0.5277,0,0,0,1,0,0,0
5,0.7,956,26.0,2.3,605,52.0,1341,71.0,1117,691,12.9,33.9,0.5037,0,0,0,1,0,0,0
6,1.1,1054,86.0,5.3,779,111.0,1080,98.0,1266,1013,11.3,40.3,0.5376,0,0,0,1,0,0,0
7,2.6,1343,294.0,13.4,1096,191.0,839,115.0,1587,1311,11.9,38.4,0.5341,0,0,0,1,0,0,0
8,4.0,1584,664.0,23.8,1399,244.0,642,130.0,1947,1675,13.3,35.6,0.5416,0,0,0,1,0,0,0
9,4.2,1556,695.0,21.5,1337,283.0,674,150.0,1852,1689,16.3,28.8,0.5305,0,0,0,1,0,0,0
10,4.7,1565,735.0,21.0,1324,320.0,695,159.0,1872,1688,17.9,28.2,0.5741,0,0,0,1,0,0,0
11,3.9,1429,649.0,18.4,1251,249.0,734,146.0,1754,1548,18.3,26.6,0.5529,0,0,0,1,0,0,0
12,3.7,1419,586.0,18.9,1267,219.0,742,138.0,1763,1490,20.8,22.5,0.5463,0,0,0,1,0,0,0
13,3.4,1373,546.0,17.1,1213,200.0,791,128.0,1711,1354,22.4,20.0,0.5352,0,0,0,1,0,0,0
14,2.2,1185,245.0,10.4,992,138.0,942,97.0,1448,1014,20.9,21.7,0.5295,0,0,0,1,0,0,0
15,1.9,1122,178.0,8.0,897,118.0,991,91.0,1372,831,19.1,26.5,0.579,0,0,0,1,0,0,0
16,1.6,1085,130.0,6.2,820,99.0,1060,81.0,1325,699,18.1,30.6,0.6295,0,0,0,1,0,0,0
17,2.1,1249,151.0,9.7,968,112.0,874,99.0,1527,926,17.3,34.7,0.6788,0,0,0,1,0,0,0
18,2.2,1236,272.0,9.6,962,117.0,853,101.0,1532,928,15.8,40.4,0.7228,0,0,0,1,0,0,0
19,2.7,1334,301.0,11.9,1047,129.0,815,106.0,1638,1038,15.9,42.0,0.7541,0,0,0,1,0,0,0
20,2.4,1264,237.0,8.7,928,132.0,884,102.0,1534,1035,15.9,43.5,0.779,0,0,0,1,0,0,0
21,1.3,1073,95.0,4.7,746,73.0,1072,84.0,1360,789,15.0,46.1,0.7833,0,0,0,1,0,0,0
22,1.2,1053,68.0,3.8,701,68.0,1147,81.0,1323,692,15.1,44.6,0.7574,0,0,0,1,0,0,0
23,1.5,1098,101.0,4.7,747,80.0,1094,91.0,1360,764,14.9,43.5,0.7302,0,0,0,1,0,0,0
0,1.3,1029,81.0,3.8,702,68.0,1180,82.0,1287,639,14.8,41.0,0.685,0,0,0,0,1,0,0
1,1.0,973,50.0,2.7,631,44.0,1287,64.0,1240,541,14.8,40.8,0.6814,0,0,0,0,1,0,0
2,0.9,972,66.0,2.8,639,47.0,1222,70.0,1256,678,14.8,40.8,0.6834,0,0,0,0,1,0,0
3,0.5,832,22.0,1.0,496,26.33333,1613,39.66667,1066,381,14.2,36.1,0.5823,0,0,0,0,1,0,0
4,0.5,851,18.0,0.8,477,15.0,1699,26.0,1064,343,14.5,36.1,0.5928,0,0,0,0,1,0,0
5,0.6,909,31.0,1.5,545,44.0,1473,58.0,1131,436,14.6,36.0,0.5947,0,0,0,0,1,0,0
6,1.0,1038,57.0,3.5,684,85.0,1220,93.0,1279,688,14.4,38.5,0.6291,0,0,0,0,1,0,0
7,3.1,1636,342.0,15.6,1168,207.0,721,110.0,1926,1438,13.8,58.2,0.9129,0,0,0,0,1,0,0
8,4.1,1580,644.0,19.9,1295,230.0,639,115.0,1957,1489,13.2,61.1,0.9256,0,0,0,0,1,0,0
9,2.2,1262,216.0,8.6,924,181.0,872,125.0,1576,1093,10.4,74.4,0.9384,0,0,0,0,1,0,0
10,1.7,1197,117.0,6.5,837,144.0,957,118.0,1498,965,11.5,71.0,0.9582,0,0,0,0,1,0,0
11,1.9,1277,156.0,7.7,886,140.0,902,109.0,1579,1004,12.2,70.0,0.9924,0,0,0,0,1,0,0
12,2.9,1430,332.0,11.3,1025,204.0,779,123.0,1772,1166,12.3,73.3,1.0442,0,0,0,0,1,0,0
13,2.2,1242,232.0,9.1,944,149.0,846,114.0,1638,991,11.3,78.1,1.0411,0,0,0,0,1,0,0
14,2.6,1349,295.0,11.2,1023,171.0,804,114.0,1748,1054,13.6,69.2,1.0746,0,0,0,0,1,0,0
15,3.1,1390,386.0,13.5,1100,195.0,755,119.0,1799,1192,14.9,59.3,0.9974,0,0,0,0,1,0,0
16,2.3,1224,278.0,10.1,980,152.0,850,111.0,1637,1055,15.7,50.9,0.8997,0,0,0,0,1,0,0
17,2.4,1253,263.0,11.3,1026,128.0,810,103.0,1681,1048,15.2,52.9,0.9087,0,0,0,0,1,0,0
18,2.8,1312,322.0,11.8,1041,121.0,821,103.0,1712,1073,15.5,50.8,0.8881,0,0,0,0,1,0,0
19,2.7,1254,226.0,11.5,1033,142.0,819,107.0,1669,1068,14.3,52.9,0.8581,0,0,0,0,1,0,0
20,2.3,1198,221.0,9.3,953,131.0,882,105.0,1588,1019,13.2,56.0,0.8446,0,0,0,0,1,0,0
21,1.5,1060,109.0,5.5,787,81.0,1044,91.0,1418,833,12.6,57.0,0.8315,0,0,0,0,1,0,0
22,1.4,1050,105.0,5.1,769,60.0,1078,79.0,1409,759,12.3,57.8,0.8224,0,0,0,0,1,0,0
23,1.2,1029,84.0,4.8,754,57.0,1098,79.0,1395,749,12.0,58.4,0.8164,0,0,0,0,1,0,0
0,1.6,1143,106.0,6.3,825,96.0,986,86.0,1477,978,12.0,61.6,0.8593,0,0,0,0,0,1,0
1,1.2,1044,100.0,5.1,770,85.0,1031,70.0,1425,944,11.5,63.9,0.8652,0,0,0,0,0,1,0
2,1.1,1034,71.0,4.1,716,50.0,1085,55.0,1405,891,10.7,67.2,0.863,0,0,0,0,0,1,0
3,0.9,956,72.0,4.0,713,64.66667,1099,66.33333,1422,849,9.0,73.1,0.8394,0,0,0,0,0,1,0
4,0.7,909,44.0,2.4,615,57.0,1237,49.0,1322,790,10.2,66.6,0.8299,0,0,0,0,0,1,0
5,0.9,996,45.0,2.9,648,64.0,1176,50.0,1340,852,11.0,63.7,0.8325,0,0,0,0,0,1,0
6,1.7,1154,134.0,7.4,876,153.0,1002,67.0,1561,987,9.6,68.8,0.8243,0,0,0,0,0,1,0
7,4.2,1510,505.0,19.8,1291,342.0,675,94.0,1949,1435,9.5,69.6,0.8273,0,0,0,0,0,1,0
8,6.2,1722,1042.0,31.9,1595,378.0,539,119.0,2439,1798,11.9,60.9,0.8455,0,0,0,0,0,1,0
9,4.6,1512,737.0,21.0,1323,304.0,631,139.0,2001,1677,16.2,48.6,0.8892,0,0,0,0,0,1,0
10,2.8,1258,375.0,11.7,1040,192.0,800,113.0,1701,1282,19.2,39.6,0.8693,0,0,0,0,0,1,0
11,1.6,1094,124.0,6.8,850,130.0,970,88.0,1489,871,19.7,38.4,0.8743,0,0,0,0,0,1,0
12,1.7,1129,137.0,7.4,875,106.0,974,73.0,1524,759,20.6,36.7,0.8797,0,0,0,0,0,1,0
13,1.7,1125,179.0,8.6,924,102.0,937,73.0,1542,790,21.8,33.9,0.8771,0,0,0,0,0,1,0
17,3.3,1308,388.0,16.4,1193,163.0,793,106.0,1193,1187,23.6,27.5,0.7913,0,0,0,0,0,1,0
18,4.2,1529,589.0,21.2,1331,211.0,700,132.0,2028,1399,22.8,32.1,0.8814,0,0,0,0,0,1,0
19,5.5,1592,840.0,25.0,1429,267.0,624,164.0,2089,1644,20.8,36.7,0.8878,0,0,0,0,0,1,0
20,4.9,1536,655.0,20.2,1302,269.0,666,161.0,1922,1599,18.3,40.9,0.8493,0,0,0,0,0,1,0
21,2.5,1192,254.0,10.8,1007,154.0,827,124.0,1604,1223,16.8,44.0,0.8341,0,0,0,0,0,1,0
22,2.0,1186,188.0,9.9,976,127.0,844,113.0,1570,1200,15.8,48.0,0.8569,0,0,0,0,0,1,0
23,2.0,1203,120.0,8.5,920,122.0,898,103.0,1529,1118,14.9,52.0,0.8757,0,0,0,0,0,1,0
0,2.0,1139,157.0,8.0,899,126.0,921,104.0,1514,1067,14.1,54.4,0.8701,0,0,0,0,0,0,1
1,1.3,1072,88.0,5.6,795,84.0,986,93.0,1442,1048,13.3,58.8,0.8922,0,0,0,0,0,0,1
2,1.0,954,68.0,3.2,667,58.0,1180,60.0,1350,718,13.3,60.9,0.9229,0,0,0,0,0,0,1
3,0.9,951,57.0,3.3,673,74.0,1137,77.33333,1381,797,11.8,64.3,0.8869,0,0,0,0,0,0,1
4,0.83333,926,36.0,2.8,638,37.0,1195,52.0,1342,749,11.2,65.9,0.8775,0,0,0,0,0,0,1
5,0.7,968,51.0,2.6,628,56.0,1197,66.0,1372,737,11.3,72.9,0.9738,0,0,0,0,0,0,1
6,1.1,1067,93.0,4.3,727,91.0,1055,82.0,1448,903,11.4,71.8,0.9671,0,0,0,0,0,0,1
7,2.6,1386,284.0,13.0,1083,159.0,798,109.0,1833,1159,11.9,73.7,1.0254,0,0,0,0,0,0,1
8,3.9,1474,486.0,20.3,1306,190.0,634,114.0,2060,1365,12.6,70.2,1.0221,0,0,0,0,0,0,1
9,5.0,1569,798.0,20.7,1316,249.0,634,139.0,2054,1510,13.6,65.3,1.0136,0,0,0,0,0,0,1
10,3.3,1375,524.0,15.9,1177,196.0,706,127.0,1898,1386,16.9,52.3,1.0013,0,0,0,0,0,0,1
11,2.9,1328,468.0,14.2,1123,180.0,738,127.0,1821,1368,19.4,44.1,0.9855,0,0,0,0,0,0,1
12,3.1,1341,454.0,15.9,1176,167.0,748,135.0,1825,1347,22.9,33.8,0.9322,0,0,0,0,0,0,1
13,3.0,1297,461.0,16.1,1183,159.0,765,130.0,1773,1242,23.6,31.3,0.9001,0,0,0,0,0,0,1
14,2.7,1303,391.0,14.7,1139,152.0,790,126.0,1761,1138,24.7,30.5,0.9371,0,0,0,0,0,0,1
15,2.7,1281,337.0,14.0,1116,149.0,809,121.0,1703,1080,26.1,27.3,0.9101,0,0,0,0,0,0,1
16,2.6,1248,297.0,13.6,1103,143.0,872,122.0,1632,1002,27.6,22.8,0.8288,0,0,0,0,0,0,1
17,3.7,1382,588.0,19.7,1288,185.0,778,138.0,1799,1212,26.9,22.3,0.7792,0,0,0,0,0,0,1
18,4.5,1491,721.0,23.3,1385,223.0,685,165.0,1915,1486,24.3,30.1,0.9012,0,0,0,0,0,0,1
19,4.7,1620,710.0,24.1,1407,215.0,641,154.0,2052,1567,21.2,40.1,0.9978,0,0,0,0,0,0,1
20,5.5,1693,787.0,25.4,1439,271.0,618,168.0,2083,1723,19.4,42.5,0.9483,0,0,0,0,0,0,1
21,3.0,1374,415.0,14.1,1121,180.0,771,146.0,1685,1399,18.5,43.0,0.9074,0,0,0,0,0,0,1
22,1.9,1287,245.0,10.1,982,115.0,841,124.0,1582,1291,17.8,47.0,0.9467,0,0,0,0,0,0,1
23,2.3,1408,294.0,12.1,1052,149.0,761,124.0,1684,1443,16.8,53.2,1.01,0,0,0,0,0,0,1
0,1.6,1254,139.0,9.0,941,98.0,828,106.0,1566,1270,17.1,51.8,0.999,1,0,0,0,0,0,0
1,1.3,1141,98.0,6.3,827,73.0,936,88.0,1488,1110,16.2,54.2,0.9933,1,0,0,0,0,0,0
2,1.2,1141,88.0,5.3,777,69.0,986,83.0,1455,1060,15.1,58.2,0.9886,1,0,0,0,0,0,0
3,0.9,1042,66.0,3.8,697,42.33333,1056,53.33333,1410,965,15.1,57.6,0.9796,1,0,0,0,0,0,0
4,0.8,986,57.0,3.0,651,60.0,1145,74.0,1380,891,14.5,58.0,0.9488,1,0,0,0,0,0,0
5,0.8,1005,57.0,3.3,673,56.0,1103,64.0,1387,905,13.7,61.6,0.9631,1,0,0,0,0,0,0
6,0.9,1041,60.0,3.5,683,73.0,1112,69.0,1398,899,13.9,59.6,0.9408,1,0,0,0,0,0,0
7,2.0,1272,200.0,9.5,959,159.0,846,91.0,1660,1136,13.3,61.7,0.9399,1,0,0,0,0,0,0
8,3.0,1436,451.0,15.2,1154,203.0,704,96.0,1872,1391,15.1,55.8,0.9486,1,0,0,0,0,0,0
9,3.1,1472,422.0,14.3,1126,211.0,720,106.0,1816,1460,17.0,50.5,0.9684,1,0,0,0,0,0,0
10,3.1,1461,424.0,14.3,1127,236.0,703,124.0,1836,1451,15.6,57.4,1.0075,0,0,1,0,0,0,0
11,3.0,1430,339.0,13.7,1107,228.0,713,121.0,1853,1409,16.6,55.2,1.0382,0,0,1,0,0,0,0
12,3.2,1498,445.0,15.7,1171,206.0,684,114.0,1942,1434,17.0,54.3,1.0434,0,0,1,0,0,0,0
13,3.1,1454,535.0,15.4,1162,188.0,682,114.0,1915,1457,18.0,51.5,1.0552,0,0,1,0,0,0,0
14,2.5,1402,278.0,12.6,1069,158.0,733,106.0,1793,1325,19.5,47.5,1.0653,0,0,1,0,0,0,0
15,2.1,1327,256.0,9.8,971,124.0,803,89.0,1705,1120,21.6,41.7,1.0606,0,0,1,0,0,0,0
16,2.0,1273,245.0,9.6,963,98.0,832,82.0,1662,931,22.2,38.3,1.0106,0,0,1,0,0,0,0
17,3.2,1457,458.0,16.3,1190,160.0,678,111.0,1877,1212,20.3,42.8,1.0053,0,0,1,0,0,0,0
18,4.1,1543,710.0,19.8,1290,194.0,631,132.0,2011,1353,19.7,45.4,1.0312,0,0,1,0,0,0,0
19,3.9,1499,678.0,18.0,1239,174.0,651,121.0,1957,1359,18.8,47.5,1.0199,0,0,1,0,0,0,0
20,3.1,1378,436.0,13.6,1102,157.0,742,116.0,1796,1273,17.9,49.4,1.0064,0,0,1,0,0,0,0
21,2.0,1243,178.0,8.7,928,109.0,852,100.0,1622,1079,17.5,50.9,1.009,0,0,1,0,0,0,0
22,1.7,1196,160.0,7.7,885,85.0,884,89.0,1589,973,17.4,51.8,1.023,0,0,1,0,0,0,0
23,1.6,1137,177.0,7.3,869,90.0,890,92.0,1554,951,17.0,53.9,1.0363,0,0,1,0,0,0,0
0,1.0,1015,101.0,4.1,718,61.0,1065,71.0,1428,714,16.6,55.4,1.0408,0,0,0,1,0,0,0
1,0.8,978,66.0,2.7,635,36.0,1188,51.0,1382,579,15.9,57.0,1.0224,0,0,0,1,0,0,0
2,0.5,933,40.0,1.5,547,25.0,1357,39.0,1336,542,15.0,59.2,1.0059,0,0,0,1,0,0,0
3,0.5,927,54.0,1.9,579,45.0,1267,53.33333,1370,562,14.5,61.4,1.0041,0,0,0,1,0,0,0
4,0.5,908,39.0,1.8,569,24.0,1303,35.0,1360,526,14.1,61.6,0.9883,0,0,0,1,0,0,0
5,0.8,980,62.0,3.4,677,73.0,1141,64.0,1435,659,14.6,58.8,0.9711,0,0,0,1,0,0,0
6,1.7,1236,120.0,8.5,920,164.0,880,94.0,1641,1012,14.4,58.9,0.9594,0,0,0,1,0,0,0
7,4.5,1664,599.0,24.1,1407,329.0,594,134.0,2198,1564,15.3,55.2,0.9538,0,0,0,1,0,0,0
8,6.2,1757,1084.0,33.7,1636,302.0,494,129.0,2560,1806,16.2,52.5,0.9576,0,0,0,1,0,0,0
9,4.4,1524,776.0,22.0,1350,256.0,588,125.0,2096,1604,18.4,46.3,0.9734,0,0,0,1,0,0,0
10,2.9,1329,470.0,14.1,1119,182.0,707,107.0,1823,1288,19.6,41.8,0.9407,0,0,0,1,0,0,0
11,1.6,1167,169.0,7.6,884,105.0,881,78.0,1580,931,20.2,40.1,0.937,0,0,0,1,0,0,0
12,2.6,1369,304.0,14.5,1132,136.0,715,91.0,1818,1162,20.9,36.6,0.8939,0,0,0,1,0,0,0
13,2.9,1284,405.0,13.6,1103,167.0,755,116.0,1704,1064,20.4,34.7,0.8229,0,0,0,1,0,0,0
14,2.5,1221,297.0,11.5,1032,166.0,811,131.0,1630,913,19.3,35.4,0.7813,0,0,0,1,0,0,0
15,1.9,1096,220.0,9.2,947,115.0,872,113.0,1519,684,18.6,36.9,0.7829,0,0,0,1,0,0,0
16,1.9,1143,226.0,10.3,988,109.0,849,98.0,1590,710,18.8,36.8,0.7883,0,0,0,1,0,0,0
17,2.7,1251,456.0,14.0,1116,143.0,760,116.0,1716,923,17.5,40.6,0.8068,0,0,0,1,0,0,0
18,3.0,1268,470.0,15.0,1148,159.0,728,120.0,1776,1006,16.8,44.3,0.8428,0,0,0,1,0,0,0
19,3.3,1314,503.0,15.1,1150,181.0,726,126.0,1784,1083,16.3,47.7,0.8746,0,0,0,1,0,0,0
20,3.2,1315,459.0,14.8,1142,178.0,724,126.0,1807,1161,15.6,50.7,0.8947,0,0,0,1,0,0,0
21,1.8,1095,227.0,8.5,918,91.0,896,90.0,1527,800,15.7,49.4,0.8768,0,0,0,1,0,0,0
22,1.3,1027,152.0,5.9,808,76.0,996,81.0,1458,647,15.8,48.6,0.8653,0,0,0,1,0,0,0
23,1.1,1012,94.0,4.8,752,66.0,1053,74.0,1393,649,15.7,47.0,0.8325,0,0,0,1,0,0,0
0,0.9,948,93.0,4.0,710,56.0,1127,67.0,1352,575,15.7,45.9,0.8121,0,0,0,0,1,0,0
1,0.7,889,49.0,2.3,603,35.0,1308,46.0,1271,455,15.6,44.9,0.792,0,0,0,0,1,0,0
2,0.4,830,30.0,1.4,538,21.0,1475,30.0,1214,392,15.6,44.4,0.7827,0,0,0,0,1,0,0
3,0.3,801,30.0,0.7,464,27.33333,1749,39.66667,1154,340,16.1,42.4,0.7718,0,0,0,0,1,0,0
4,0.3,804,30.0,0.7,468,12.0,1826,19.0,1166,320,15.7,45.4,0.8063,0,0,0,0,1,0,0
5,0.3,824,32.0,0.8,478,22.0,1705,32.0,1200,331,15.3,50.1,0.8617,0,0,0,0,1,0,0
6,0.8,1000,59.0,3.6,688,55.0,1257,61.0,1398,426,14.2,58.6,0.9443,0,0,0,0,1,0,0
7,2.8,1307,277.0,12.9,1082,152.0,777,111.0,1769,830,14.3,58.2,0.9431,0,0,0,0,1,0,0
8,3.1,1286,454.0,15.7,1171,153.0,716,102.0,1821,1006,15.0,52.0,0.8817,0,0,0,0,1,0,0
9,2.3,1150,211.0,8.6,925,152.0,865,116.0,1576,820,13.6,61.4,0.9519,0,0,0,0,1,0,0
10,1.6,1087,196.0,7.4,876,112.0,911,96.0,1554,737,16.1,53.1,0.9675,0,0,0,0,1,0,0
11,1.5,1016,110.0,6.6,839,119.0,991,97.0,1448,790,16.6,44.3,0.8294,0,0,0,0,1,0,0
12,1.6,1029,164.0,7.8,892,122.0,937,110.0,1474,760,17.4,40.3,0.7922,0,0,0,0,1,0,0
13,1.8,1109,151.0,9.1,943,115.0,883,103.0,1604,767,18.1,42.2,0.8679,0,0,0,0,1,0,0
14,1.4,997,112.0,6.1,817,84.0,1030,79.0,1426,626,14.4,51.8,0.8433,0,0,0,0,1,0,0
15,1.9,1177,117.0,7.5,880,146.0,927,104.0,1552,776,10.9,76.4,0.9953,0,0,0,0,1,0,0
16,1.2,1045,120.0,5.9,808,65.0,1038,69.0,1421,589,16.4,47.7,0.8819,0,0,0,0,1,0,0
17,2.3,1171,251.0,12.7,1073,120.0,847,96.0,1623,872,18.0,37.1,0.7598,0,0,0,0,1,0,0
18,3.3,1221,435.0,13.5,1101,185.0,799,121.0,1700,996,14.7,48.7,0.8089,0,0,0,0,1,0,0
19,3.1,1262,345.0,14.5,1133,157.0,774,129.0,1748,1033,11.3,71.3,0.9514,0,0,0,0,1,0,0
20,3.3,1207,343.0,11.0,1013,174.0,876,116.0,1632,982,10.0,74.0,0.9087,0,0,0,0,1,0,0
21,1.2,956,62.0,3.2,666,62.0,1235,71.0,1282,518,9.8,71.8,0.8702,0,0,0,0,1,0,0
22,1.3,1020,70.0,4.3,727,81.0,1153,85.0,1391,631,9.3,75.2,0.8796,0,0,0,0,1,0,0
23,1.9,1107,114.0,7.1,861,118.0,957,101.0,1510,879,9.6,76.0,0.9088,0,0,0,0,1,0,0
0,1.4,1020,88.0,4.8,752,95.0,1074,97.0,1398,839,9.3,75.0,0.8799,0,0,0,0,0,1,0
1,1.5,1051,95.0,5.7,798,84.0,1016,89.0,1455,876,9.0,76.7,0.8825,0,0,0,0,0,1,0
2,1.1,965,83.0,4.1,716,56.0,1087,72.0,1383,827,8.2,79.6,0.8672,0,0,0,0,0,1,0
3,0.8,890,63.0,3.3,672,60.33333,1183,62.33333,1338,781,7.6,80.6,0.8437,0,0,0,0,0,1,0
4,0.6,823,38.0,1.8,568,43.0,1366,57.0,1263,699,8.3,75.6,0.8302,0,0,0,0,0,1,0
5,0.8,869,68.0,2.8,642,69.0,1291,62.0,1288,723,8.1,72.1,0.7798,0,0,0,0,0,1,0
6,1.1,939,59.0,4.8,754,74.0,1169,64.0,1384,797,8.1,70.4,0.7609,0,0,0,0,0,1,0
7,2.6,1274,226.0,13.8,1109,161.0,820,80.0,1723,1138,8.1,70.5,0.7627,0,0,0,0,0,1,0
8,5.1,1512,802.0,27.1,1482,308.0,596,118.0,2189,1605,9.9,64.3,0.7859,0,0,0,0,0,1,0
9,4.2,1435,585.0,19.1,1271,300.0,676,130.0,1885,1569,13.0,54.2,0.809,0,0,0,0,0,1,0
10,2.6,1207,324.0,11.7,1041,189.0,813,113.0,1620,1319,16.5,42.6,0.7912,0,0,0,0,0,1,0
11,2.4,1223,308.0,12.7,1075,164.0,818,112.0,1678,1198,19.3,34.2,0.7566,0,0,0,0,0,1,0
12,2.1,1121,238.0,11.3,1026,122.0,865,96.0,1541,958,21.5,27.4,0.6941,0,0,0,0,0,1,0
13,2.6,1176,301.0,14.2,1123,166.0,816,125.0,1609,1068,20.4,26.7,0.6323,0,0,0,0,0,1,0
14,2.8,1144,294.0,13.9,1114,181.0,845,128.0,1551,1010,20.6,22.6,0.5432,0,0,0,0,0,1,0
15,2.5,1136,353.0,13.2,1089,127.0,856,101.0,1552,928,20.6,24.8,0.5931,0,0,0,0,0,1,0
16,1.9,1085,209.0,10.7,1004,106.0,888,95.0,1454,816,21.0,25.4,0.6264,0,0,0,0,0,1,0
17,3.6,1297,538.0,19.7,1287,192.0,723,138.0,1798,1216,21.5,24.5,0.6203,0,0,0,0,0,1,0
18,4.6,1408,808.0,24.0,1404,241.0,646,154.0,1972,1463,19.3,28.6,0.6357,0,0,0,0,0,1,0
19,6.3,1618,974.0,29.1,1530,326.0,579,171.0,2167,1791,18.0,32.9,0.6737,0,0,0,0,0,1,0
20,4.3,1319,544.0,15.8,1172,232.0,746,136.0,1699,1425,15.8,39.8,0.7096,0,0,0,0,0,1,0
21,1.6,1045,138.0,7.0,857,92.0,968,93.0,1410,922,15.3,41.5,0.7194,0,0,0,0,0,1,0
22,1.4,1058,92.0,6.3,824,95.0,993,99.0,1411,971,14.1,46.0,0.7363,0,0,0,0,0,1,0
23,2.3,1176,169.0,8.4,917,157.0,866,95.0,1560,1151,12.0,67.9,0.9523,0,0,0,0,0,0,1
0,1.3,1047,77.0,5.4,783,83.0,1014,79.0,1449,975,12.0,66.9,0.9336,1,0,0,0,0,0,0
1,1.7,1116,98.0,6.9,854,118.0,929,78.0,1533,1034,11.5,70.1,0.9503,1,0,0,0,0,0,0
2,1.7,1074,102.0,6.4,832,101.0,951,75.0,1507,980,11.4,69.8,0.939,1,0,0,0,0,0,0
3,1.0,922,65.0,3.6,687,50.66667,1142,64.33333,1390,825,11.1,69.3,0.9128,1,0,0,0,0,0,0
4,0.8,898,69.0,3.3,669,46.0,1163,52.0,1386,807,10.8,70.3,0.9092,1,0,0,0,0,0,0
5,1.0,970,89.0,4.0,708,81.0,1121,55.0,1435,842,10.2,73.4,0.9129,1,0,0,0,0,0,0
6,1.4,1073,134.0,6.0,812,112.0,988,65.0,1500,950,10.8,70.5,0.9142,1,0,0,0,0,0,0
7,1.7,1081,157.0,8.2,906,150.0,895,72.0,1591,1024,11.0,71.0,0.9279,1,0,0,0,0,0,0
8,2.0,1159,167.0,9.9,976,138.0,837,76.0,1663,1098,12.4,64.0,0.9206,1,0,0,0,0,0,0
9,2.0,1112,157.0,8.8,931,124.0,869,84.0,1588,1011,15.0,53.1,0.8993,1,0,0,0,0,0,0
10,1.9,1112,172.0,8.4,917,124.0,897,90.0,1542,931,16.6,44.4,0.8313,1,0,0,0,0,0,0
11,2.1,1063,114.0,7.5,877,115.0,971,89.0,1481,811,18.0,38.4,0.7862,1,0,0,0,0,0,0
12,1.8,1032,166.0,7.8,892,101.0,973,87.0,1457,756,20.6,30.0,0.7213,1,0,0,0,0,0,0
13,1.5,936,94.0,6.4,829,90.0,1054,88.0,1336,607,19.9,26.7,0.6137,1,0,0,0,0,0,0
14,1.3,883,108.0,5.1,766,90.0,1152,81.0,1238,498,19.8,23.1,0.5283,1,0,0,0,0,0,0
15,1.4,942,98.0,6.9,852,89.0,1055,89.0,1318,540,21.4,22.7,0.5722,1,0,0,0,0,0,0
16,1.5,943,132.0,6.8,850,92.0,1084,91.0,1296,544,22.1,21.3,0.5605,1,0,0,0,0,0,0
17,1.7,1007,144.0,7.4,875,103.0,1027,104.0,1357,620,21.1,24.5,0.604,1,0,0,0,0,0,0
18,2.0,1037,165.0,8.7,927,122.0,949,111.0,1426,740,18.3,31.6,0.6562,1,0,0,0,0,0,0
19,2.5,1127,210.0,11.2,1022,159.0,871,129.0,1534,921,16.1,35.0,0.6372,1,0,0,0,0,0,0
20,2.4,1123,277.0,10.5,996,172.0,861,133.0,1551,1033,14.8,41.5,0.6929,1,0,0,0,0,0,0
21,2.0,1110,168.0,8.2,909,125.0,916,115.0,1487,984,13.2,50.3,0.7577,1,0,0,0,0,0,0
22,2.9,1247,248.0,11.6,1037,187.0,812,125.0,1618,1193,12.3,55.5,0.7916,1,0,0,0,0,0,0
23,2.5,1220,235.0,9.7,967,174.0,844,117.0,1545,1219,11.8,56.6,0.7833,1,0,0,0,0,0,0
0,1.4,1028,84.0,5.1,770,75.0,1047,84.0,1326,913,11.2,56.2,0.7469,0,1,0,0,0,0,0
1,1.2,978,75.0,4.0,711,48.0,1144,63.0,1304,750,11.0,56.6,0.7418,0,1,0,0,0,0,0
2,1.0,949,62.0,3.7,694,61.0,1160,68.0,1310,772,9.3,64.3,0.7531,0,1,0,0,0,0,0
3,1.0,910,66.0,4.0,709,59.0,1162,65.33333,1329,712,8.8,66.0,0.7501,0,1,0,0,0,0,0
4,0.7,863,49.0,3.0,651,38.0,1224,52.0,1286,712,7.8,70.4,0.7463,0,1,0,0,0,0,0
5,0.7,836,38.0,2.9,643,38.0,1244,49.0,1306,727,7.7,70.7,0.7463,0,1,0,0,0,0,0
6,0.8,856,44.0,2.9,644,41.0,1259,49.0,1301,746,7.4,71.0,0.7346,0,1,0,0,0,0,0
7,0.9,888,60.0,3.0,651,51.0,1240,52.0,1298,733,8.2,66.6,0.7283,0,1,0,0,0,0,0
8,1.1,912,88.0,3.7,694,61.0,1196,58.0,1343,727,8.7,64.3,0.7267,0,1,0,0,0,0,0
9,1.0,938,70.0,3.9,706,47.0,1177,51.0,1320,642,13.0,47.9,0.7116,0,1,0,0,0,0,0
10,1.6,1053,94.0,6.2,823,87.0,1040,77.0,1386,810,17.4,35.4,0.699,0,1,0,0,0,0,0
11,1.8,1087,126.0,7.3,870,107.0,1014,90.0,1412,851,20.2,29.2,0.683,0,1,0,0,0,0,0
12,2.6,1153,181.0,9.2,945,161.0,969,118.0,1425,911,22.7,22.9,0.6224,0,1,0,0,0,0,0
13,1.1,894,66.0,4.0,710,61.0,1209,70.0,1200,611,22.3,22.4,0.5955,0,1,0,0,0,0,0
14,0.6,797,54.0,2.3,606,26.0,1452,35.0,1076,368,22.2,18.9,0.4993,0,1,0,0,0,0,0
15,0.9,854,48.0,3.1,658,42.0,1409,46.0,1108,369,22.0,19.0,0.4969,0,1,0,0,0,0,0
16,1.0,892,66.0,3.2,665,55.0,1348,58.0,1150,394,21.0,23.6,0.5788,0,1,0,0,0,0,0
17,1.2,935,65.0,3.3,672,65.0,1299,61.0,1183,415,19.6,27.4,0.6162,0,1,0,0,0,0,0
18,1.4,989,68.0,4.0,709,75.0,1225,80.0,1233,469,17.9,30.8,0.6258,0,1,0,0,0,0,0
19,2.0,1063,118.0,5.7,797,93.0,1079,93.0,1285,607,16.4,35.3,0.6532,0,1,0,0,0,0,0
20,1.1,922,65.0,3.4,674,63.0,1220,78.0,1205,498,15.6,37.5,0.6575,0,1,0,0,0,0,0
21,1.1,925,63.0,3.5,680,60.0,1223,76.0,1217,481,15.5,36.7,0.6438,0,1,0,0,0,0,0
22,1.1,924,61.0,2.9,648,63.0,1272,74.0,1186,465,14.5,39.0,0.6428,0,1,0,0,0,0,0
23,1.1,914,63.0,3.1,661,66.0,1256,81.0,1187,478,14.2,38.2,0.6163,0,1,0,0,0,0,0
0,0.7,840,31.0,1.6,556,41.0,1474,58.0,1094,366,13.7,38.3,0.5957,0,0,1,0,0,0,0
1,0.6,799,29.0,1.1,514,42.0,1615,59.0,1036,332,14.1,34.0,0.5442,0,0,1,0,0,0,0
2,0.7,856,34.0,2.0,581,36.0,1448,54.0,1111,346,14.6,34.0,0.5605,0,0,1,0,0,0,0
3,0.6,830,34.0,1.7,560,26.33333,1452,42.0,1066,350,14.4,32.8,0.5364,0,0,1,0,0,0,0
4,0.3,753,9.0,0.7,462,16.0,1822,25.0,955,274,13.9,30.9,0.4868,0,0,1,0,0,0,0
5,0.3,785,14.0,0.5,448,16.0,1923,26.0,1003,263,13.5,37.9,0.5852,0,0,1,0,0,0,0
6,0.4,835,23.0,0.7,472,33.0,1756,49.0,1117,314,13.9,43.6,0.6871,0,0,1,0,0,0,0
7,0.5,865,36.0,0.9,494,39.0,1613,53.0,1185,367,13.5,50.1,0.7706,0,0,1,0,0,0,0
8,0.6,922,39.0,1.5,541,45.0,1453,57.0,1246,432,13.3,53.6,0.8169,0,0,1,0,0,0,0
9,0.8,975,38.0,2.2,598,63.0,1268,73.0,1293,536,13.4,56.0,0.8576,0,0,1,0,0,0,0
10,1.0,1040,55.0,2.9,646,71.0,1210,78.0,1325,555,13.0,59.6,0.886,0,0,1,0,0,0,0
11,1.3,1115,75.0,3.9,707,104.0,1105,93.0,1384,677,12.7,62.7,0.9173,0,0,1,0,0,0,0
12,1.1,1004,64.0,2.8,641,85.0,1201,71.0,1305,557,12.1,60.5,0.8505,0,0,1,0,0,0,0
13,0.6,895,39.0,1.4,536,53.0,1415,56.0,1229,421,11.2,64.4,0.8537,0,0,1,0,0,0,0
14,0.7,917,42.0,1.7,563,58.0,1415,60.0,1257,423,10.7,67.6,0.8703,0,0,1,0,0,0,0
15,1.2,1025,78.0,3.6,689,89.0,1189,77.0,1325,519,11.4,61.2,0.8236,0,0,1,0,0,0,0
16,1.4,1035,69.0,3.1,660,96.0,1222,82.0,1301,533,9.9,70.5,0.8581,0,0,1,0,0,0,0
17,1.2,1025,67.0,3.5,682,88.0,1197,77.0,1313,537,10.3,65.2,0.8151,0,0,1,0,0,0,0
18,1.3,1040,83.0,3.9,705,100.0,1149,91.0,1324,612,11.0,58.9,0.7714,0,0,1,0,0,0,0
19,1.8,1070,79.0,5.2,776,127.0,1065,93.0,1369,697,10.6,59.5,0.7595,0,0,1,0,0,0,0
20,1.2,964,68.0,3.7,692,88.0,1176,82.0,1292,573,10.6,57.7,0.7362,0,0,1,0,0,0,0
21,0.8,904,56.0,2.7,635,66.0,1269,74.0,1233,489,10.6,56.1,0.7149,0,0,1,0,0,0,0
22,0.8,913,49.0,2.6,626,61.0,1271,68.0,1234,474,10.3,58.0,0.7239,0,0,1,0,0,0,0
23,0.8,914,56.0,2.4,610,54.0,1322,65.0,1230,455,10.4,58.4,0.7352,0,0,1,0,0,0,0
0,0.7,893,48.0,2.0,587,46.0,1368,58.0,1219,433,10.7,58.2,0.7459,0,0,0,1,0,0,0
1,0.5,844,27.0,1.3,532,25.0,1499,36.0,1176,376,10.5,59.9,0.7624,0,0,0,1,0,0,0
2,0.3,837,29.0,1.2,518,18.0,1581,29.0,1182,360,10.5,60.8,0.7704,0,0,0,1,0,0,0
3,0.4,868,32.0,1.3,530,26.0,1482,38.66667,1215,384,10.6,63.1,0.8068,0,0,0,1,0,0,0
4,0.3,825,47.0,0.9,489,21.0,1565,28.0,1171,363,11.1,60.1,0.7925,0,0,0,1,0,0,0
5,0.7,956,66.0,3.1,656,76.0,1251,68.0,1356,525,10.1,68.4,0.8443,0,0,0,1,0,0,0
6,1.6,1124,163.0,6.9,853,149.0,960,99.0,1531,873,10.0,68.7,0.8456,0,0,0,1,0,0,0
7,3.9,1496,524.0,19.1,1272,328.0,667,130.0,2011,1399,11.0,64.2,0.8398,0,0,0,1,0,0,0
8,4.5,1452,657.0,22.1,1354,282.0,620,128.0,2057,1501,12.0,58.1,0.8138,0,0,0,1,0,0,0
9,2.7,1172,324.0,11.8,1042,206.0,797,120.0,1641,1186,12.8,52.0,0.7643,0,0,0,1,0,0,0
10,1.6,1020,144.0,7.3,871,133.0,956,93.0,1426,911,12.6,50.8,0.7387,0,0,0,1,0,0,0
11,1.6,1044,135.0,8.0,900,137.0,934,96.0,1471,919,13.8,47.4,0.7435,0,0,0,1,0,0,0
12,1.6,1020,140.0,7.2,866,116.0,972,84.0,1429,791,15.1,42.7,0.7294,0,0,0,1,0,0,0
13,1.5,1009,141.0,7.7,885,112.0,994,87.0,1439,751,16.3,38.1,0.7006,0,0,0,1,0,0,0
14,1.8,1073,181.0,9.7,966,128.0,935,87.0,1537,805,16.6,36.7,0.6867,0,0,0,1,0,0,0
15,2.1,1098,227.0,9.8,971,145.0,877,103.0,1527,966,15.8,40.5,0.7241,0,0,0,1,0,0,0
16,1.7,1061,149.0,7.7,887,110.0,920,88.0,1462,869,16.3,41.8,0.7712,0,0,0,1,0,0,0
17,3.0,1289,425.0,15.3,1158,184.0,755,118.0,1791,1196,16.1,42.8,0.7783,0,0,0,1,0,0,0
18,4.6,1442,669.0,21.5,1337,243.0,630,134.0,2004,1523,15.3,46.8,0.8074,0,0,0,1,0,0,0
19,5.0,1479,680.0,21.7,1343,259.0,631,144.0,1995,1579,14.7,47.0,0.7815,0,0,0,1,0,0,0
20,3.5,1266,446.0,14.6,1138,205.0,726,129.0,1747,1370,14.1,49.6,0.7931,0,0,0,1,0,0,0
21,2.1,1149,205.0,9.3,952,144.0,845,108.0,1577,1204,13.5,54.1,0.8351,0,0,0,1,0,0,0
22,2.1,1168,194.0,9.4,954,152.0,843,104.0,1586,1201,12.3,59.2,0.8461,0,0,0,1,0,0,0
23,1.5,1079,115.0,6.8,847,108.0,925,90.0,1463,1122,11.6,62.2,0.851,0,0,0,1,0,0,0
0,1.1,1047,74.0,4.9,760,64.0,1032,74.0,1379,1003,11.5,61.4,0.8303,0,0,0,0,1,0,0
1,0.9,936,85.0,3.9,705,73.0,1086,73.0,1364,918,10.9,64.6,0.8395,0,0,0,0,1,0,0
2,0.7,900,66.0,2.7,635,47.0,1207,60.0,1307,836,11.1,63.2,0.8331,0,0,0,0,1,0,0
3,0.4,839,60.0,1.9,576,54.66667,1325,64.0,1285,759,10.7,64.4,0.8284,0,0,0,0,1,0,0
4,0.66667,840,40.0,1.7,563,45.0,1349,57.0,1275,755,10.7,63.8,0.8174,0,0,0,0,1,0,0
5,0.9,905,47.0,3.3,670,79.0,1191,62.0,1346,820,10.2,65.8,0.8196,0,0,0,0,1,0,0
6,1.6,1079,116.0,7.4,875,113.0,947,71.0,1535,998,10.3,65.6,0.8225,0,0,0,0,1,0,0
7,3.9,1417,478.0,18.2,1246,263.0,669,94.0,1921,1403,10.8,64.0,0.8307,0,0,0,0,1,0,0
8,5.0,1529,836.0,27.7,1497,275.0,569,99.0,2278,1641,13.3,55.6,0.8453,0,0,0,0,1,0,0
9,4.3,1397,655.0,18.3,1248,263.0,659,119.0,1906,1534,15.8,46.8,0.8328,0,0,0,0,1,0,0
10,2.7,1214,312.0,12.3,1061,183.0,780,103.0,1662,1257,19.5,34.4,0.7738,0,0,0,0,1,0,0
11,2.1,1109,195.0,8.9,935,147.0,882,95.0,1518,1026,21.1,30.2,0.745,0,0,0,0,1,0,0
12,2.1,1122,238.0,10.4,993,132.0,859,95.0,1571,993,18.4,34.2,0.7185,0,0,0,0,1,0,0
9,3.9,1489,536.0,19.1,1270,309.0,633,114.0,1889,1638,13.5,53.4,0.8196,0,0,0,0,0,1,0
10,3.8,1451,481.0,17.3,1219,327.0,661,127.0,1804,1633,15.0,49.3,0.8364,0,0,0,0,0,1,0
11,3.8,1454,460.0,17.5,1225,299.0,661,135.0,1809,1654,17.1,42.1,0.812,0,0,0,0,0,1,0
12,3.9,1392,597.0,17.0,1210,257.0,689,135.0,1792,1559,18.4,36.9,0.7758,0,0,0,0,0,1,0
13,3.5,1351,465.0,17.0,1210,195.0,709,120.0,1783,1374,19.3,35.4,0.7824,0,0,0,0,0,1,0
14,4.0,1418,542.0,19.5,1282,231.0,681,129.0,1890,1418,19.2,35.7,0.7826,0,0,0,0,0,1,0
15,3.0,1303,437.0,14.8,1143,170.0,748,114.0,1734,1228,21.5,30.4,0.7677,0,0,0,0,0,1,0
16,3.1,1292,383.0,14.0,1116,192.0,746,129.0,1676,1293,19.6,34.6,0.7807,0,0,0,0,0,1,0
17,5.2,1560,778.0,24.4,1413,251.0,594,149.0,2046,1642,19.6,35.5,0.8017,0,0,0,0,0,1,0
18,5.9,1765,926.0,28.1,1507,289.0,533,149.0,2271,1895,18.3,44.1,0.9183,0,0,0,0,0,1,0
19,7.3,1875,1189.0,33.7,1637,351.0,482,158.0,2446,2086,17.4,47.8,0.9392,0,0,0,0,0,1,0
20,6.1,1746,824.0,24.2,1409,319.0,553,148.0,2119,1898,16.8,49.8,0.9446,0,0,0,0,0,1,0
21,4.6,1607,660.0,19.8,1290,264.0,587,134.0,1960,1758,16.2,53.2,0.9723,0,0,0,0,0,1,0
22,2.5,1277,203.0,9.3,952,144.0,802,111.0,1607,1284,14.9,59.1,0.9928,0,0,0,0,0,1,0
23,2.2,1207,136.0,7.3,868,119.0,877,106.0,1532,1075,13.9,64.0,1.013,0,0,0,0,0,1,0
0,2.0,1209,114.0,7.1,863,120.0,882,108.0,1547,1084,13.7,66.8,1.041,0,0,0,0,0,0,1
1,1.9,1189,110.0,6.7,844,96.0,887,93.0,1566,1049,13.4,69.6,1.0688,0,0,0,0,0,0,1
2,1.6,1132,127.0,6.0,810,77.0,899,83.0,1532,1021,12.8,71.9,1.0632,0,0,0,0,0,0,1
3,1.0,974,68.0,2.7,635,62.0,1159,67.66667,1387,778,12.9,68.5,1.0155,0,0,0,0,0,0,1
4,1.0,1033,70.0,3.6,686,63.0,1030,69.0,1420,948,11.9,74.8,1.038,0,0,0,0,0,0,1
5,1.2,1075,93.0,5.4,782,97.0,941,77.0,1505,988,11.6,76.4,1.0415,0,0,0,0,0,0,1
6,2.0,1242,179.0,10.0,978,180.0,778,87.0,1686,1184,11.7,75.3,1.0325,0,0,0,0,0,0,1
7,4.5,1657,523.0,23.2,1384,352.0,579,109.0,2176,1600,12.8,71.0,1.0428,0,0,0,0,0,0,1
8,4.1,1406,546.0,18.7,1258,279.0,636,116.0,1890,1495,13.8,61.1,0.9595,0,0,0,0,0,0,1
9,2.6,1150,251.0,9.9,973,186.0,827,105.0,1590,1188,15.3,51.4,0.8886,0,0,0,0,0,0,1
10,2.3,1184,222.0,10.2,983,169.0,823,106.0,1604,1166,16.6,48.7,0.9146,0,0,0,0,0,0,1
11,2.6,1223,212.0,11.0,1014,172.0,781,108.0,1666,1219,17.6,46.7,0.9324,0,0,0,0,0,0,1
12,2.4,1196,263.0,10.5,997,127.0,802,100.0,1644,1128,19.2,42.7,0.9425,0,0,0,0,0,0,1
13,4.3,1559,535.0,18.9,1267,230.0,653,149.0,2047,1373,15.7,62.5,1.1092,0,0,0,0,0,0,1
14,4.6,1544,609.0,18.9,1266,280.0,613,148.0,2066,1415,14.5,75.7,1.2425,0,0,0,0,0,0,1
15,4.0,1485,449.0,17.5,1223,242.0,650,126.0,1980,1302,14.4,77.4,1.2654,0,0,0,0,0,0,1
16,4.7,1498,536.0,17.7,1230,250.0,649,140.0,1963,1308,14.6,74.9,1.2391,0,0,0,0,0,0,1
17,5.7,1593,743.0,23.0,1378,309.0,582,142.0,2159,1449,14.6,76.0,1.2573,0,0,0,0,0,0,1
18,5.2,1529,575.0,20.4,1309,270.0,627,141.0,2083,1385,14.0,76.3,1.2166,0,0,0,0,0,0,1
19,6.4,1689,783.0,26.8,1474,323.0,560,149.0,2298,1492,13.9,78.0,1.2303,0,0,0,0,0,0,1
20,6.0,1535,706.0,19.9,1295,307.0,627,140.0,2039,1380,13.8,78.0,1.2229,0,0,0,0,0,0,1
21,3.4,1304,299.0,12.5,1067,224.0,737,117.0,1811,1167,13.5,79.4,1.2224,0,0,0,0,0,0,1
22,2.7,1235,159.0,9.6,963,166.0,803,103.0,1680,1095,13.1,80.1,1.2016,0,0,0,0,0,0,1
23,3.1,1281,171.0,10.0,977,171.0,794,99.0,1695,1105,12.8,81.0,1.1915,0,0,0,0,0,0,1
0,2.6,1167,162.0,8.1,904,169.0,846,100.0,1627,1051,12.7,80.6,1.1819,1,0,0,0,0,0,0
1,2.2,1134,111.0,7.1,863,120.0,869,88.0,1599,1009,12.5,81.8,1.1838,1,0,0,0,0,0,0
2,1.9,1100,134.0,6.4,829,103.0,887,83.0,1565,972,12.7,81.2,1.1849,1,0,0,0,0,0,0
5,0.6,852,46.0,2.9,646,59.0,1186,59.0,1321,793,14.2,52.2,0.8413,0,0,0,0,0,0,1
6,0.8,923,56.0,4.9,757,72.0,1041,67.0,1418,906,14.3,55.4,0.9003,0,0,0,0,0,0,1
7,4.0,1490,452.0,22.6,1368,244.0,627,95.0,2119,1541,14.0,58.0,0.9202,0,0,0,0,0,0,1
8,5.6,1662,880.0,31.1,1576,351.0,523,123.0,2417,1861,15.4,53.3,0.9289,0,0,0,0,0,0,1
9,5.0,1553,759.0,22.1,1354,358.0,621,142.0,2030,1895,19.1,42.1,0.9233,0,0,0,0,0,0,1
10,3.2,1423,394.0,18.3,1247,245.0,706,142.0,1887,1684,23.7,31.0,0.8968,0,0,0,0,0,0,1
11,3.8,1458,639.0,22.0,1350,240.0,677,169.0,1947,1731,26.9,25.7,0.8942,0,0,0,0,0,0,1
12,3.3,1349,541.0,20.1,1299,179.0,728,142.0,1838,1402,29.7,20.6,0.8478,0,0,0,0,0,0,1
13,3.0,1326,468.0,18.9,1265,160.0,757,136.0,1835,1246,29.2,21.5,0.8573,0,0,0,0,0,0,1
14,3.2,1356,483.0,20.6,1312,174.0,729,147.0,1865,1342,29.6,20.1,0.8181,0,0,0,0,0,0,1
15,4.4,1460,682.0,25.3,1438,260.0,680,196.0,1953,1489,30.0,19.4,0.81,0,0,0,0,0,0,1
16,4.6,1497,698.0,25.8,1449,281.0,679,186.0,1985,1532,29.5,20.1,0.8136,0,0,0,0,0,0,1
17,5.2,1645,832.0,30.6,1566,284.0,599,177.0,2228,1909,27.0,26.8,0.9403,0,0,0,0,0,0,1
18,4.8,1557,872.0,27.1,1483,250.0,615,164.0,2087,1757,24.9,30.8,0.954,0,0,0,0,0,0,1
19,5.6,1747,899.0,32.5,1608,281.0,557,161.0,2335,1983,23.1,36.7,1.0244,0,0,0,0,0,0,1
20,4.6,1482,692.0,20.8,1319,230.0,660,146.0,1975,1703,21.5,40.8,1.0333,0,0,0,0,0,0,1
21,1.8,1211,145.0,10.9,1010,98.0,816,98.0,1619,1246,20.5,41.5,0.9864,0,0,0,0,0,0,1
22,2.2,1294,208.0,13.0,1083,121.0,770,108.0,1687,1321,19.2,44.9,0.9875,0,0,0,0,0,0,1
23,2.0,1300,204.0,11.8,1043,110.0,777,107.0,1659,1375,18.8,47.7,1.0221,0,0,0,0,0,0,1
0,2.8,1402,240.0,13.4,1098,161.0,736,113.0,1729,1456,18.2,49.7,1.0284,1,0,0,0,0,0,0
1,2.6,1349,251.0,13.4,1097,148.0,707,100.0,1763,1442,16.1,57.4,1.0451,1,0,0,0,0,0,0
2,1.8,1161,173.0,9.0,938,109.0,827,87.0,1597,1243,16.3,55.3,1.0178,1,0,0,0,0,0,0
3,1.1,1022,113.0,5.8,802,76.66667,916,75.33333,1481,1078,15.7,53.6,0.9483,1,0,0,0,0,0,0
4,0.76667,948,55.0,3.8,700,45.0,1045,60.0,1430,939,16.9,49.8,0.9514,1,0,0,0,0,0,0
5,0.7,933,65.0,3.7,697,71.0,1045,65.0,1403,937,14.8,57.7,0.9644,1,0,0,0,0,0,0
6,0.9,1021,119.0,5.7,800,75.0,931,64.0,1483,1019,14.0,59.7,0.9499,1,0,0,0,0,0,0
7,1.5,1134,151.0,10.0,979,106.0,794,73.0,1639,1140,14.6,56.8,0.9385,1,0,0,0,0,0,0
8,2.5,1311,305.0,15.0,1147,166.0,681,86.0,1838,1351,16.7,51.9,0.9788,1,0,0,0,0,0,0
9,3.0,1409,415.0,15.6,1169,188.0,685,105.0,1874,1459,20.0,45.0,1.039,1,0,0,0,0,0,0
10,2.6,1301,321.0,12.3,1059,161.0,787,107.0,1727,1297,23.9,33.7,0.9837,1,0,0,0,0,0,0
11,2.6,1354,358.0,14.4,1130,139.0,765,114.0,1808,1291,26.8,29.5,1.0209,1,0,0,0,0,0,0
12,2.6,1391,350.0,14.6,1136,134.0,738,105.0,1840,1296,27.2,32.4,1.1493,1,0,0,0,0,0,0
13,1.9,1200,238.0,8.7,929,84.0,879,74.0,1623,972,26.9,32.1,1.1217,1,0,0,0,0,0,0
14,2.0,1338,215.0,11.0,1016,98.0,798,95.0,1766,1194,24.3,41.8,1.2561,1,0,0,0,0,0,0
15,1.7,1223,192.0,9.0,938,91.0,884,89.0,1610,880,25.6,36.0,1.1629,1,0,0,0,0,0,0
16,1.9,1278,205.0,10.7,1003,99.0,845,95.0,1691,909,27.0,31.8,1.1176,1,0,0,0,0,0,0
17,1.8,1257,165.0,9.9,973,90.0,860,93.0,1634,839,27.5,31.6,1.1417,1,0,0,0,0,0,0
18,2.8,1497,283.0,15.7,1171,147.0,725,123.0,1899,1248,24.9,38.1,1.1838,1,0,0,0,0,0,0
19,3.5,1567,467.0,19.4,1280,177.0,661,134.0,1970,1476,23.4,39.7,1.1276,1,0,0,0,0,0,0
20,3.4,1503,485.0,16.8,1203,162.0,651,126.0,1863,1502,21.2,50.8,1.2631,1,0,0,0,0,0,0
21,2.0,1169,202.0,6.8,850,88.0,906,79.0,1584,873,15.6,73.5,1.2953,1,0,0,0,0,0,0
22,1.1,1007,64.0,3.0,650,53.0,1157,54.0,1404,528,12.9,79.7,1.1774,1,0,0,0,0,0,0
23,1.3,1004,71.0,3.2,667,68.0,1157,69.0,1365,492,11.5,76.9,1.0436,1,0,0,0,0,0,0
0,1.2,967,84.0,3.1,661,61.0,1181,67.0,1321,463,12.2,66.8,0.9455,0,1,0,0,0,0,0
1,1.3,984,70.0,3.9,707,71.0,1131,73.0,1359,494,12.4,64.1,0.9209,0,1,0,0,0,0,0
2,1.0,931,61.0,3.6,689,63.0,1161,73.0,1317,503,12.7,58.7,0.8605,0,1,0,0,0,0,0
3,1.3,966,92.0,4.5,737,33.33333,1083,47.66667,1363,581,12.6,58.6,0.8529,0,1,0,0,0,0,0
4,0.73333,777,40.0,1.2,521,23.0,1535,33.0,1121,350,12.5,51.2,0.7374,0,1,0,0,0,0,0
5,0.3,763,20.0,0.7,471,14.0,1783,20.0,1098,305,12.5,50.9,0.7346,0,1,0,0,0,0,0
6,0.5,804,31.0,1.1,505,34.0,1718,37.0,1148,329,12.8,49.3,0.7285,0,1,0,0,0,0,0
7,0.6,830,41.0,1.4,535,42.0,1496,50.0,1184,375,13.5,48.6,0.7487,0,1,0,0,0,0,0
8,0.6,833,40.0,1.6,553,40.0,1476,45.0,1180,373,14.4,45.9,0.7476,0,1,0,0,0,0,0
9,0.8,875,35.0,2.3,603,48.0,1370,48.0,1206,385,15.1,43.9,0.7487,0,1,0,0,0,0,0
10,1.0,882,44.0,2.5,621,61.0,1346,56.0,1216,403,16.6,38.6,0.7236,0,1,0,0,0,0,0
11,0.9,862,71.0,2.7,635,58.0,1320,58.0,1193,393,17.2,35.0,0.6789,0,1,0,0,0,0,0
12,1.0,863,66.0,2.7,636,57.0,1290,52.0,1185,388,17.4,33.9,0.6683,0,1,0,0,0,0,0
13,0.8,830,46.0,2.2,596,54.0,1389,52.0,1145,371,17.9,30.7,0.6234,0,1,0,0,0,0,0
14,0.7,807,50.0,2.0,584,41.0,1488,44.0,1104,347,18.3,27.2,0.5675,0,1,0,0,0,0,0
15,0.9,873,51.0,3.4,675,57.0,1343,59.0,1181,396,19.4,25.7,0.5738,0,1,0,0,0,0,0
16,1.3,931,64.0,4.5,739,83.0,1274,74.0,1219,474,20.2,24.1,0.563,0,1,0,0,0,0,0
17,1.4,918,138.0,4.7,748,81.0,1228,76.0,1219,505,19.6,24.9,0.5625,0,1,0,0,0,0,0
18,1.5,1001,137.0,6.0,811,98.0,1122,83.0,1344,625,18.5,27.8,0.5843,0,1,0,0,0,0,0
19,2.7,1169,303.0,11.7,1039,124.0,883,100.0,1550,941,17.8,30.3,0.6129,0,1,0,0,0,0,0
20,2.5,1085,204.0,8.2,907,133.0,976,101.0,1419,893,16.6,34.0,0.6353,0,1,0,0,0,0,0
21,1.4,940,95.0,5.1,769,100.0,1103,90.0,1310,731,15.5,37.0,0.6447,0,1,0,0,0,0,0
22,2.8,1126,347.0,13.0,1083,116.0,875,93.0,1654,955,14.8,39.5,0.6595,0,1,0,0,0,0,0
23,2.1,978,252.0,7.0,858,102.0,1013,79.0,1379,761,14.5,42.0,0.6896,0,1,0,0,0,0,0
0,1.1,893,66.0,3.9,703,55.0,1192,57.0,1283,515,14.1,44.9,0.7206,0,0,1,0,0,0,0
1,0.7,838,45.0,2.2,601,33.0,1361,43.0,1220,434,14.2,45.5,0.7333,0,0,1,0,0,0,0
2,0.4,803,36.0,1.3,527,17.0,1513,25.0,1152,369,14.1,45.3,0.7247,0,0,1,0,0,0,0
3,0.3,775,26.0,0.8,477,25.33333,1722,40.0,1115,335,14.0,44.3,0.7038,0,0,1,0,0,0,0
4,0.4,767,17.0,0.6,454,10.0,1826,17.0,1091,319,14.1,43.0,0.689,0,0,1,0,0,0,0
5,0.4,809,21.0,1.2,521,35.0,1575,44.0,1158,378,13.9,43.9,0.6923,0,0,1,0,0,0,0
6,0.8,898,60.0,3.4,676,70.0,1271,72.0,1307,517,14.0,43.8,0.6959,0,0,1,0,0,0,0
7,1.9,1053,155.0,7.5,880,116.0,982,91.0,1464,786,14.4,43.6,0.7113,0,0,1,0,0,0,0
8,2.1,1033,235.0,8.9,934,134.0,917,89.0,1490,844,15.0,41.7,0.7093,0,0,1,0,0,0,0
9,1.4,941,89.0,5.3,780,113.0,1080,84.0,1343,720,16.3,38.4,0.7052,0,0,1,0,0,0,0
10,1.4,941,76.0,5.4,782,110.0,1102,83.0,1328,668,18.3,32.3,0.676,0,0,1,0,0,0,0
11,1.3,917,101.0,5.2,772,98.0,1098,78.0,1311,605,18.8,31.7,0.6821,0,0,1,0,0,0,0
12,1.5,977,109.0,6.6,837,96.0,1038,80.0,1413,646,19.6,30.9,0.6968,0,0,1,0,0,0,0
13,1.6,994,143.0,6.9,851,95.0,1018,75.0,1436,640,20.2,30.7,0.7176,0,0,1,0,0,0,0
14,1.3,942,104.0,5.4,785,86.0,1065,77.0,1365,571,19.7,32.5,0.7396,0,0,1,0,0,0,0
15,1.4,981,107.0,6.0,810,86.0,1060,77.0,1395,605,20.7,31.6,0.7602,0,0,1,0,0,0,0
16,1.5,984,133.0,6.4,832,91.0,1034,81.0,1410,636,20.0,32.7,0.7545,0,0,1,0,0,0,0
17,2.2,1116,171.0,10.7,1003,119.0,864,101.0,1625,886,18.6,35.4,0.7535,0,0,1,0,0,0,0
18,3.2,1181,405.0,13.9,1114,147.0,787,119.0,1685,1032,18.3,35.9,0.7501,0,0,1,0,0,0,0
19,3.0,1163,334.0,12.5,1068,135.0,811,111.0,1616,977,17.8,37.5,0.7568,0,0,1,0,0,0,0
20,2.6,1081,236.0,9.3,950,124.0,907,109.0,1496,924,17.3,38.8,0.7584,0,0,1,0,0,0,0
21,1.6,1017,99.0,6.7,842,89.0,1000,101.0,1441,846,17.3,38.8,0.7596,0,0,1,0,0,0,0
22,1.5,966,93.0,5.3,778,79.0,1057,89.0,1359,755,16.4,40.8,0.7542,0,0,1,0,0,0,0
23,1.2,924,82.0,4.0,709,63.0,1158,75.0,1318,610,16.0,41.4,0.7487,0,0,1,0,0,0,0
0,0.8,861,51.0,2.2,601,39.0,1351,51.0,1225,439,15.4,43.0,0.7482,0,0,0,1,0,0,0
1,0.7,826,41.0,1.7,560,25.0,1424,39.0,1197,402,15.7,42.5,0.7539,0,0,0,1,0,0,0
2,0.5,846,31.0,1.6,557,19.0,1385,32.0,1212,406,15.6,43.4,0.7651,0,0,0,1,0,0,0
3,0.5,842,41.0,1.5,545,38.33333,1423,52.33333,1224,424,15.2,45.8,0.7864,0,0,0,1,0,0,0
4,0.56667,909,41.0,2.5,617,34.0,1236,49.0,1302,558,14.7,49.9,0.828,0,0,0,1,0,0,0
5,0.7,930,38.0,3.3,670,58.0,1143,68.0,1339,746,15.5,47.3,0.8282,0,0,0,1,0,0,0
6,1.4,1120,111.0,8.9,935,112.0,843,76.0,1593,1126,14.4,53.1,0.8677,0,0,0,1,0,0,0
7,4.1,1518,584.0,23.4,1389,314.0,589,122.0,2101,1703,15.9,48.5,0.8704,0,0,0,1,0,0,0
8,4.6,1461,633.0,23.8,1398,240.0,630,129.0,2050,1628,18.1,40.3,0.8294,0,0,0,1,0,0,0
9,1.9,1075,145.0,7.9,896,128.0,938,94.0,1487,936,19.6,35.9,0.81,0,0,0,1,0,0,0
10,1.9,1061,155.0,8.2,908,141.0,968,99.0,1455,890,22.8,29.1,0.796,0,0,0,1,0,0,0
11,1.7,1066,128.0,8.8,931,118.0,979,81.0,1474,757,24.8,25.3,0.7793,0,0,0,1,0,0,0
12,2.4,1179,255.0,14.6,1137,132.0,829,87.0,1651,949,27.2,22.0,0.7785,0,0,0,1,0,0,0
13,3.0,1251,411.0,18.0,1238,150.0,773,107.0,1779,1109,28.2,20.4,0.7677,0,0,0,1,0,0,0
14,2.0,1120,173.0,12.0,1048,121.0,898,95.0,1560,870,25.4,24.2,0.7733,0,0,0,1,0,0,0
15,2.7,1187,277.0,14.8,1142,149.0,840,110.0,1651,1011,25.7,23.8,0.7737,0,0,0,1,0,0,0
16,2.2,1145,259.0,12.5,1066,120.0,903,99.0,1592,885,27.2,22.1,0.7811,0,0,0,1,0,0,0
17,2.9,1215,274.0,15.5,1164,155.0,817,113.0,1689,1015,27.0,22.3,0.786,0,0,0,1,0,0,0
18,3.4,1317,377.0,17.7,1231,172.0,766,127.0,1798,1155,24.5,27.8,0.8433,0,0,0,1,0,0,0
19,3.9,1388,457.0,21.6,1341,177.0,702,131.0,1955,1315,23.7,30.2,0.8718,0,0,0,1,0,0,0
20,3.6,1295,555.0,18.9,1266,181.0,716,137.0,1849,1359,21.5,34.5,0.8746,0,0,0,1,0,0,0
21,2.5,1153,279.0,12.5,1066,135.0,811,122.0,1651,1194,19.9,37.8,0.8675,0,0,0,1,0,0,0
22,1.8,1078,137.0,8.8,932,99.0,905,100.0,1511,951,18.9,40.6,0.8771,0,0,0,1,0,0,0
23,2.0,1133,203.0,10.9,1012,111.0,806,108.0,1608,1054,17.9,43.5,0.884,0,0,0,1,0,0,0
0,1.3,1055,101.0,8.0,899,72.0,880,83.0,1504,980,17.4,46.3,0.9112,0,0,0,0,1,0,0
1,1.0,953,86.0,4.4,735,54.0,999,74.0,1396,898,18.1,44.7,0.9186,0,0,0,0,1,0,0
2,0.6,892,51.0,2.8,639,41.0,1139,64.0,1359,803,16.5,50.1,0.9331,0,0,0,0,1,0,0
3,0.6,895,47.0,2.7,632,64.33333,1167,64.33333,1347,684,14.2,56.9,0.9141,0,0,0,0,1,0,0
4,0.6,859,35.0,2.2,602,24.0,1209,40.0,1321,644,14.7,56.2,0.9341,0,0,0,0,1,0,0
5,0.5,856,33.0,2.5,619,29.0,1191,39.0,1345,677,16.3,52.8,0.9722,0,0,0,0,1,0,0
6,1.1,1030,95.0,7.5,880,76.0,892,69.0,1539,996,13.9,60.7,0.9597,0,0,0,0,1,0,0
7,5.5,1689,754.0,30.4,1560,321.0,529,104.0,2396,1736,15.0,58.3,0.9876,0,0,0,0,1,0,0
8,4.2,1486,588.0,22.0,1351,274.0,571,100.0,2112,1692,16.1,54.8,0.996,0,0,0,0,1,0,0
9,4.6,1592,658.0,24.7,1423,322.0,577,146.0,2155,2108,19.3,46.4,1.0248,0,0,0,0,1,0,0
10,3.4,1469,372.0,18.4,1252,255.0,692,155.0,1903,1807,24.2,33.8,1.0097,0,0,0,0,1,0,0
11,2.8,1364,386.0,16.8,1205,196.0,723,139.0,1850,1566,26.7,28.7,0.9895,0,0,0,0,1,0,0
12,2.5,1285,333.0,14.2,1123,136.0,755,121.0,1741,1293,27.4,28.2,1.0098,0,0,0,0,1,0,0
13,2.4,1311,293.0,15.7,1170,119.0,748,108.0,1787,1219,28.1,26.9,1.0094,0,0,0,0,1,0,0
14,3.2,1416,511.0,21.9,1348,169.0,684,126.0,1969,1330,27.7,26.5,0.9693,0,0,0,0,1,0,0
15,3.5,1387,559.0,20.8,1318,197.0,701,145.0,1890,1299,28.4,23.4,0.8935,0,0,0,0,1,0,0
16,2.9,1329,375.0,16.2,1185,140.0,768,121.0,1750,1111,28.4,26.0,0.9922,0,0,0,0,1,0,0
17,3.6,1496,509.0,19.8,1292,178.0,680,145.0,1878,1300,27.3,30.0,1.0752,0,0,0,0,1,0,0
18,4.8,1676,790.0,28.9,1525,223.0,567,160.0,2226,1653,24.3,37.3,1.1199,0,0,0,0,1,0,0
19,5.4,1724,816.0,28.3,1510,222.0,562,155.0,2252,1716,23.1,42.2,1.1746,0,0,0,0,1,0,0
20,5.3,1642,804.0,24.9,1426,265.0,597,162.0,2117,1720,21.8,43.6,1.1226,0,0,0,0,1,0,0
21,2.7,1267,332.0,13.1,1088,151.0,764,129.0,1740,1339,19.8,46.8,1.0702,0,0,0,0,1,0,0
22,1.4,1146,156.0,8.6,923,79.0,845,96.0,1575,1166,19.6,49.8,1.1221,0,0,0,0,1,0,0
23,1.6,1216,143.0,9.5,960,87.0,788,92.0,1662,1256,17.9,56.2,1.142,0,0,0,0,1,0,0
0,1.5,1128,117.0,7.8,891,88.0,838,89.0,1574,1125,17.4,55.6,1.0963,0,0,0,0,0,1,0
1,1.0,1042,84.0,5.2,772,51.0,923,61.0,1495,968,16.8,59.5,1.1269,0,0,0,0,0,1,0
2,0.6,926,60.0,2.8,639,34.0,1115,54.0,1409,814,15.9,60.1,1.0806,0,0,0,0,0,1,0
3,0.4,898,76.0,2.3,608,41.0,1154,50.0,1386,743,15.6,61.2,1.0784,0,0,0,0,0,1,0
4,0.76667,889,40.0,2.5,617,31.0,1168,44.0,1382,758,14.6,63.4,1.0446,0,0,0,0,0,1,0
5,0.8,959,64.0,4.4,734,76.0,1038,57.0,1470,861,13.3,67.0,1.0203,0,0,0,0,0,1,0
6,1.5,1097,148.0,9.4,956,139.0,827,68.0,1620,1047,12.9,66.5,0.9846,0,0,0,0,0,1,0
7,4.9,1674,635.0,29.8,1547,293.0,539,95.0,2405,1665,14.8,61.3,1.0237,0,0,0,0,0,1,0
8,7.2,1771,1129.0,36.2,1690,368.0,461,125.0,2572,1982,16.1,56.5,1.0274,0,0,0,0,0,1,0
9,3.5,1408,475.0,18.0,1241,250.0,648,135.0,1886,1711,18.6,47.8,1.0143,0,0,0,0,0,1,0
10,2.1,1156,220.0,10.9,1009,145.0,875,118.0,1583,1204,23.8,30.2,0.8771,0,0,0,0,0,1,0
11,1.5,1042,105.0,9.0,941,110.0,971,91.0,1491,871,25.4,25.0,0.7966,0,0,0,0,0,1,0
12,2.0,1167,190.0,14.4,1128,104.0,829,89.0,1716,1040,25.6,25.5,0.8234,0,0,0,0,0,1,0
13,3.8,1398,516.0,22.3,1360,205.0,656,129.0,2037,1439,24.9,29.9,0.9325,0,0,0,0,0,1,0
14,3.4,1458,346.0,20.9,1321,201.0,654,122.0,2023,1516,22.4,37.9,1.016,0,0,0,0,0,1,0
15,4.4,1554,565.0,23.1,1379,266.0,614,138.0,2151,1693,21.7,44.0,1.1242,0,0,0,0,0,1,0
16,3.9,1495,483.0,21.2,1331,246.0,615,136.0,2069,1635,21.4,44.4,1.1176,0,0,0,0,0,1,0
17,4.9,1560,651.0,24.8,1424,247.0,579,143.0,2176,1688,20.8,45.3,1.1016,0,0,0,0,0,1,0
18,5.4,1664,657.0,28.6,1519,271.0,553,145.0,2312,1820,20.2,48.6,1.1354,0,0,0,0,0,1,0
19,6.5,1761,830.0,32.6,1610,332.0,502,146.0,2488,2006,20.2,50.8,1.1924,0,0,0,0,0,1,0
20,4.3,1524,435.0,19.2,1275,245.0,608,122.0,2046,1740,18.6,57.6,1.2233,0,0,0,0,0,1,0
21,2.9,1398,209.0,16.3,1189,180.0,646,112.0,1931,1577,18.2,58.8,1.2173,0,0,0,0,0,1,0
22,2.7,1342,202.0,13.7,1106,156.0,694,102.0,1856,1443,17.8,61.0,1.2352,0,0,0,0,0,1,0
23,2.8,1433,174.0,13.6,1104,172.0,681,97.0,1876,1411,17.0,70.7,1.3554,0,0,0,0,0,1,0
0,2.3,1297,170.0,11.1,1019,137.0,733,85.0,1823,1217,16.2,76.9,1.4051,0,0,0,0,0,0,1
1,1.7,1179,116.0,7.6,884,91.0,830,76.0,1696,1086,15.7,78.6,1.3943,0,0,0,0,0,0,1
2,1.2,1097,91.0,5.9,809,80.0,897,74.0,1628,1050,15.7,78.4,1.3917,0,0,0,0,0,0,1
3,1.0,1054,71.0,5.0,761,54.66667,963,64.0,1598,965,15.7,77.4,1.3683,0,0,0,0,0,0,1
4,0.76667,1017,59.0,4.0,711,46.0,1009,56.0,1554,906,15.4,78.5,1.3635,0,0,0,0,0,0,1
5,0.8,1005,48.0,4.5,738,68.0,1005,66.0,1563,917,15.7,74.7,1.3194,0,0,0,0,0,0,1
6,1.7,1206,111.0,9.3,949,162.0,818,90.0,1771,1116,15.9,73.1,1.3136,0,0,0,0,0,0,1
7,3.0,1458,345.0,18.3,1249,213.0,662,111.0,2033,1380,16.6,68.2,1.2737,0,0,0,0,0,0,1
8,3.4,1405,332.0,19.9,1295,161.0,638,103.0,2065,1378,18.7,57.6,1.2323,0,0,0,0,0,0,1
9,3.3,1381,344.0,16.6,1199,209.0,685,117.0,1970,1365,17.6,65.0,1.2945,0,0,0,0,0,0,1
10,2.7,1315,212.0,12.6,1072,191.0,736,116.0,1833,1273,16.3,73.2,1.3458,0,0,0,0,0,0,1
11,2.6,1332,166.0,12.9,1082,215.0,707,109.0,1889,1242,16.0,78.5,1.4209,0,0,0,0,0,0,1
12,3.2,1362,214.0,14.9,1145,212.0,673,116.0,1973,1294,17.3,72.4,1.4125,0,0,0,0,0,0,1
13,3.4,1399,377.0,17.4,1222,202.0,643,115.0,2061,1413,19.4,60.9,1.3545,0,0,0,0,0,0,1
14,2.6,1310,210.0,15.4,1160,153.0,695,94.0,1939,1224,21.4,50.9,1.2823,0,0,0,0,0,0,1
15,3.4,1399,265.0,16.7,1201,185.0,699,121.0,1971,1318,22.7,45.8,1.2465,0,0,0,0,0,0,1
16,4.0,1524,365.0,18.0,1239,210.0,644,114.0,2139,1404,20.9,60.8,1.4852,0,0,0,0,0,0,1
17,4.5,1487,454.0,19.2,1274,215.0,641,110.0,2133,1471,21.0,54.3,1.3353,0,0,0,0,0,0,1
18,4.2,1480,460.0,21.0,1324,215.0,622,122.0,2162,1623,20.8,54.4,1.3194,0,0,0,0,0,0,1
19,5.7,1626,642.0,26.9,1476,281.0,555,135.0,2356,1786,19.8,58.6,1.3392,0,0,0,0,0,0,1
20,4.4,1449,501.0,19.5,1282,254.0,625,133.0,2100,1569,19.1,61.1,1.3345,0,0,0,0,0,0,1
21,3.1,1363,234.0,15.1,1152,189.0,684,110.0,1951,1495,18.2,65.4,1.3529,0,0,0,0,0,0,1
22,3.0,1371,212.0,14.6,1136,174.0,689,102.0,1927,1471,18.1,66.1,1.3579,0,0,0,0,0,0,1
23,3.1,1406,275.0,13.7,1107,167.0,718,108.0,1872,1384,17.7,66.9,1.3422,0,0,0,0,0,0,1
0,3.5,1425,275.0,15.2,1155,185.0,709,110.0,1936,1789,17.8,66.8,1.346,1,0,0,0,0,0,0
1,2.4,1179,102.33333,9.3,951,129.0,826,84.0,1724,1323,17.3,68.3,1.3346,1,0,0,0,0,0,0
2,1.6,1047,94.66667,6.5,833,85.0,939,71.0,1647,1081,16.5,70.2,1.3099,1,0,0,0,0,0,0
4,0.93333,882,63.0,3.5,685,35.0,1134,42.0,1492,673,16.2,69.9,1.2756,1,0,0,0,0,0,0
5,0.6,858,55.66667,2.6,624,24.0,1205,32.0,1434,543,16.7,67.1,1.2619,1,0,0,0,0,0,0
6,0.7,875,55.66667,3.1,659,30.0,1180,35.0,1452,561,16.7,66.9,1.2631,1,0,0,0,0,0,0
7,1.2,1012,68.0,6.5,833,75.0,916,67.0,1632,862,16.9,66.5,1.2688,1,0,0,0,0,0,0
8,1.5,1049,121.66667,6.5,836,79.0,926,73.0,1615,901,17.7,62.0,1.2458,1,0,0,0,0,0,0
9,1.8,1131,158.66667,8.8,932,104.0,854,86.0,1693,1048,19.4,54.6,1.2184,1,0,0,0,0,0,0
10,2.1,1120,207.33333,8.8,931,118.0,886,89.0,1652,971,21.6,46.1,1.1725,1,0,0,0,0,0,0
11,1.9,1117,172.0,9.2,946,105.0,909,86.0,1657,915,24.6,36.7,1.1202,1,0,0,0,0,0,0
12,2.0,1110,109.66667,9.2,948,101.0,901,86.0,1632,891,26.0,31.9,1.0566,1,0,0,0,0,0,0
13,1.3,962,97.66667,6.1,816,65.0,1044,66.0,1489,628,25.6,31.5,1.0184,1,0,0,0,0,0,0
14,1.3,963,59.33333,6.5,835,59.0,1029,68.0,1495,556,24.8,34.8,1.0716,1,0,0,0,0,0,0
15,1.8,1050,88.33333,9.2,948,80.0,928,82.0,1584,652,26.1,30.3,1.0101,1,0,0,0,0,0,0
16,2.0,1053,114.66667,8.3,911,98.0,949,91.0,1603,683,25.5,33.5,1.0767,1,0,0,0,0,0,0
17,1.8,1045,106.0,8.3,910,89.0,948,95.0,1598,624,23.7,37.2,1.0746,1,0,0,0,0,0,0
18,2.4,1124,123.66667,11.0,1013,114.0,849,104.0,1676,733,22.3,38.9,1.0324,1,0,0,0,0,0,0
19,4.0,1330,211.66667,14.7,1140,195.0,759,131.0,1780,1062,20.7,42.8,1.0298,1,0,0,0,0,0,0
20,2.8,1171,185.0,10.8,1006,156.0,835,112.0,1674,988,19.0,51.7,1.1222,1,0,0,0,0,0,0
21,2.0,1085,155.0,9.4,954,109.0,866,100.0,1656,871,17.8,55.5,1.1174,1,0,0,0,0,0,0
22,3.6,1358,290.66667,14.8,1144,184.0,727,115.0,1851,1243,17.4,57.6,1.1342,1,0,0,0,0,0,0
23,3.7,1385,255.33333,13.3,1094,190.0,765,129.0,1769,1175,17.6,58.5,1.1645,1,0,0,0,0,0,0
0,2.3,1167,132.66667,8.4,914,105.0,876,99.0,1599,1126,17.2,59.3,1.1551,0,1,0,0,0,0,0
1,1.8,1072,84.66667,7.9,894,76.0,893,74.0,1646,1118,17.1,60.4,1.1633,0,1,0,0,0,0,0
2,0.9,938,42.33333,5.5,789,38.0,989,55.0,1536,864,16.4,62.2,1.1507,0,1,0,0,0,0,0
4,1.03333,854,65.0,3.3,670,26.0,1141,35.0,1460,684,14.8,65.8,1.1028,0,1,0,0,0,0,0
5,0.6,815,33.66667,2.6,628,33.0,1212,37.0,1426,689,14.7,65.2,1.0811,0,1,0,0,0,0,0
6,0.7,866,41.66667,3.6,689,57.0,1138,45.0,1456,767,13.1,70.2,1.0554,0,1,0,0,0,0,0
7,0.8,911,89.0,4.8,751,48.0,1036,46.0,1518,817,14.3,66.2,1.0728,0,1,0,0,0,0,0
8,1.2,988,164.66667,5.9,806,87.0,951,68.0,1568,940,16.0,61.6,1.1083,0,1,0,0,0,0,0
9,1.4,1046,150.33333,6.9,851,94.0,920,77.0,1595,908,17.7,56.4,1.1342,0,1,0,0,0,0,0
10,1.6,1085,84.33333,8.5,918,89.0,890,79.0,1639,871,21.3,44.7,1.1157,0,1,0,0,0,0,0
11,1.3,1008,75.0,6.1,816,78.0,1015,72.0,1531,689,23.6,36.4,1.0431,0,1,0,0,0,0,0
12,1.3,1004,100.66667,6.2,821,72.0,1031,68.0,1510,629,24.3,34.0,1.0149,0,1,0,0,0,0,0
13,1.1,948,131.0,4.8,754,64.0,1086,64.0,1436,602,24.4,32.7,0.9863,0,1,0,0,0,0,0
14,1.2,1026,88.0,6.8,847,70.0,1010,73.0,1519,617,24.6,31.7,0.9647,0,1,0,0,0,0,0
15,1.5,1047,126.66667,7.0,859,92.0,948,84.0,1538,677,23.9,34.3,1.002,0,1,0,0,0,0,0
16,1.1,1018,100.33333,5.5,790,69.0,1047,67.0,1443,580,25.9,28.1,0.9258,0,1,0,0,0,0,0
17,1.9,1160,106.66667,9.5,957,131.0,884,106.0,1637,861,24.5,32.3,0.9815,0,1,0,0,0,0,0
18,2.3,1269,203.66667,11.9,1047,144.0,809,114.0,1721,1080,22.6,39.3,1.06,0,1,0,0,0,0,0
19,3.3,1394,381.0,13.8,1111,209.0,736,123.0,1853,1288,21.2,47.5,1.1828,0,1,0,0,0,0,0
20,2.6,1292,330.66667,10.7,1003,170.0,789,108.0,1753,1163,19.9,54.9,1.2632,0,1,0,0,0,0,0
21,2.2,1212,208.33333,9.7,966,152.0,840,100.0,1691,1043,19.4,52.1,1.1642,0,1,0,0,0,0,0
22,2.3,1137,240.0,10.2,985,171.0,858,118.0,1607,1045,19.4,42.6,0.9485,0,1,0,0,0,0,0
23,2.0,1080,152.0,8.3,910,153.0,923,121.0,1548,929,19.1,44.1,0.966,0,1,0,0,0,0,0
0,1.6,1031,86.33333,7.1,861,97.0,903,94.0,1534,825,18.0,49.3,1.0086,0,0,1,0,0,0,0
1,0.8,917,41.66667,3.0,654,37.0,1169,52.0,1414,545,17.6,54.6,1.0918,0,0,1,0,0,0,0
2,0.6,888,47.33333,2.2,598,26.0,1228,39.0,1397,500,16.4,62.1,1.1493,0,0,1,0,0,0,0
4,0.46667,876,33.0,1.5,547,25.0,1256,33.0,1351,505,16.0,61.4,1.1043,0,0,1,0,0,0,0
5,0.7,964,40.0,3.7,697,61.0,1067,57.0,1516,717,15.8,64.3,1.1416,0,0,1,0,0,0,0
6,1.3,1147,160.0,8.2,906,152.0,815,80.0,1687,1126,16.0,65.8,1.1844,0,0,1,0,0,0,0
7,3.4,1493,429.33333,21.1,1328,283.0,577,101.0,2193,1597,16.8,62.5,1.1869,0,0,1,0,0,0,0
8,4.7,1597,613.33333,26.5,1466,320.0,518,109.0,2400,1687,16.9,66.1,1.2613,0,0,1,0,0,0,0
9,3.4,1483,558.66667,17.4,1222,318.0,597,109.0,2054,1529,17.4,68.9,1.3557,0,0,1,0,0,0,0
10,2.5,1222,375.66667,12.9,1080,201.0,742,111.0,1755,1366,21.4,45.0,1.1291,0,0,1,0,0,0,0
11,2.0,1060,129.66667,10.9,1010,135.0,858,102.0,1623,1074,23.9,30.7,0.9002,0,0,1,0,0,0,0
12,1.9,1048,149.33333,11.0,1013,127.0,886,96.0,1584,940,26.8,25.2,0.8721,0,0,1,0,0,0,0
13,1.7,1051,150.33333,10.8,1008,102.0,911,90.0,1561,921,28.4,23.6,0.8983,0,0,1,0,0,0,0
14,1.4,998,149.0,10.0,977,74.0,947,69.0,1496,695,30.3,20.1,0.8539,0,0,1,0,0,0,0
15,1.5,1058,265.0,11.2,1023,81.0,896,74.0,1580,795,30.9,19.7,0.8649,0,0,1,0,0,0,0
16,2.4,1203,151.33333,16.8,1204,129.0,790,102.0,1744,1079,30.2,20.5,0.8672,0,0,1,0,0,0,0
17,3.9,1491,386.0,23.6,1392,190.0,630,128.0,2149,1473,26.4,34.6,1.1724,0,0,1,0,0,0,0
18,4.2,1467,642.33333,23.3,1385,192.0,623,130.0,2084,1493,24.9,39.4,1.2268,0,0,1,0,0,0,0
19,3.7,1407,568.33333,19.4,1279,163.0,660,120.0,2009,1308,23.5,43.7,1.2484,0,0,1,0,0,0,0
20,3.2,1324,322.66667,13.1,1086,149.0,692,113.0,1903,1189,19.3,63.1,1.4028,0,0,1,0,0,0,0
21,2.0,1214,176.0,9.8,970,119.0,777,100.0,1771,1076,18.7,64.6,1.3836,0,0,1,0,0,0,0
22,1.1,1016,73.33333,5.3,780,61.0,967,70.0,1566,806,19.5,57.1,1.2806,0,0,1,0,0,0,0
23,1.5,1135,104.66667,6.7,842,84.0,872,83.0,1653,973,18.9,62.5,1.3521,0,0,1,0,0,0,0
0,1.3,1065,52.33333,5.5,789,79.0,936,81.0,1620,929,18.4,65.8,1.3802,0,0,0,1,0,0,0
1,1.0,999,45.0,3.7,692,58.0,1038,69.0,1588,778,16.4,79.2,1.4681,0,0,0,1,0,0,0
2,0.6,911,54.33333,2.2,599,32.0,1189,48.0,1517,633,16.1,80.0,1.4562,0,0,0,1,0,0,0
4,0.63333,881,37.33333,1.5,546,21.0,1335,28.0,1465,458,15.6,81.0,1.4216,0,0,0,1,0,0,0
5,0.6,967,25.33333,2.9,646,49.0,1117,47.0,1552,579,15.7,80.5,1.4236,0,0,0,1,0,0,0
6,1.9,1280,114.66667,9.9,976,180.0,780,88.0,1912,1003,16.0,80.8,1.4602,0,0,0,1,0,0,0
7,4.5,1564,642.0,23.0,1379,302.0,552,109.0,2306,1393,16.6,78.0,1.4572,0,0,0,1,0,0,0
8,4.3,1505,694.66667,22.3,1358,258.0,556,113.0,2248,1406,16.1,79.2,1.4398,0,0,0,1,0,0,0
9,3.2,1309,467.66667,16.2,1186,192.0,649,104.0,1973,1308,17.7,70.8,1.4171,0,0,0,1,0,0,0
10,1.3,1035,234.66667,7.9,895,84.0,898,65.0,1657,863,20.3,54.8,1.2867,0,0,0,1,0,0,0
11,2.2,1148,146.66667,12.4,1062,128.0,753,87.0,1825,1004,21.2,49.3,1.2271,0,0,0,1,0,0,0
12,2.6,1152,180.66667,13.6,1104,145.0,725,99.0,1860,1023,21.5,47.9,1.2178,0,0,0,1,0,0,0
13,2.3,1131,179.0,12.3,1059,132.0,772,100.0,1784,978,21.4,47.7,1.2047,0,0,0,1,0,0,0
14,2.4,1142,167.66667,12.1,1053,136.0,753,105.0,1814,979,20.4,54.0,1.2757,0,0,0,1,0,0,0
15,2.6,1197,203.0,12.9,1082,140.0,753,97.0,1851,971,19.9,57.1,1.3158,0,0,0,1,0,0,0
16,1.2,960,137.33333,6.3,828,55.0,971,54.0,1565,617,19.9,55.2,1.2701,0,0,0,1,0,0,0
17,1.6,1077,350.0,10.6,1001,67.0,836,59.0,1764,717,19.5,55.7,1.2512,0,0,0,1,0,0,0
18,3.9,1377,633.66667,20.6,1313,191.0,612,109.0,2120,1220,18.3,62.8,1.3127,0,0,0,1,0,0,0
19,4.7,1405,593.0,22.1,1353,227.0,602,125.0,2185,1296,17.2,68.3,1.3289,0,0,0,1,0,0,0
20,5.4,1484,570.33333,20.8,1319,264.0,591,132.0,2166,1413,16.1,75.2,1.3654,0,0,0,1,0,0,0
21,3.0,1187,239.66667,11.8,1042,196.0,766,110.0,1840,1093,16.6,70.8,1.3253,0,0,0,1,0,0,0
22,0.9,870,119.0,4.3,729,43.0,1096,53.0,1475,586,18.5,56.0,1.181,0,0,0,1,0,0,0
23,1.1,932,95.0,5.0,765,58.0,1054,61.0,1543,575,17.3,59.5,1.1667,0,0,0,1,0,0,0
0,0.7,830,68.0,2.3,608,33.0,1282,41.0,1370,441,18.6,52.3,1.1121,0,0,0,0,1,0,0
1,0.5,778,62.33333,1.4,534,14.0,1480,22.0,1294,358,19.0,49.8,1.0831,0,0,0,0,1,0,0
2,0.5,820,46.0,1.5,541,18.0,1450,28.0,1360,377,15.7,64.5,1.14,0,0,0,0,1,0,0
4,0.6,867,30.33333,2.1,589,28.0,1267,41.0,1439,468,14.7,74.1,1.2302,0,0,0,0,1,0,0
5,0.8,927,51.0,3.5,682,56.0,1109,54.0,1526,580,14.6,77.1,1.2727,0,0,0,0,1,0,0
6,1.3,1060,47.33333,6.9,851,108.0,912,81.0,1673,805,14.5,78.3,1.2851,0,0,0,0,1,0,0
7,3.5,1440,525.66667,19.1,1271,251.0,630,107.0,2163,1273,15.1,76.8,1.3061,0,0,0,0,1,0,0
9,3.9,1384,553.66667,18.9,1265,255.0,620,124.0,2143,1307,16.4,72.4,1.3379,0,0,0,0,1,0,0
10,2.9,1172,365.0,13.0,1085,214.0,737,123.0,1876,1102,16.3,68.6,1.2657,0,0,0,0,1,0,0
11,2.6,1143,266.66667,13.0,1083,190.0,735,120.0,1887,1083,17.2,62.9,1.2228,0,0,0,0,1,0,0
12,3.0,1167,234.66667,14.5,1134,182.0,709,113.0,1920,1083,17.4,61.1,1.206,0,0,0,0,1,0,0
13,3.7,1303,176.33333,19.7,1288,202.0,618,114.0,2116,1236,16.8,66.8,1.2691,0,0,0,0,1,0,0
14,3.9,1264,221.66667,19.4,1279,224.0,631,120.0,2049,1223,17.3,62.6,1.226,0,0,0,0,1,0,0
15,3.5,1242,162.0,16.4,1193,221.0,684,125.0,1945,1175,17.5,60.8,1.2029,0,0,0,0,1,0,0
16,2.4,1070,147.66667,11.2,1022,126.0,824,88.0,1740,933,17.5,59.2,1.1725,0,0,0,0,1,0,0
17,1.6,981,118.66667,10.0,978,79.0,857,72.0,1682,835,17.7,56.9,1.1392,0,0,0,0,1,0,0
18,3.0,1198,301.0,14.6,1136,137.0,717,103.0,1870,1291,17.1,61.5,1.1873,0,0,0,0,1,0,0
19,1.6,1000,259.0,8.5,918,68.0,881,67.0,1661,802,17.5,63.9,1.2667,0,0,0,0,1,0,0
20,2.1,1110,99.33333,9.2,949,96.0,850,79.0,1733,842,15.9,70.7,1.2672,0,0,0,0,1,0,0
21,1.8,1023,189.33333,6.9,854,111.0,918,89.0,1637,744,15.1,75.1,1.2799,0,0,0,0,1,0,0
22,1.1,861,67.0,3.7,695,56.0,1130,67.0,1438,500,13.9,72.5,1.1502,0,0,0,0,1,0,0
23,1.5,969,77.0,4.9,760,81.0,1059,83.0,1518,560,12.0,79.8,1.1175,0,0,0,0,1,0,0
0,1.4,898,99.0,4.6,741,79.0,1085,76.0,1468,589,12.5,75.8,1.0938,0,0,0,0,0,1,0
1,0.9,835,77.66667,3.4,674,46.0,1201,58.0,1416,488,12.0,75.0,1.0499,0,0,0,0,0,1,0
2,0.5,766,37.33333,1.2,523,19.0,1534,30.0,1310,387,12.6,72.2,1.0503,0,0,0,0,0,1,0
4,0.63333,758,45.66667,1.2,517,15.0,1625,22.0,1294,351,13.1,67.1,1.0079,0,0,0,0,0,1,0
5,0.6,804,41.66667,2.3,604,48.0,1366,50.0,1357,420,13.2,64.6,0.9774,0,0,0,0,0,1,0
6,1.3,948,48.33333,6.1,817,128.0,1048,92.0,1546,695,13.1,65.6,0.9815,0,0,0,0,0,1,0
7,2.9,1204,462.33333,16.8,1205,193.0,729,101.0,1984,1139,14.7,58.5,0.9688,0,0,0,0,0,1,0
8,3.6,1231,598.0,20.3,1304,203.0,652,121.0,2029,1315,15.9,53.1,0.9529,0,0,0,0,0,1,0
9,3.4,1176,402.66667,16.4,1191,220.0,705,130.0,1836,1217,17.9,46.1,0.9388,0,0,0,0,0,1,0
10,2.5,1043,219.66667,12.5,1066,161.0,789,114.0,1692,1014,20.2,37.7,0.8833,0,0,0,0,0,1,0
11,2.1,992,238.0,9.8,970,135.0,869,100.0,1624,884,18.5,42.8,0.9026,0,0,0,0,0,1,0
12,1.1,885,97.0,5.2,772,57.0,1035,56.0,1450,524,13.0,64.3,0.9586,0,0,0,0,0,1,0
13,1.8,991,147.66667,8.9,937,91.0,874,75.0,1581,644,15.1,54.5,0.9309,0,0,0,0,0,1,0
14,3.0,1182,212.0,14.1,1119,219.0,733,121.0,1831,1032,13.6,65.5,1.0184,0,0,0,0,0,1,0
15,3.1,1191,204.33333,12.7,1074,239.0,741,128.0,1816,1038,12.3,78.3,1.1154,0,0,0,0,0,1,0
16,3.6,1272,140.33333,14.6,1136,209.0,730,139.0,1869,1077,12.7,74.2,1.0863,0,0,0,0,0,1,0
17,3.3,1138,225.0,12.4,1063,169.0,804,122.0,1728,983,14.4,64.2,1.049,0,0,0,0,0,1,0
18,1.8,1008,134.66667,9.4,954,92.0,892,92.0,1626,834,15.6,58.3,1.0266,0,0,0,0,0,1,0
19,2.1,1075,152.0,11.0,1015,107.0,824,97.0,1722,949,15.0,61.4,1.0385,0,0,0,0,0,1,0
20,2.2,1034,135.0,8.9,935,122.0,870,98.0,1605,941,13.7,65.8,1.0254,0,0,0,0,0,1,0
21,1.6,934,61.33333,6.6,841,100.0,973,93.0,1497,756,12.3,66.4,0.944,0,0,0,0,0,1,0
22,0.9,883,48.0,3.9,705,51.0,1133,65.0,1422,655,15.4,58.8,1.0215,0,0,0,0,0,1,0
23,1.8,1021,74.33333,7.3,871,93.0,938,81.0,1586,805,14.1,64.9,1.0405,0,0,0,0,0,1,0
0,2.3,1059,111.66667,8.2,907,145.0,879,102.0,1579,970,13.8,64.7,1.0168,0,0,0,0,0,0,1
1,2.0,1023,110.0,7.5,878,106.0,896,91.0,1568,969,13.5,67.8,1.042,0,0,0,0,0,0,1
2,0.9,855,40.0,3.3,669,46.0,1160,56.0,1427,671,13.7,69.4,1.0794,0,0,0,0,0,0,1
4,0.63333,831,51.0,2.2,602,32.0,1269,41.0,1386,535,14.0,67.8,1.0787,0,0,0,0,0,0,1
5,0.7,817,66.0,2.8,639,51.0,1260,48.0,1364,489,14.6,61.1,1.0075,0,0,0,0,0,0,1
6,1.5,972,175.66667,7.5,880,89.0,964,72.0,1590,689,14.3,60.5,0.9847,0,0,0,0,0,0,1
7,3.7,1200,295.66667,19.8,1290,214.0,657,106.0,2014,1196,14.9,56.9,0.9582,0,0,0,0,0,0,1
8,4.2,1234,455.0,22.1,1355,196.0,621,107.0,2095,1266,16.4,50.2,0.9286,0,0,0,0,0,0,1
9,3.4,1164,197.0,15.0,1148,224.0,741,127.0,1824,1130,16.0,50.9,0.9211,0,0,0,0,0,0,1
10,2.4,976,131.66667,9.3,952,174.0,878,114.0,1582,834,18.6,42.8,0.9091,0,0,0,0,0,0,1
11,1.3,844,163.66667,6.3,825,90.0,1027,101.0,1405,536,19.7,33.7,0.7646,0,0,0,0,0,0,1
12,1.5,851,194.0,8.2,906,89.0,989,95.0,1418,545,21.2,27.7,0.6864,0,0,0,0,0,0,1
13,2.2,926,156.66667,10.9,1010,132.0,904,110.0,1526,720,19.7,28.5,0.6445,0,0,0,0,0,0,1
14,1.8,890,120.66667,9.3,950,114.0,940,101.0,1460,655,19.8,29.7,0.678,0,0,0,0,0,0,1
15,1.9,921,92.33333,8.4,914,107.0,937,106.0,1481,614,19.2,35.6,0.7856,0,0,0,0,0,0,1
16,2.3,1052,117.66667,9.4,956,140.0,869,116.0,1600,725,14.2,60.5,0.9765,0,0,0,0,0,0,1
17,3.6,1247,236.0,17.9,1238,187.0,691,124.0,1948,1036,12.9,69.1,1.0249,0,0,0,0,0,0,1
18,4.3,1205,401.0,17.4,1222,222.0,684,133.0,1911,1127,12.7,70.4,1.0294,0,0,0,0,0,0,1
19,2.2,1016,252.33333,10.5,995,117.0,857,96.0,1642,854,13.9,62.7,0.9905,0,0,0,0,0,0,1
20,1.5,984,201.66667,7.5,879,89.0,940,85.0,1527,792,13.9,62.9,0.9948,0,0,0,0,0,0,1
21,2.0,1041,74.0,8.0,898,130.0,922,97.0,1595,891,13.4,65.2,0.9996,0,0,0,0,0,0,1
22,2.0,1027,98.0,7.7,887,133.0,927,97.0,1568,876,13.4,64.6,0.9864,0,0,0,0,0,0,1
23,2.1,1025,114.66667,7.3,869,144.0,954,101.0,1531,851,13.3,63.6,0.9677,0,0,0,0,0,0,1
0,1.5,984,56.33333,6.4,829,99.0,1003,85.0,1516,787,13.3,61.8,0.9433,1,0,0,0,0,0,0
1,2.2,969,58.66667,5.6,791,102.0,1084,80.0,1446,711,13.6,59.7,0.9271,1,0,0,0,0,0,0
2,0.5,758,33.0,1.5,546,27.0,1483,33.0,1252,396,14.6,53.3,0.8807,1,0,0,0,0,0,0
9,4.4,1378,321.33333,20.2,1303,257.0,633,117.0,2051,1494,17.8,51.1,1.0362,0,0,1,0,0,0,0
10,2.5,1132,525.0,13.4,1096,178.0,731,107.0,1808,1186,20.0,45.0,1.0379,0,0,1,0,0,0,0
11,2.1,1108,339.0,11.7,1040,145.0,767,95.0,1748,1051,20.3,44.1,1.0392,0,0,1,0,0,0,0
12,2.4,1131,341.66667,13.4,1097,137.0,735,93.0,1797,1027,20.7,42.4,1.0248,0,0,1,0,0,0,0
13,2.2,1105,160.66667,12.9,1080,139.0,751,104.0,1758,981,20.8,40.6,0.9888,0,0,1,0,0,0,0
14,2.2,1120,149.0,13.4,1096,130.0,753,102.0,1767,976,21.5,39.7,1.0042,0,0,1,0,0,0,0
15,2.3,1100,124.33333,13.7,1108,148.0,800,109.0,1731,932,25.0,30.1,0.9394,0,0,1,0,0,0,0
16,2.1,1098,219.33333,14.2,1124,120.0,810,97.0,1716,871,25.2,29.7,0.9371,0,0,1,0,0,0,0
17,2.5,1137,278.0,17.8,1234,132.0,749,104.0,1824,990,23.4,32.0,0.91,0,0,1,0,0,0,0
18,3.6,1267,334.33333,22.0,1352,188.0,651,124.0,1961,1196,21.0,37.8,0.9298,0,0,1,0,0,0,0
19,4.0,1319,458.0,24.4,1413,204.0,597,135.0,2050,1329,19.2,45.7,1.0084,0,0,1,0,0,0,0
20,3.0,1160,384.66667,16.3,1189,167.0,698,122.0,1824,1151,17.7,50.9,1.0232,0,0,1,0,0,0,0
21,2.1,1084,119.33333,12.4,1063,128.0,775,109.0,1703,1031,16.8,53.6,1.0167,0,0,1,0,0,0,0
22,1.7,1025,112.66667,9.6,963,106.0,842,95.0,1621,917,15.8,56.2,1.0033,0,0,1,0,0,0,0
23,1.1,953,129.66667,6.4,830,88.0,986,86.0,1521,860,16.0,56.5,1.0166,0,0,1,0,0,0,0
0,0.9,959,102.66667,6.0,812,77.0,961,78.0,1518,910,14.2,64.1,1.0346,0,0,0,1,0,0,0
1,0.4,834,88.33333,2.8,637,36.0,1187,53.0,1362,699,15.0,59.8,1.0142,0,0,0,1,0,0,0
2,0.2,787,62.33333,1.6,549,28.0,1366,43.0,1317,596,14.3,61.9,1.0031,0,0,0,1,0,0,0
4,1.13333,807,79.66667,1.8,571,46.0,1305,53.0,1335,704,11.4,70.5,0.9484,0,0,0,1,0,0,0
5,0.6,866,104.0,3.6,686,55.0,1135,48.0,1405,741,12.0,68.0,0.9547,0,0,0,1,0,0,0
6,1.4,1035,217.66667,8.4,917,135.0,882,64.0,1606,968,11.3,70.4,0.9443,0,0,0,1,0,0,0
7,4.6,1469,265.66667,27.5,1491,327.0,555,95.0,2301,1561,12.7,65.6,0.962,0,0,0,1,0,0,0
8,5.5,1553,560.66667,31.0,1575,383.0,508,120.0,2423,1779,14.5,59.8,0.9795,0,0,0,1,0,0,0
9,4.8,1513,584.66667,26.0,1455,366.0,554,153.0,2182,1822,17.5,49.8,0.9877,0,0,0,1,0,0,0
10,4.5,1395,469.0,22.6,1368,322.0,605,163.0,2032,1675,21.9,35.2,0.9128,0,0,0,1,0,0,0
11,3.0,1209,366.0,18.3,1248,188.0,712,119.0,1891,1295,23.5,29.5,0.8435,0,0,0,1,0,0,0
12,2.5,1142,296.66667,13.9,1115,144.0,776,96.0,1735,1091,24.3,29.8,0.8926,0,0,0,1,0,0,0
13,2.3,1140,279.33333,14.4,1129,132.0,765,94.0,1728,1023,23.8,31.7,0.9212,0,0,0,1,0,0,0
14,2.0,1105,179.33333,11.6,1035,117.0,826,86.0,1643,877,24.2,31.2,0.9257,0,0,0,1,0,0,0
15,1.9,1131,265.0,12.2,1058,121.0,824,91.0,1664,931,26.5,27.2,0.9282,0,0,0,1,0,0,0
16,1.9,1162,181.66667,12.4,1064,124.0,832,97.0,1675,913,25.7,28.4,0.9248,0,0,0,1,0,0,0
17,3.5,1336,421.33333,21.1,1326,188.0,674,125.0,1923,1255,26.3,27.5,0.9306,0,0,0,1,0,0,0
18,4.6,1533,729.0,29.9,1549,226.0,573,140.0,2233,1571,24.4,31.6,0.9545,0,0,0,1,0,0,0
19,6.3,1650,677.33333,34.3,1649,266.0,528,158.0,2345,1779,23.1,35.3,0.9845,0,0,0,1,0,0,0
20,5.0,1535,535.66667,26.1,1458,269.0,568,159.0,2120,1735,21.1,40.2,0.997,0,0,0,1,0,0,0
21,3.3,1382,291.0,18.1,1243,183.0,632,128.0,1941,1511,19.2,52.3,1.1516,0,0,0,1,0,0,0
22,2.7,1335,217.0,14.2,1122,167.0,673,114.0,1840,1424,18.1,58.7,1.2072,0,0,0,1,0,0,0
23,2.2,1267,228.0,12.4,1064,138.0,706,100.0,1766,1348,17.3,58.8,1.1494,0,0,0,1,0,0,0
0,1.7,1122,100.33333,8.7,926,105.0,805,88.0,1619,1174,16.9,58.8,1.125,0,0,0,0,1,0,0
1,0.8,986,92.66667,5.2,771,54.0,964,67.0,1518,947,17.6,57.6,1.1484,0,0,0,0,1,0,0
2,0.8,966,73.33333,4.6,744,58.0,967,65.0,1511,935,15.6,63.9,1.1287,0,0,0,0,1,0,0
4,0.83333,872,55.66667,2.7,632,37.0,1132,47.0,1403,768,15.6,62.2,1.0961,0,0,0,0,1,0,0
5,0.8,967,42.66667,4.7,749,84.0,996,57.0,1517,881,14.0,68.3,1.0884,0,0,0,0,1,0,0
6,1.5,1152,47.33333,9.6,964,134.0,800,73.0,1705,1096,14.5,65.7,1.0804,0,0,0,0,1,0,0
7,4.1,1500,530.0,23.6,1393,279.0,560,95.0,2163,1495,15.5,62.2,1.0875,0,0,0,0,1,0,0
8,5.9,1754,606.0,37.4,1716,333.0,452,110.0,2667,1895,17.0,56.8,1.0909,0,0,0,0,1,0,0
9,5.1,1558,684.33333,26.6,1469,336.0,525,121.0,2281,1758,18.8,52.4,1.1285,0,0,0,0,1,0,0
10,3.9,1446,469.0,22.0,1350,280.0,568,108.0,2140,1630,19.7,51.9,1.1796,0,0,0,0,1,0,0
11,3.4,1349,427.33333,17.9,1236,275.0,627,125.0,1964,1530,20.9,44.6,1.0872,0,0,0,0,1,0,0
12,3.3,1452,399.0,22.7,1371,207.0,576,117.0,2138,1622,21.9,43.3,1.1265,0,0,0,0,1,0,0
13,5.1,1676,428.33333,29.3,1534,305.0,496,131.0,2413,1828,20.4,55.7,1.3205,0,0,0,0,1,0,0
14,3.1,1327,396.66667,14.7,1139,236.0,658,126.0,1894,1323,17.4,67.0,1.325,0,0,0,0,1,0,0
15,2.5,1248,214.0,12.6,1072,183.0,713,114.0,1797,1188,17.1,64.0,1.2413,0,0,0,0,1,0,0
16,2.4,1250,317.0,12.7,1074,162.0,724,123.0,1806,1166,17.3,61.1,1.1957,0,0,0,0,1,0,0
17,2.8,1222,236.33333,13.0,1084,157.0,727,116.0,1797,1108,17.7,56.3,1.13,0,0,0,0,1,0,0
18,2.9,1159,323.33333,13.4,1097,136.0,748,107.0,1709,995,17.4,48.6,0.9559,0,0,0,0,1,0,0
19,3.4,1192,361.0,14.8,1143,166.0,740,123.0,1767,1108,17.6,43.7,0.8698,0,0,0,0,1,0,0
20,2.2,1074,321.0,9.4,954,136.0,846,112.0,1570,956,16.7,47.2,0.892,0,0,0,0,1,0,0
21,1.6,984,85.33333,6.9,851,112.0,959,101.0,1452,817,16.8,45.6,0.8636,0,0,0,0,1,0,0
22,1.3,970,77.0,5.2,773,87.0,1026,91.0,1425,658,16.1,52.0,0.946,0,0,0,0,1,0,0
23,1.3,987,86.66667,5.7,800,86.0,989,88.0,1462,658,15.5,57.1,0.996,0,0,0,0,1,0,0
0,1.6,1003,85.33333,6.5,836,98.0,949,96.0,1455,748,16.2,50.2,0.9156,0,0,0,0,0,1,0
1,1.2,933,60.0,4.7,747,62.0,1045,75.0,1405,569,16.4,50.5,0.938,0,0,0,0,0,1,0
2,0.6,859,45.66667,2.5,620,32.0,1201,47.0,1316,445,16.2,52.8,0.9626,0,0,0,0,0,1,0
4,0.76667,792,52.0,1.0,501,21.0,1554,25.0,1252,354,16.2,53.0,0.9672,0,0,0,0,0,1,0
5,0.4,835,30.66667,1.7,560,41.0,1409,49.0,1317,407,16.2,53.7,0.9799,0,0,0,0,0,1,0
6,1.0,975,43.66667,4.5,736,86.0,1069,85.0,1459,611,15.9,55.3,0.991,0,0,0,0,0,1,0
7,2.0,1133,96.0,9.4,957,174.0,815,106.0,1652,944,16.2,55.6,1.0151,0,0,0,0,0,1,0
8,3.6,1347,530.0,17.9,1237,264.0,645,136.0,1984,1328,16.0,59.3,1.0711,0,0,0,0,0,1,0
9,2.4,1122,192.0,10.6,1000,211.0,783,119.0,1663,1085,16.6,55.6,1.042,0,0,0,0,0,1,0
10,2.4,1152,203.0,11.0,1014,208.0,774,122.0,1714,1139,17.4,51.8,1.022,0,0,0,0,0,1,0
11,1.6,1020,188.66667,7.2,866,139.0,907,90.0,1554,799,17.6,49.7,0.9944,0,0,0,0,0,1,0
12,1.9,1066,155.66667,8.7,927,138.0,846,97.0,1608,804,17.2,52.8,1.0236,0,0,0,0,0,1,0
13,2.4,1105,287.0,11.1,1016,142.0,789,98.0,1736,930,18.2,49.6,1.0268,0,0,0,0,0,1,0
14,1.7,1056,170.33333,7.9,894,131.0,891,93.0,1576,771,19.5,45.0,1.0114,0,0,0,0,0,1,0
15,2.1,1084,161.0,9.8,970,132.0,818,98.0,1626,845,19.5,45.5,1.0189,0,0,0,0,0,1,0
16,3.1,1288,182.0,16.4,1191,178.0,691,123.0,1910,1192,19.8,44.3,1.0104,0,0,0,0,0,1,0
17,4.6,1390,348.66667,22.6,1368,228.0,605,148.0,2092,1494,20.3,43.1,1.0114,0,0,0,0,0,1,0
18,4.5,1374,521.66667,20.2,1303,232.0,636,148.0,2036,1457,20.3,44.4,1.0457,0,0,0,0,0,1,0
19,3.9,1378,580.33333,21.7,1342,204.0,612,133.0,2076,1489,19.8,47.9,1.092,0,0,0,0,0,1,0
20,4.6,1428,446.66667,21.2,1329,250.0,594,141.0,2102,1602,19.1,52.3,1.1486,0,0,0,0,0,1,0
21,3.3,1336,383.33333,15.9,1176,208.0,656,131.0,1891,1468,18.2,54.7,1.1336,0,0,0,0,0,1,0
22,2.7,1234,191.66667,12.0,1049,158.0,746,121.0,1733,1274,17.8,55.0,1.1097,0,0,0,0,0,1,0
23,3.3,1300,240.66667,17.4,1221,197.0,648,123.0,1946,1401,17.5,56.4,1.1175,0,0,0,0,0,1,0
0,2.5,1246,227.0,15.0,1150,152.0,654,107.0,1873,1354,17.3,57.8,1.1298,0,0,0,0,0,0,1
1,2.1,1141,90.33333,11.1,1017,112.0,740,104.0,1690,1188,16.8,57.5,1.0912,0,0,0,0,0,0,1
2,1.3,1014,57.33333,6.9,853,75.0,883,91.0,1538,975,16.3,57.0,1.0484,0,0,0,0,0,0,1
4,1.06667,988,66.0,6.1,814,74.0,908,87.0,1512,921,15.5,59.9,1.0498,0,0,0,0,0,0,1
5,1.2,983,135.66667,6.5,833,116.0,894,102.0,1524,1012,16.0,58.3,1.0481,0,0,0,0,0,0,1
6,1.5,1033,125.66667,8.4,917,118.0,882,95.0,1617,905,17.2,52.3,1.0169,0,0,0,0,0,0,1
7,3.7,1388,301.0,22.8,1372,272.0,601,140.0,2105,1449,18.5,49.4,1.0397,0,0,0,0,0,0,1
9,3.3,1148,341.33333,13.6,1104,258.0,723,138.0,1713,1301,21.0,37.9,0.9313,0,0,0,0,0,0,1
10,2.5,1095,188.0,11.1,1019,186.0,815,113.0,1618,1181,22.8,32.4,0.887,0,0,0,0,0,0,1
11,1.9,987,149.66667,10.0,979,130.0,923,101.0,1515,962,25.5,25.6,0.8218,0,0,0,0,0,0,1
12,2.0,984,135.66667,10.5,998,134.0,905,97.0,1523,862,25.9,23.6,0.7771,0,0,0,0,0,0,1
13,2.5,1072,170.33333,13.0,1084,148.0,843,114.0,1622,1017,27.7,20.8,0.7599,0,0,0,0,0,0,1
14,2.1,1048,174.0,12.5,1068,147.0,869,110.0,1573,993,27.1,21.6,0.7618,0,0,0,0,0,0,1
15,2.1,1042,160.33333,11.4,1029,123.0,907,103.0,1540,879,28.4,20.2,0.7697,0,0,0,0,0,0,1
16,2.3,1113,263.0,13.1,1086,138.0,882,119.0,1584,926,28.1,21.9,0.8184,0,0,0,0,0,0,1
17,3.0,1146,216.0,14.9,1145,162.0,836,126.0,1647,1011,27.6,22.3,0.8116,0,0,0,0,0,0,1
18,4.1,1239,346.0,19.1,1272,214.0,748,144.0,1790,1380,25.2,24.3,0.7671,0,0,0,0,0,0,1
19,4.5,1302,397.0,21.8,1346,230.0,706,164.0,1880,1698,24.6,25.1,0.7636,0,0,0,0,0,0,1
20,3.5,1181,206.33333,16.1,1183,191.0,792,148.0,1711,1432,23.1,27.2,0.7575,0,0,0,0,0,0,1
21,2.1,1068,221.66667,11.6,1037,128.0,869,119.0,1567,1217,22.0,28.6,0.7483,0,0,0,0,0,0,1
22,2.3,1135,156.33333,12.4,1065,138.0,803,111.0,1630,1317,20.8,34.5,0.8365,0,0,0,0,0,0,1
23,1.9,1121,163.0,10.4,992,126.0,844,115.0,1505,1255,20.4,35.3,0.8352,0,0,0,0,0,0,1
0,1.9,1131,89.0,9.7,965,107.0,843,103.0,1520,1223,19.1,38.3,0.8381,1,0,0,0,0,0,0
1,1.2,947,73.66667,5.7,798,67.0,964,81.0,1395,930,18.0,40.5,0.8271,1,0,0,0,0,0,0
2,1.0,935,66.0,5.4,786,55.0,964,71.0,1389,954,17.4,43.4,0.8553,1,0,0,0,0,0,0
4,0.8,867,49.33333,4.4,734,48.0,1043,58.0,1324,808,14.6,51.4,0.8489,1,0,0,0,0,0,0
5,0.5,839,61.0,2.8,638,33.0,1171,44.0,1271,643,15.7,46.9,0.8329,1,0,0,0,0,0,0
6,0.6,873,47.0,3.9,704,41.0,1091,49.0,1322,756,15.3,49.7,0.8552,1,0,0,0,0,0,0
7,1.4,1065,64.66667,9.1,942,106.0,890,68.0,1576,1067,16.0,47.4,0.8564,1,0,0,0,0,0,0
8,2.6,1187,269.0,13.6,1104,208.0,727,108.0,1721,1391,17.6,43.3,0.8647,1,0,0,0,0,0,0
9,2.8,1249,556.66667,15.8,1174,193.0,712,117.0,1774,1486,20.3,37.4,0.8807,1,0,0,0,0,0,0
10,2.6,1157,288.33333,12.7,1072,191.0,802,127.0,1653,1327,23.1,30.3,0.8425,1,0,0,0,0,0,0
11,1.6,988,170.66667,8.6,924,113.0,1015,93.0,1463,835,25.0,24.2,0.7568,1,0,0,0,0,0,0
12,1.7,1025,129.0,9.4,955,111.0,997,94.0,1457,834,25.6,23.5,0.7611,1,0,0,0,0,0,0
13,1.7,997,131.0,9.2,947,106.0,998,87.0,1460,815,25.5,22.6,0.7288,1,0,0,0,0,0,0
14,1.3,916,116.33333,6.4,829,82.0,1124,75.0,1333,621,26.1,21.1,0.7023,1,0,0,0,0,0,0
15,1.4,965,117.66667,8.3,910,79.0,1056,81.0,1389,643,28.2,19.4,0.7303,1,0,0,0,0,0,0
16,1.4,985,153.66667,8.1,903,90.0,1059,86.0,1437,712,27.4,20.5,0.7379,1,0,0,0,0,0,0
17,1.7,1026,102.33333,8.5,920,104.0,1037,97.0,1455,746,26.0,22.7,0.7532,1,0,0,0,0,0,0
18,2.3,1125,286.33333,11.0,1016,148.0,910,117.0,1564,991,23.8,27.1,0.7858,1,0,0,0,0,0,0
19,2.5,1159,312.0,12.1,1054,158.0,878,120.0,1603,1046,23.0,28.7,0.7976,1,0,0,0,0,0,0
20,3.3,1284,206.33333,15.0,1149,234.0,780,149.0,1725,1304,21.7,31.8,0.8191,1,0,0,0,0,0,0
21,2.2,1101,287.33333,10.2,986,163.0,852,124.0,1574,1100,20.9,33.2,0.8098,1,0,0,0,0,0,0
22,1.6,1101,197.33333,9.9,972,95.0,879,97.0,1552,1001,20.2,34.3,0.8017,1,0,0,0,0,0,0
23,2.6,1183,259.0,12.0,1049,146.0,762,112.0,1594,1290,19.6,37.0,0.8325,1,0,0,0,0,0,0
0,2.3,1132,216.33333,10.5,996,102.0,822,95.0,1564,1205,18.1,40.9,0.8441,0,1,0,0,0,0,0
1,1.5,998,94.33333,7.1,859,90.0,919,88.0,1450,1045,17.0,43.3,0.8341,0,1,0,0,0,0,0
2,0.9,911,75.0,4.6,743,41.0,1052,54.0,1370,739,16.7,43.4,0.8193,0,1,0,0,0,0,0
4,0.6,808,40.66667,2.6,630,30.0,1234,43.0,1256,573,15.2,45.5,0.783,0,1,0,0,0,0,0
5,0.4,792,36.33333,2.2,599,32.0,1262,45.0,1235,564,13.5,50.1,0.7706,0,1,0,0,0,0,0
6,0.4,822,38.33333,2.0,581,34.0,1326,47.0,1256,602,14.2,49.9,0.8025,0,1,0,0,0,0,0
7,0.8,918,45.33333,4.2,721,57.0,1069,58.0,1353,785,13.8,51.4,0.8059,0,1,0,0,0,0,0
8,0.9,975,81.66667,5.2,774,73.0,1001,69.0,1393,878,16.3,45.1,0.8286,0,1,0,0,0,0,0
9,1.6,1047,113.0,8.2,908,119.0,913,89.0,1458,981,19.2,35.4,0.7812,0,1,0,0,0,0,0
10,2.0,1053,155.0,9.8,970,138.0,930,105.0,1473,991,25.5,21.1,0.677,0,1,0,0,0,0,0
11,1.6,1017,84.33333,7.9,897,96.0,1013,92.0,1400,780,28.2,19.0,0.7164,0,1,0,0,0,0,0
12,1.4,1021,84.66667,7.7,889,80.0,1022,82.0,1405,684,29.5,19.8,0.8013,0,1,0,0,0,0,0
13,0.9,941,96.66667,4.8,753,45.0,1173,56.0,1311,468,30.6,19.4,0.8348,0,1,0,0,0,0,0
14,0.9,991,98.66667,5.3,776,45.0,1122,60.0,1375,468,29.9,22.0,0.9181,0,1,0,0,0,0,0
15,1.2,1117,102.66667,7.1,862,54.0,995,64.0,1476,530,31.5,21.9,0.997,0,1,0,0,0,0,0
16,1.4,1217,139.0,9.2,947,66.0,887,85.0,1566,648,31.2,24.6,1.0987,0,1,0,0,0,0,0
17,1.9,1248,114.0,10.1,982,95.0,880,107.0,1617,746,30.4,26.5,1.1347,0,1,0,0,0,0,0
18,1.8,1242,123.33333,9.9,973,99.0,856,106.0,1632,819,26.8,33.5,1.1602,0,1,0,0,0,0,0
19,2.7,1403,237.33333,15.1,1151,147.0,747,125.0,1820,1125,25.5,37.4,1.1995,0,1,0,0,0,0,0
20,2.4,1238,295.0,10.6,999,129.0,833,118.0,1648,1013,23.7,39.4,1.1381,0,1,0,0,0,0,0
21,1.6,1093,145.66667,7.0,858,96.0,975,95.0,1495,816,22.9,37.0,1.0197,0,1,0,0,0,0,0
22,1.4,1034,156.33333,5.9,805,92.0,1030,97.0,1416,750,20.8,36.3,0.8775,0,1,0,0,0,0,0
23,1.4,934,58.66667,5.6,795,88.0,1098,93.0,1328,673,20.3,28.5,0.6686,0,1,0,0,0,0,0
0,1.4,913,75.0,5.4,785,89.0,1110,85.0,1273,692,19.6,26.5,0.5974,0,0,1,0,0,0,0
1,0.9,835,44.0,3.7,691,52.0,1265,67.0,1182,517,19.1,25.9,0.5673,0,0,1,0,0,0,0
2,0.5,773,28.66667,1.8,568,25.0,1474,37.0,1113,392,18.4,27.6,0.5799,0,0,1,0,0,0,0
4,0.53333,805,30.33333,1.4,534,28.0,1454,40.0,1112,409,16.3,34.1,0.6257,0,0,1,0,0,0,0
5,0.5,930,33.66667,3.5,684,65.0,1059,75.0,1220,779,15.8,36.5,0.6535,0,0,1,0,0,0,0
6,1.3,1009,89.66667,7.0,859,132.0,944,102.0,1420,1016,16.0,38.1,0.6879,0,0,1,0,0,0,0
7,2.6,1196,239.66667,14.4,1131,216.0,775,113.0,1675,1243,17.6,35.0,0.6965,0,0,1,0,0,0,0
8,2.0,1010,239.66667,8.9,937,180.0,945,142.0,1444,949,18.5,31.2,0.6611,0,0,1,0,0,0,0
9,1.8,990,187.0,8.6,924,140.0,974,90.0,1404,861,19.8,28.5,0.652,0,0,1,0,0,0,0
10,1.7,988,146.66667,8.5,918,141.0,1007,94.0,1393,850,22.3,24.1,0.6394,0,0,1,0,0,0,0
11,1.5,979,86.33333,8.3,910,123.0,1028,92.0,1396,788,24.2,21.7,0.6451,0,0,1,0,0,0,0
12,1.9,1029,110.0,10.1,983,129.0,950,97.0,1470,879,25.1,20.8,0.6516,0,0,1,0,0,0,0
13,1.7,984,97.0,9.1,945,115.0,990,88.0,1423,747,25.8,19.5,0.6392,0,0,1,0,0,0,0
14,1.5,985,79.66667,8.5,919,104.0,1028,86.0,1387,700,26.3,18.9,0.6344,0,0,1,0,0,0,0
15,1.7,981,49.33333,7.7,886,129.0,1054,99.0,1363,695,25.8,18.6,0.608,0,0,1,0,0,0,0
16,1.7,1020,101.0,9.0,941,138.0,1016,95.0,1425,756,25.7,19.4,0.6304,0,0,1,0,0,0,0
17,2.4,1106,166.33333,13.4,1097,135.0,902,105.0,1552,941,26.7,17.1,0.5909,0,0,1,0,0,0,0
18,3.1,1153,196.66667,15.6,1168,163.0,842,121.0,1644,1021,24.3,19.8,0.5933,0,0,1,0,0,0,0
19,3.4,1215,217.0,17.8,1234,180.0,796,125.0,1735,1167,23.5,20.8,0.5937,0,0,1,0,0,0,0
20,3.0,1094,181.33333,12.7,1072,170.0,888,122.0,1545,1105,22.0,24.0,0.6263,0,0,1,0,0,0,0
21,1.2,944,146.66667,6.4,832,72.0,1072,81.0,1350,712,21.1,26.2,0.6481,0,0,1,0,0,0,0
22,1.2,964,141.0,7.1,861,69.0,1014,73.0,1398,735,20.9,28.8,0.7014,0,0,1,0,0,0,0
23,1.3,1003,133.66667,7.4,872,79.0,988,80.0,1439,851,20.2,31.2,0.7304,0,0,1,0,0,0,0
0,1.0,914,58.66667,5.2,774,53.0,1091,65.0,1323,706,20.0,31.5,0.7262,0,0,0,1,0,0,0
1,0.4,839,49.0,2.4,609,36.0,1276,59.0,1286,643,20.8,32.3,0.7813,0,0,0,1,0,0,0
2,0.3,830,43.66667,2.0,582,30.0,1310,50.0,1264,608,20.0,34.5,0.7954,0,0,0,1,0,0,0
4,0.96667,832,56.66667,1.5,547,15.0,1320,23.0,1254,469,18.3,40.0,0.8345,0,0,0,1,0,0,0
5,0.5,903,55.33333,3.1,656,38.0,1155,37.0,1361,618,17.0,44.6,0.8593,0,0,0,1,0,0,0
6,0.9,1022,79.0,6.3,825,68.0,931,54.0,1487,931,17.1,45.3,0.8784,0,0,0,1,0,0,0
7,2.7,1378,451.66667,19.3,1277,192.0,628,94.0,1970,1519,17.1,46.5,0.901,0,0,0,1,0,0,0
8,6.5,1745,755.66667,38.9,1748,346.0,484,139.0,2605,2054,18.8,39.7,0.8547,0,0,0,1,0,0,0
9,3.2,1326,661.66667,14.6,1137,225.0,719,115.0,1760,1550,20.3,38.1,0.8946,0,0,0,1,0,0,0
10,2.4,1215,330.0,12.3,1062,199.0,794,119.0,1650,1381,25.3,27.0,0.8565,0,0,0,1,0,0,0
11,1.9,1138,123.0,11.0,1015,140.0,854,103.0,1604,1115,27.4,22.8,0.8219,0,0,0,1,0,0,0
12,2.7,1244,287.66667,15.4,1162,162.0,765,123.0,1735,1189,30.0,20.0,0.8338,0,0,0,1,0,0,0
13,2.9,1261,376.66667,17.0,1210,173.0,736,126.0,1769,1200,30.9,19.1,0.8394,0,0,0,1,0,0,0
14,2.0,1182,241.0,12.5,1066,121.0,818,106.0,1663,965,30.6,20.2,0.8719,0,0,0,1,0,0,0
15,2.3,1208,191.33333,13.8,1111,133.0,783,127.0,1653,1018,32.2,18.9,0.8964,0,0,0,1,0,0,0
16,1.9,1158,130.33333,10.1,981,96.0,862,105.0,1573,775,31.7,19.5,0.8981,0,0,0,1,0,0,0
17,3.0,1346,350.0,19.3,1278,141.0,701,130.0,1873,1193,30.9,20.5,0.8996,0,0,0,1,0,0,0
18,4.4,1443,633.66667,22.7,1371,221.0,664,160.0,1988,1425,27.5,24.7,0.8899,0,0,0,1,0,0,0
19,4.7,1440,611.66667,25.5,1443,232.0,635,162.0,2068,1594,25.8,27.0,0.8821,0,0,0,1,0,0,0
20,3.4,1232,341.0,15.8,1173,174.0,751,135.0,1750,1284,23.7,30.0,0.8633,0,0,0,1,0,0,0
21,2.4,1159,177.66667,12.3,1061,138.0,812,122.0,1648,1174,22.2,33.4,0.8806,0,0,0,1,0,0,0
22,1.2,1081,109.33333,8.7,929,65.0,910,75.0,1518,937,21.1,36.5,0.9019,0,0,0,1,0,0,0
23,1.7,1083,120.66667,8.3,911,107.0,883,96.0,1507,985,20.2,38.6,0.9016,0,0,0,1,0,0,0
0,1.2,1069,74.33333,7.7,887,70.0,859,84.0,1542,1041,19.3,43.0,0.9535,0,0,0,0,1,0,0
1,0.7,940,63.33333,4.2,724,44.0,1012,68.0,1407,867,19.2,43.6,0.9591,0,0,0,0,1,0,0
2,0.5,901,54.66667,3.0,653,41.0,1094,65.0,1367,822,18.4,45.7,0.9599,0,0,0,0,1,0,0
4,0.83333,846,55.0,2.2,598,33.0,1211,52.0,1332,669,16.3,51.4,0.9468,0,0,0,0,1,0,0
5,0.3,848,29.66667,2.2,598,32.0,1219,46.0,1318,628,17.0,49.2,0.9459,0,0,0,0,1,0,0
6,0.7,980,45.66667,5.7,800,46.0,983,54.0,1462,810,16.4,52.1,0.9612,0,0,0,0,1,0,0
7,3.1,1408,327.33333,20.9,1321,173.0,618,94.0,2044,1495,16.4,53.4,0.9863,0,0,0,0,1,0,0
8,6.2,1716,677.33333,36.7,1701,320.0,490,155.0,2545,2018,18.6,46.8,0.99,0,0,0,0,1,0,0
9,4.6,1475,721.33333,22.0,1351,294.0,625,165.0,2006,1696,21.0,41.1,1.0104,0,0,0,0,1,0,0
10,2.6,1262,348.66667,13.4,1096,182.0,772,134.0,1711,1340,26.4,28.9,0.9785,0,0,0,0,1,0,0
11,2.1,1156,117.33333,11.5,1034,154.0,813,122.0,1640,1123,27.7,26.3,0.9652,0,0,0,0,1,0,0
12,2.0,1192,148.33333,13.4,1097,118.0,796,113.0,1688,971,30.1,22.1,0.9281,0,0,0,0,1,0,0
13,2.2,1233,163.0,15.2,1154,116.0,746,115.0,1740,1000,31.0,22.9,1.0144,0,0,0,0,1,0,0
14,2.1,1208,251.33333,13.0,1083,121.0,792,118.0,1702,891,31.0,22.6,1.0012,0,0,0,0,1,0,0
15,2.3,1215,191.33333,14.0,1116,116.0,784,125.0,1715,852,31.6,21.0,0.959,0,0,0,0,1,0,0
16,2.5,1251,220.66667,15.5,1165,144.0,747,135.0,1774,975,30.4,24.7,1.0526,0,0,0,0,1,0,0
17,3.4,1358,408.66667,19.3,1278,176.0,689,149.0,1899,1192,28.8,26.3,1.0271,0,0,0,0,1,0,0
18,4.3,1379,552.33333,21.9,1349,214.0,645,162.0,1961,1373,26.4,30.1,1.0204,0,0,0,0,1,0,0
19,3.8,1379,500.33333,21.1,1326,191.0,659,151.0,1961,1307,24.7,31.5,0.9672,0,0,0,0,1,0,0
20,3.8,1373,408.0,18.4,1252,205.0,670,154.0,1889,1325,22.9,36.5,1.0083,0,0,0,0,1,0,0
21,2.0,1197,141.0,9.3,950,110.0,823,118.0,1592,918,20.8,41.8,1.0155,0,0,0,0,1,0,0
22,1.7,1238,155.66667,9.0,940,95.0,815,103.0,1622,877,19.7,47.1,1.0666,0,0,0,0,1,0,0
23,2.0,1255,107.66667,9.6,963,126.0,781,122.0,1665,1024,18.9,52.2,1.1313,0,0,0,0,1,0,0
0,1.5,1164,106.66667,8.2,908,90.0,821,102.0,1574,1019,18.5,50.1,1.0539,0,0,0,0,0,1,0
1,0.8,1046,80.66667,5.8,803,48.0,900,73.0,1490,823,18.0,53.0,1.0832,0,0,0,0,0,1,0
2,0.5,956,59.66667,3.1,661,38.0,1043,59.0,1398,701,18.4,51.7,1.0819,0,0,0,0,0,1,0
4,0.56667,877,33.33333,1.6,549,14.0,1265,26.0,1317,463,19.6,47.7,1.0736,0,0,0,0,0,1,0
5,0.3,925,43.66667,2.3,609,26.0,1168,35.0,1363,533,17.3,54.1,1.0582,0,0,0,0,0,1,0
6,0.9,1086,57.33333,6.6,837,83.0,885,68.0,1553,906,15.8,59.0,1.0495,0,0,0,0,0,1,0
7,2.8,1490,399.33333,19.6,1286,188.0,593,97.0,2053,1447,16.6,55.9,1.0486,0,0,0,0,0,1,0
8,5.4,1763,770.66667,32.9,1617,253.0,489,146.0,2503,1835,18.7,52.8,1.1279,0,0,0,0,0,1,0
9,4.0,1462,637.33333,18.1,1242,149.0,637,83.0,1961,1552,20.7,46.4,1.1227,0,0,0,0,0,1,0
10,2.2,1232,277.0,12.4,1062,155.0,787,117.0,1707,1092,26.1,30.0,0.9972,0,0,0,0,0,1,0
11,2.2,1239,151.33333,12.5,1067,146.0,779,117.0,1702,1071,28.6,25.8,0.9989,0,0,0,0,0,1,0
12,2.0,1218,147.0,12.0,1051,121.0,796,108.0,1689,881,30.3,23.3,0.9869,0,0,0,0,0,1,0
13,2.0,1235,150.33333,13.3,1094,111.0,756,107.0,1729,907,31.3,22.3,1.0043,0,0,0,0,0,1,0
14,1.9,1196,227.0,12.3,1061,116.0,791,120.0,1649,899,31.1,22.3,0.9888,0,0,0,0,0,1,0
15,2.7,1288,191.33333,16.0,1179,167.0,717,150.0,1799,1074,32.4,20.4,0.9732,0,0,0,0,0,1,0
16,2.2,1248,306.66667,13.7,1108,145.0,772,138.0,1701,969,32.6,19.3,0.935,0,0,0,0,0,1,0
17,3.5,1401,354.0,21.7,1342,192.0,663,148.0,1959,1267,31.2,20.3,0.9064,0,0,0,0,0,1,0
18,4.1,1401,633.66667,23.7,1396,231.0,645,168.0,2009,1402,27.7,24.8,0.9106,0,0,0,0,0,1,0
19,4.4,1444,574.33333,22.1,1354,248.0,655,172.0,1956,1437,25.7,27.9,0.908,0,0,0,0,0,1,0
20,4.5,1379,341.0,20.6,1312,267.0,683,179.0,1870,1382,24.1,29.9,0.8879,0,0,0,0,0,1,0
21,2.9,1251,315.0,13.4,1097,181.0,771,143.0,1680,1280,22.2,34.4,0.9072,0,0,0,0,0,1,0
22,2.6,1269,169.66667,12.8,1077,163.0,773,137.0,1706,1250,20.7,38.0,0.9149,0,0,0,0,0,1,0
23,2.1,1242,129.33333,12.3,1060,141.0,745,117.0,1693,1359,20.2,42.8,0.9983,0,0,0,0,0,1,0
0,1.2,1045,89.33333,6.8,850,78.0,889,93.0,1506,1102,20.5,42.0,1.0004,0,0,0,0,0,0,1
1,0.6,937,73.66667,3.8,698,42.0,1039,64.0,1382,768,20.1,42.0,0.9763,0,0,0,0,0,0,1
2,0.3,875,60.0,2.5,622,35.0,1167,58.0,1331,656,20.0,41.5,0.9571,0,0,0,0,0,0,1
4,0.83333,888,55.0,2.8,640,33.0,1089,47.0,1330,670,16.5,50.2,0.932,0,0,0,0,0,0,1
5,0.3,881,37.0,2.6,624,38.0,1135,47.0,1319,656,16.4,50.2,0.931,0,0,0,0,0,0,1
6,0.7,998,37.0,7.0,856,65.0,894,62.0,1488,926,14.9,54.7,0.9203,0,0,0,0,0,0,1
7,4.2,1517,452.0,26.2,1460,296.0,551,113.0,2205,1677,16.4,51.3,0.9474,0,0,0,0,0,0,1
8,4.8,1522,578.66667,28.2,1509,303.0,543,126.0,2275,1828,18.2,46.2,0.9575,0,0,0,0,0,0,1
9,3.4,1417,540.0,20.2,1303,244.0,635,139.0,1964,1752,20.7,40.0,0.9639,0,0,0,0,0,0,1
10,2.8,1329,375.66667,17.1,1214,216.0,700,148.0,1845,1581,26.5,27.0,0.9217,0,0,0,0,0,0,1
11,1.8,1203,121.0,11.2,1023,137.0,825,117.0,1622,1132,28.5,23.8,0.915,0,0,0,0,0,0,1
12,1.9,1234,149.33333,11.6,1037,120.0,788,106.0,1658,1037,29.7,23.7,0.9714,0,0,0,0,0,0,1
13,2.0,1286,150.33333,13.2,1090,100.0,750,98.0,1719,1023,31.7,21.7,0.9966,0,0,0,0,0,0,1
14,1.9,1298,179.33333,12.7,1075,103.0,749,98.0,1690,1022,31.7,21.5,0.9902,0,0,0,0,0,0,1
15,2.0,1308,265.0,13.0,1084,123.0,757,110.0,1724,989,32.8,19.5,0.9515,0,0,0,0,0,0,1
16,2.3,1276,181.66667,13.5,1099,136.0,783,114.0,1680,925,32.5,18.6,0.8948,0,0,0,0,0,0,1
17,2.7,1234,350.0,10.2,985,158.0,815,122.0,1572,795,30.2,22.6,0.9524,0,0,0,0,0,0,1
18,3.6,1419,489.33333,20.1,1300,216.0,670,155.0,1923,1263,27.6,25.7,0.9382,0,0,0,0,0,0,1
19,3.8,1325,421.0,19.1,1273,211.0,716,145.0,1815,1184,25.9,24.9,0.8195,0,0,0,0,0,0,1
20,3.5,1346,359.33333,17.5,1224,202.0,715,146.0,1794,1272,23.9,29.4,0.8589,0,0,0,0,0,0,1
21,2.5,1241,327.0,13.8,1110,147.0,772,130.0,1698,1177,22.3,32.1,0.8515,0,0,0,0,0,0,1
22,2.5,1274,193.0,13.3,1094,160.0,771,126.0,1682,1231,20.5,35.9,0.8565,0,0,0,0,0,0,1
23,3.0,1321,227.66667,14.8,1144,162.0,732,127.0,1745,1243,19.8,37.2,0.8509,0,0,0,0,0,0,1
0,3.7,1424,181.66667,18.0,1240,194.0,662,126.0,1841,1427,19.1,41.9,0.9158,1,0,0,0,0,0,0
1,3.3,1357,112.33333,16.0,1178,167.0,674,124.0,1782,1454,17.8,46.1,0.9344,1,0,0,0,0,0,0
2,1.5,1123,80.66667,9.7,966,91.0,770,93.0,1594,1183,17.6,47.6,0.9465,1,0,0,0,0,0,0
4,0.9,951,56.33333,4.0,713,42.0,994,58.0,1385,821,16.9,49.8,0.9544,1,0,0,0,0,0,0
5,0.5,941,32.0,3.6,687,50.0,1024,59.0,1374,777,15.8,53.8,0.9615,1,0,0,0,0,0,0
6,0.5,986,35.33333,4.6,745,61.0,959,66.0,1426,888,16.5,53.5,0.9928,1,0,0,0,0,0,0
7,1.2,1153,174.33333,9.2,947,107.0,795,80.0,1643,1076,17.2,52.9,1.0276,1,0,0,0,0,0,0
8,2.2,1323,264.0,14.6,1137,139.0,696,94.0,1846,1285,19.3,48.3,1.0723,1,0,0,0,0,0,0
9,2.2,1315,245.66667,11.7,1040,165.0,743,102.0,1740,1315,20.6,47.1,1.1287,1,0,0,0,0,0,0
10,2.1,1303,175.66667,11.0,1015,139.0,777,96.0,1731,1250,23.7,40.0,1.153,1,0,0,0,0,0,0
11,1.8,1238,238.33333,11.6,1037,113.0,813,91.0,1698,978,25.6,32.5,1.053,1,0,0,0,0,0,0
12,2.2,1259,238.33333,12.9,1080,138.0,772,104.0,1736,1072,27.2,28.1,0.9989,1,0,0,0,0,0,0
13,2.0,1246,270.0,12.6,1070,104.0,770,84.0,1747,1064,27.9,28.1,1.0394,1,0,0,0,0,0,0
14,1.4,1154,109.33333,8.3,912,78.0,872,76.0,1605,825,28.3,27.8,1.0539,1,0,0,0,0,0,0
15,1.8,1237,164.66667,10.5,997,97.0,800,87.0,1688,924,29.2,27.0,1.081,1,0,0,0,0,0,0
16,2.1,1315,164.33333,11.7,1041,115.0,773,101.0,1767,966,28.9,29.3,1.1503,1,0,0,0,0,0,0
17,2.8,1466,276.33333,15.8,1174,152.0,680,115.0,1965,1302,25.4,39.8,1.2771,1,0,0,0,0,0,0
18,2.8,1409,245.0,13.9,1113,157.0,710,110.0,1850,1256,25.2,40.1,1.2642,1,0,0,0,0,0,0
19,2.7,1366,227.33333,15.7,1171,132.0,693,103.0,1933,1068,24.5,39.4,1.1963,1,0,0,0,0,0,0
20,1.8,1241,314.66667,10.9,1011,98.0,781,90.0,1748,1070,22.3,45.4,1.2088,1,0,0,0,0,0,0
21,1.2,1123,130.66667,6.4,832,65.0,930,68.0,1565,792,21.2,48.3,1.2034,1,0,0,0,0,0,0
22,2.6,1321,239.0,12.7,1075,101.0,757,85.0,1891,1017,20.6,50.5,1.2082,1,0,0,0,0,0,0
23,3.1,1397,223.66667,15.3,1159,134.0,681,100.0,1949,1207,20.2,52.9,1.234,1,0,0,0,0,0,0
0,4.1,1507,300.0,20.5,1311,177.0,608,114.0,2107,1499,19.8,54.5,1.2488,0,1,0,0,0,0,0
1,3.6,1405,183.0,15.9,1177,179.0,660,108.0,1931,1474,19.5,56.2,1.2624,0,1,0,0,0,0,0
2,1.9,1192,182.33333,10.4,994,105.0,759,78.0,1780,1163,19.0,58.0,1.2581,0,1,0,0,0,0,0
4,1.3,973,112.66667,4.9,761,49.0,954,55.0,1501,815,18.0,57.6,1.1788,0,1,0,0,0,0,0
5,0.3,864,52.66667,2.1,591,27.0,1247,37.0,1374,507,17.7,56.0,1.1215,0,1,0,0,0,0,0
6,0.4,886,71.66667,2.2,598,41.0,1257,53.0,1374,506,17.9,52.4,1.0655,0,1,0,0,0,0,0
7,0.8,988,109.66667,4.0,713,78.0,1092,79.0,1455,716,18.9,49.3,1.0668,0,1,0,0,0,0,0
8,0.8,1008,87.33333,4.3,729,68.0,1034,65.0,1490,795,20.0,48.6,1.1199,0,1,0,0,0,0,0
9,0.8,976,96.0,3.8,698,64.0,1156,64.0,1393,594,20.6,41.2,0.9841,0,1,0,0,0,0,0
10,0.8,978,155.33333,4.1,718,67.0,1137,66.0,1392,565,23.6,34.0,0.9749,0,1,0,0,0,0,0
11,0.9,987,72.66667,4.5,740,54.0,1105,53.0,1407,523,26.7,28.1,0.9688,0,1,0,0,0,0,0
12,1.2,1030,96.33333,5.3,778,67.0,1071,69.0,1452,591,26.8,28.1,0.9785,0,1,0,0,0,0,0
13,1.0,955,76.66667,4.2,723,51.0,1129,57.0,1393,559,27.7,25.8,0.9467,0,1,0,0,0,0,0
14,0.8,924,61.33333,3.3,673,28.0,1247,36.0,1346,430,28.8,22.7,0.8864,0,1,0,0,0,0,0
15,1.1,1005,59.33333,4.9,758,51.0,1091,57.0,1434,522,26.8,27.3,0.9462,0,1,0,0,0,0,0
16,1.5,1059,173.0,6.1,816,77.0,1023,73.0,1468,641,25.9,28.7,0.9423,0,1,0,0,0,0,0
17,1.5,1079,120.33333,6.9,851,93.0,991,81.0,1490,738,25.8,27.7,0.9076,0,1,0,0,0,0,0
18,1.4,1070,145.66667,6.8,850,94.0,997,91.0,1502,778,24.8,29.5,0.9077,0,1,0,0,0,0,0
19,1.1,1085,160.66667,5.8,805,69.0,972,65.0,1528,718,25.3,36.3,1.1513,0,1,0,0,0,0,0
20,0.9,1066,150.0,5.5,787,57.0,986,56.0,1552,689,23.9,40.4,1.1787,0,1,0,0,0,0,0
21,1.0,1094,179.66667,6.1,815,74.0,934,69.0,1563,852,21.4,46.6,1.1764,0,1,0,0,0,0,0
22,1.1,1110,169.33333,6.0,814,75.0,948,73.0,1571,854,20.5,49.3,1.173,0,1,0,0,0,0,0
23,1.0,968,81.0,4.2,719,73.0,1081,76.0,1388,664,19.2,42.3,0.9339,0,1,0,0,0,0,0
0,0.7,906,62.66667,4.1,714,56.0,1163,67.0,1351,544,19.2,37.9,0.8352,0,0,1,0,0,0,0
1,0.5,849,32.66667,2.4,615,31.0,1285,44.0,1276,461,17.2,43.1,0.8394,0,0,1,0,0,0,0
2,0.2,774,30.0,1.0,500,13.0,1536,21.0,1169,352,15.8,45.2,0.8052,0,0,1,0,0,0,0
4,0.5,753,31.33333,0.5,437,14.0,1904,19.0,1110,301,16.3,41.0,0.7513,0,0,1,0,0,0,0
5,0.1,749,28.33333,0.7,466,23.0,1803,29.0,1089,307,16.1,36.5,0.664,0,0,1,0,0,0,0
6,0.5,864,37.33333,2.8,642,72.0,1288,69.0,1255,441,16.5,36.2,0.6752,0,0,1,0,0,0,0
7,1.6,1002,104.66667,7.8,893,165.0,1010,111.0,1394,775,17.5,30.9,0.6111,0,0,1,0,0,0,0
8,2.0,970,225.0,9.7,966,118.0,944,81.0,1379,907,18.4,24.0,0.5046,0,0,1,0,0,0,0
9,1.3,898,66.33333,6.9,853,85.0,1066,56.0,1271,763,19.2,23.8,0.5235,0,0,1,0,0,0,0
10,1.0,847,122.0,5.8,800,116.0,1155,90.0,1179,649,21.7,18.1,0.4642,0,0,1,0,0,0,0
11,0.9,847,91.66667,5.5,788,112.0,1203,85.0,1162,598,22.3,17.0,0.4513,0,0,1,0,0,0,0
12,1.2,871,112.33333,6.8,848,100.0,1139,83.0,1208,579,22.8,16.1,0.4404,0,0,1,0,0,0,0
13,1.3,869,132.66667,7.2,866,109.0,1107,85.0,1212,596,23.8,14.5,0.4222,0,0,1,0,0,0,0
14,1.1,875,98.0,6.9,854,111.0,1160,85.0,1200,595,25.1,13.1,0.4129,0,0,1,0,0,0,0
15,1.2,895,92.66667,7.5,878,109.0,1122,81.0,1238,607,25.8,12.9,0.4219,0,0,1,0,0,0,0
16,1.4,926,91.33333,7.7,885,114.0,1101,92.0,1259,662,25.5,14.0,0.4495,0,0,1,0,0,0,0
17,2.0,996,192.33333,12.0,1048,139.0,959,108.0,1397,822,24.5,15.4,0.4663,0,0,1,0,0,0,0
18,2.4,997,318.33333,13.5,1100,157.0,896,106.0,1392,987,22.6,17.2,0.4656,0,0,1,0,0,0,0
19,2.1,1006,241.33333,12.0,1048,147.0,925,114.0,1416,966,21.2,18.9,0.471,0,0,1,0,0,0,0
20,1.2,895,192.66667,6.7,845,102.0,1072,96.0,1241,763,19.1,22.8,0.501,0,0,1,0,0,0,0
21,0.7,862,72.66667,4.8,751,73.0,1154,77.0,1213,617,18.4,24.6,0.5169,0,0,1,0,0,0,0
22,0.7,858,77.33333,4.8,756,65.0,1159,73.0,1209,564,17.3,25.6,0.5032,0,0,1,0,0,0,0
23,0.8,853,74.33333,5.0,762,76.0,1134,86.0,1184,646,16.5,24.9,0.4642,0,0,1,0,0,0,0
0,0.5,859,72.33333,4.3,727,65.0,1120,84.0,1187,753,16.7,28.3,0.5316,0,0,0,1,0,0,0
1,0.2,837,40.33333,2.7,634,41.0,1200,56.0,1150,669,15.5,32.2,0.5641,0,0,0,1,0,0,0
2,0.46667,746,27.0,0.9,493,17.0,1522,31.0,1063,435,17.5,29.1,0.5773,0,0,0,1,0,0,0
4,0.5,742,37.0,0.9,489,19.0,1559,30.0,1048,403,14.0,33.7,0.5355,0,0,0,1,0,0,0
5,0.1,774,47.0,1.7,560,45.0,1386,51.0,1107,532,11.6,40.0,0.5462,0,0,0,1,0,0,0
6,0.2,798,59.66667,2.6,630,40.0,1291,45.0,1125,536,13.4,34.5,0.5272,0,0,0,1,0,0,0
7,1.1,1002,122.66667,8.8,932,101.0,949,82.0,1405,917,15.2,31.0,0.5329,0,0,0,1,0,0,0
8,3.0,1210,663.66667,22.2,1356,183.0,657,100.0,1786,1481,16.3,27.5,0.5066,0,0,0,1,0,0,0
9,2.1,1058,698.33333,15.3,1158,149.0,820,91.0,1459,1187,19.2,20.0,0.439,0,0,0,1,0,0,0
10,2.6,1106,260.33333,14.0,1118,207.0,885,130.0,1451,1220,24.9,13.0,0.4038,0,0,0,1,0,0,0
11,3.2,1153,407.66667,18.5,1253,289.0,815,155.0,1541,1381,28.3,9.9,0.3754,0,0,0,1,0,0,0
12,2.1,1047,328.33333,13.5,1101,159.0,913,114.0,1391,1103,29.2,9.8,0.3914,0,0,0,1,0,0,0
13,2.2,1091,334.0,15.8,1172,162.0,874,127.0,1459,1105,31.6,9.2,0.419,0,0,0,1,0,0,0
14,2.4,1162,211.66667,18.5,1253,173.0,796,138.0,1595,1248,32.6,9.3,0.4499,0,0,0,1,0,0,0
10,2.2,1137,164.66667,14.9,1146,188.0,1144,136.0,1392,1327,26.1,23.8,0.7938,0,0,0,0,1,0,0
11,1.8,1139,158.33333,13.8,1109,159.0,1118,135.0,1436,1292,28.8,21.1,0.8193,0,0,0,0,1,0,0
12,1.6,1099,161.33333,12.3,1059,146.0,1156,115.0,1416,1114,29.6,19.4,0.7897,0,0,0,0,1,0,0
13,1.8,1088,183.0,14.0,1116,127.0,1128,112.0,1449,1060,31.6,16.4,0.7489,0,0,0,0,1,0,0
14,1.6,1027,81.0,11.8,1041,128.0,1237,112.0,1345,915,32.3,13.3,0.6303,0,0,0,0,1,0,0
15,1.6,1014,157.33333,12.0,1049,120.0,1200,109.0,1366,893,31.8,13.5,0.6249,0,0,0,0,1,0,0
16,1.3,969,60.66667,9.7,968,115.0,1276,112.0,1325,768,31.8,13.8,0.6394,0,0,0,0,1,0,0
15,1.7,1026,69.0,12.3,1061,133.0,982,115.0,1564,814,29.6,18.9,0.7692,0,0,0,0,0,0,1
16,1.7,1039,116.33333,12.2,1055,131.0,966,117.0,1590,845,28.0,23.2,0.8613,0,0,0,0,0,0,1
17,2.1,1148,152.33333,12.5,1067,133.0,887,105.0,1790,956,23.6,41.0,1.1786,0,0,0,0,0,0,1
18,2.2,1176,159.0,13.9,1114,141.0,843,114.0,1805,1102,21.5,48.1,1.2148,0,0,0,0,0,0,1
19,1.8,1100,177.66667,11.4,1028,112.0,900,103.0,1710,994,22.1,44.1,1.1573,0,0,0,0,0,0,1
20,1.8,1081,115.0,10.4,992,147.0,959,119.0,1680,935,20.2,47.2,1.1043,0,0,0,0,0,0,1
21,0.9,976,132.33333,7.0,858,104.0,1070,102.0,1547,839,20.0,47.6,1.103,0,0,0,0,0,0,1
22,1.0,979,248.33333,7.0,857,97.0,1082,96.0,1546,797,19.8,46.8,1.0697,0,0,0,0,0,0,1
23,2.0,1092,188.0,11.3,1024,128.0,937,109.0,1706,968,19.6,47.0,1.0606,0,0,0,0,0,0,1
0,1.8,1044,154.66667,9.2,946,138.0,1009,119.0,1594,886,19.3,46.3,1.0279,1,0,0,0,0,0,0
1,1.1,940,75.33333,6.8,849,93.0,1091,103.0,1509,764,18.5,48.7,1.0286,1,0,0,0,0,0,0
2,0.6,892,81.0,5.1,767,71.0,1180,84.0,1466,657,18.0,51.4,1.0504,1,0,0,0,0,0,0
4,1.66667,853,110.0,4.3,727,44.0,1179,59.0,1417,621,17.7,51.9,1.0379,1,0,0,0,0,0,0
5,0.7,738,45.33333,1.5,545,18.0,1562,29.0,1266,450,17.7,49.7,0.997,1,0,0,0,0,0,0
6,0.1,762,65.66667,2.0,581,41.0,1588,45.0,1277,434,17.9,46.1,0.9383,1,0,0,0,0,0,0
7,0.5,841,54.0,4.0,713,84.0,1293,80.0,1356,559,18.4,43.9,0.9192,1,0,0,0,0,0,0
8,0.6,843,69.0,4.0,712,77.0,1303,77.0,1343,548,18.9,42.1,0.9081,1,0,0,0,0,0,0
9,0.5,841,58.66667,4.0,713,73.0,1326,68.0,1330,525,19.2,39.7,0.8728,1,0,0,0,0,0,0
10,0.7,862,45.0,4.2,721,72.0,1329,66.0,1335,522,20.8,36.6,0.8878,1,0,0,0,0,0,0
11,0.7,869,59.33333,4.5,740,77.0,1296,70.0,1366,535,21.3,35.8,0.8975,1,0,0,0,0,0,0
12,0.9,894,82.33333,6.0,810,82.0,1204,74.0,1421,585,21.8,34.9,0.9004,1,0,0,0,0,0,0
13,0.7,844,59.0,4.8,755,67.0,1284,64.0,1350,521,22.8,31.4,0.8615,1,0,0,0,0,0,0
14,0.4,823,53.33333,3.8,699,59.0,1382,60.0,1311,493,22.9,31.3,0.862,1,0,0,0,0,0,0
15,0.5,843,51.0,4.2,719,61.0,1353,63.0,1330,501,22.9,30.7,0.8461,1,0,0,0,0,0,0
16,0.6,865,76.66667,5.1,767,76.0,1279,75.0,1369,559,23.8,29.2,0.8499,1,0,0,0,0,0,0
17,0.6,873,83.0,5.6,792,73.0,1247,79.0,1397,589,23.2,30.2,0.8442,1,0,0,0,0,0,0
18,0.8,899,57.33333,5.8,803,87.0,1221,83.0,1426,596,22.4,31.3,0.8365,1,0,0,0,0,0,0
19,1.0,921,72.66667,7.0,856,98.0,1163,93.0,1437,681,21.7,32.2,0.825,1,0,0,0,0,0,0
20,1.2,937,104.0,7.9,893,123.0,1106,112.0,1463,783,20.8,33.2,0.8061,1,0,0,0,0,0,0
21,1.0,901,83.0,6.5,834,102.0,1177,103.0,1408,738,20.1,35.0,0.8149,1,0,0,0,0,0,0
22,1.3,955,72.66667,8.5,918,102.0,1056,93.0,1511,762,19.5,36.9,0.8258,1,0,0,0,0,0,0
23,2.7,1065,287.0,13.7,1106,142.0,897,112.0,1707,929,19.0,38.2,0.8327,1,0,0,0,0,0,0
0,2.7,1035,203.0,13.8,1110,148.0,907,125.0,1652,1044,18.5,39.4,0.832,0,1,0,0,0,0,0
1,1.6,956,111.0,9.1,945,107.0,1030,107.0,1509,892,17.8,41.7,0.844,0,1,0,0,0,0,0
2,0.6,869,52.66667,6.5,835,61.0,1078,76.0,1437,807,19.2,42.0,0.9248,0,1,0,0,0,0,0
4,0.7,815,46.66667,5.2,774,43.0,1113,55.0,1374,712,17.0,47.7,0.9185,0,1,0,0,0,0,0
5,0.1,781,60.33333,3.1,661,25.0,1271,37.0,1299,568,17.2,47.2,0.9178,0,1,0,0,0,0,0
6,0.1,781,53.66667,2.9,645,32.0,1295,45.0,1320,575,17.3,47.6,0.9295,0,1,0,0,0,0,0
7,0.2,828,55.33333,3.6,690,48.0,1263,61.0,1353,658,18.6,44.2,0.9385,0,1,0,0,0,0,0
8,0.3,803,34.66667,2.7,635,60.0,1417,67.0,1272,537,20.2,37.8,0.8837,0,1,0,0,0,0,0
9,0.3,811,42.66667,3.0,653,52.0,1411,60.0,1269,486,22.0,31.9,0.8335,0,1,0,0,0,0,0
10,0.4,844,67.0,3.7,696,58.0,1353,64.0,1292,507,25.5,25.9,0.8339,0,1,0,0,0,0,0
11,0.3,833,58.0,3.8,697,54.0,1361,64.0,1294,496,27.5,22.8,0.8249,0,1,0,0,0,0,0
12,0.3,832,72.33333,4.2,719,52.0,1318,59.0,1299,502,28.7,20.7,0.8024,0,1,0,0,0,0,0
13,0.1,771,48.0,2.6,626,34.0,1502,41.0,1210,430,29.1,19.6,0.7771,0,1,0,0,0,0,0
14,0.1,783,44.66667,2.8,637,41.0,1498,46.0,1215,439,29.8,18.4,0.7595,0,1,0,0,0,0,0
15,0.2,815,51.66667,4.2,723,41.0,1378,46.0,1256,471,32.0,15.0,0.7028,0,1,0,0,0,0,0
16,0.6,912,70.0,6.2,819,65.0,1224,77.0,1368,589,30.3,17.0,0.7232,0,1,0,0,0,0,0
17,0.5,894,60.0,5.2,774,65.0,1239,83.0,1339,598,31.7,16.2,0.745,0,1,0,0,0,0,0
18,0.9,963,96.0,7.7,885,84.0,1102,90.0,1447,695,29.2,19.6,0.7817,0,1,0,0,0,0,0
19,1.1,990,134.0,8.8,930,89.0,1045,95.0,1506,739,27.4,23.8,0.858,0,1,0,0,0,0,0
20,1.3,1025,142.0,10.1,980,114.0,986,113.0,1591,891,25.0,26.9,0.8408,0,1,0,0,0,0,0
21,1.5,997,248.33333,9.8,971,127.0,993,128.0,1573,930,23.6,30.1,0.8663,0,1,0,0,0,0,0
22,1.2,976,206.0,8.4,916,117.0,1044,117.0,1515,880,22.3,33.6,0.8913,0,1,0,0,0,0,0
23,0.4,878,51.33333,5.4,784,46.0,1181,64.0,1407,610,21.4,36.9,0.9271,0,1,0,0,0,0,0
0,0.2,836,69.66667,4.3,728,16.0,1213,28.0,1353,518,20.6,39.9,0.9597,0,0,1,0,0,0,0
1,0.3,855,59.66667,4.8,751,27.0,1107,46.0,1418,664,19.7,43.2,0.9812,0,0,1,0,0,0,0
2,0.8,759,42.66667,2.1,588,4.0,1323,8.0,1286,515,19.7,42.4,0.9636,0,0,1,0,0,0,0
4,0.36667,736,20.33333,1.3,528,19.0,1451,32.0,1254,477,18.7,45.4,0.9694,0,0,1,0,0,0,0
5,0.76667,765,56.0,2.3,609,48.0,1304,57.0,1319,581,16.4,52.4,0.9709,0,0,1,0,0,0,0
6,0.5,909,63.66667,6.5,834,82.0,1031,60.0,1527,763,16.6,52.1,0.9785,0,0,1,0,0,0,0
7,1.6,1108,183.66667,14.2,1123,167.0,804,83.0,1801,1111,17.4,50.9,1.0017,0,0,1,0,0,0,0
8,3.6,1252,615.0,22.7,1369,248.0,681,129.0,2120,1390,19.3,46.0,1.0185,0,0,1,0,0,0,0
9,2.2,1175,486.66667,16.3,1188,213.0,790,137.0,1901,1251,20.9,43.6,1.0683,0,0,1,0,0,0,0
10,1.6,1111,239.0,14.1,1120,161.0,839,121.0,1790,1141,25.6,33.3,1.0773,0,0,1,0,0,0,0
11,1.4,1044,164.33333,12.6,1069,144.0,889,123.0,1683,942,28.9,26.0,1.0188,0,0,1,0,0,0,0
12,1.4,1018,163.0,13.1,1088,127.0,909,120.0,1677,795,30.3,22.8,0.9695,0,0,1,0,0,0,0
13,1.5,1060,334.0,14.2,1122,116.0,863,119.0,1721,836,30.9,24.4,1.0724,0,0,1,0,0,0,0
14,1.3,1071,179.33333,13.8,1110,124.0,864,121.0,1733,847,30.5,26.2,1.1278,0,0,1,0,0,0,0
15,1.2,1006,177.33333,12.1,1054,115.0,921,111.0,1636,769,30.7,23.4,1.015,0,0,1,0,0,0,0
16,1.8,1104,131.66667,15.7,1171,150.0,827,128.0,1803,968,28.1,29.8,1.1132,0,0,1,0,0,0,0
17,3.0,1196,294.0,21.4,1336,221.0,739,159.0,1971,1157,26.9,32.2,1.1267,0,0,1,0,0,0,0
18,3.5,1243,439.33333,25.0,1429,227.0,687,161.0,2093,1367,26.0,34.6,1.1485,0,0,1,0,0,0,0
19,2.4,1124,241.33333,16.6,1199,156.0,794,116.0,1858,1101,24.5,37.7,1.1454,0,0,1,0,0,0,0
20,1.1,1020,222.33333,10.7,1003,97.0,904,96.0,1716,916,21.7,46.9,1.2044,0,0,1,0,0,0,0
21,0.8,1035,208.0,7.5,878,78.0,977,69.0,1694,825,19.3,68.8,1.519,0,0,1,0,0,0,0
22,0.4,986,117.33333,5.3,781,60.0,1063,58.0,1633,693,17.6,81.6,1.6296,0,0,1,0,0,0,0
23,0.6,1017,117.33333,6.5,834,61.0,986,59.0,1676,734,17.8,80.3,1.6212,0,0,1,0,0,0,0
0,0.3,922,78.0,4.7,750,46.0,1085,45.0,1585,685,18.6,75.7,1.6074,0,0,0,1,0,0,0
1,0.6,830,40.33333,2.9,644,17.0,1235,23.0,1487,524,19.6,68.4,1.5443,0,0,0,1,0,0,0
2,0.53333,805,30.66667,2.0,583,18.0,1339,26.0,1494,527,18.0,76.4,1.5608,0,0,0,1,0,0,0
4,0.5,783,37.0,1.3,529,16.0,1437,24.0,1435,466,16.5,82.3,1.5318,0,0,0,1,0,0,0
5,0.1,854,48.33333,2.4,613,39.0,1272,41.0,1515,565,16.8,81.3,1.5452,0,0,0,1,0,0,0
6,0.3,985,87.66667,6.1,816,107.0,987,65.0,1677,799,17.3,78.6,1.5412,0,0,0,1,0,0,0
7,1.4,1225,304.66667,12.5,1067,190.0,760,94.0,1922,1102,16.9,80.9,1.5472,0,0,0,1,0,0,0
8,2.7,1313,694.66667,19.5,1283,236.0,671,100.0,2180,1299,17.1,79.8,1.542,0,0,0,1,0,0,0
9,2.3,1199,558.0,15.2,1156,227.0,758,103.0,1958,1272,18.5,70.3,1.4826,0,0,0,1,0,0,0
10,1.8,1182,431.66667,12.0,1051,211.0,829,89.0,1870,1206,19.6,66.7,1.5023,0,0,0,1,0,0,0
11,1.6,1173,359.66667,12.4,1063,201.0,814,86.0,1905,1218,20.4,63.1,1.4969,0,0,0,1,0,0,0
12,1.9,1259,445.0,15.9,1178,191.0,722,89.0,2060,1367,21.6,61.8,1.5775,0,0,0,1,0,0,0
13,2.5,1263,486.33333,15.7,1171,192.0,759,88.0,2029,1290,24.0,49.3,1.4509,0,0,0,1,0,0,0
14,1.6,1156,197.0,13.5,1100,143.0,800,73.0,1884,1175,25.7,43.8,1.4262,0,0,0,1,0,0,0
15,1.5,1167,166.66667,12.4,1065,148.0,808,78.0,1886,1139,24.6,47.5,1.4487,0,0,0,1,0,0,0
16,2.5,1278,366.33333,17.1,1213,183.0,733,95.0,2041,1293,24.8,47.4,1.4628,0,0,0,1,0,0,0
17,3.6,1342,490.33333,22.0,1351,216.0,657,109.0,2201,1419,23.7,50.5,1.4636,0,0,0,1,0,0,0
18,3.5,1353,572.66667,19.9,1292,184.0,683,95.0,2178,1326,23.0,53.8,1.4968,0,0,0,1,0,0,0
19,4.8,1501,610.0,27.9,1501,248.0,588,101.0,2486,1517,21.5,65.8,1.6688,0,0,0,1,0,0,0
20,3.7,1355,567.66667,19.7,1289,221.0,678,88.0,2158,1391,21.0,66.9,1.6436,0,0,0,1,0,0,0
21,2.1,1230,299.0,15.7,1169,159.0,737,77.0,2020,1275,20.6,68.1,1.6329,0,0,0,1,0,0,0
22,1.6,1148,184.33333,12.0,1048,136.0,822,75.0,1883,1168,20.5,66.9,1.5914,0,0,0,1,0,0,0
23,2.2,1171,197.33333,13.1,1088,168.0,822,81.0,1889,1132,20.2,65.2,1.5251,0,0,0,1,0,0,0
0,0.8,1021,69.66667,9.2,949,95.0,927,57.0,1764,977,19.5,68.0,1.5269,0,0,0,0,1,0,0
1,1.36667,964,82.66667,7.5,877,70.0,958,49.0,1692,942,19.9,66.4,1.5203,0,0,0,0,1,0,0
2,0.8,887,53.0,4.9,758,43.0,1094,38.0,1622,804,19.1,69.0,1.5043,0,0,0,0,1,0,0
4,0.73333,830,42.66667,3.2,662,30.0,1217,31.0,1556,704,18.9,67.8,1.4689,0,0,0,0,1,0,0
5,0.63333,792,28.66667,2.4,611,22.0,1280,23.0,1529,657,20.0,63.7,1.4742,0,0,0,0,1,0,0
6,0.6,813,49.0,2.8,639,25.0,1267,22.0,1538,655,19.8,64.7,1.4769,0,0,0,0,1,0,0
7,0.8,890,58.0,3.9,703,48.0,1145,33.0,1601,751,19.7,65.3,1.4843,0,0,0,0,1,0,0
8,1.86667,984,178.0,6.9,854,73.0,964,43.0,1751,885,20.8,62.0,1.5002,0,0,0,0,1,0,0
9,1.8,1043,152.33333,8.5,920,95.0,925,53.0,1777,955,22.2,56.6,1.4973,0,0,0,0,1,0,0
10,2.53333,1054,204.33333,8.9,936,86.0,915,54.0,1791,962,24.3,49.0,1.4724,0,0,0,0,1,0,0
11,1.9,1063,152.33333,8.8,930,102.0,925,62.0,1749,957,25.0,46.5,1.4492,0,0,0,0,1,0,0
12,1.76667,978,117.66667,7.4,873,80.0,1003,53.0,1669,788,28.9,34.8,1.3603,0,0,0,0,1,0,0
13,1.36667,887,74.33333,4.7,748,36.0,1141,34.0,1560,596,29.6,33.4,1.3581,0,0,0,0,1,0,0
14,1.16667,887,66.66667,4.8,754,32.0,1164,30.0,1523,560,30.9,30.7,1.3493,0,0,0,0,1,0,0
15,1.96667,977,120.66667,6.8,850,46.0,1035,37.0,1645,701,31.8,31.0,1.4286,0,0,0,0,1,0,0
16,1.83333,1043,100.66667,8.9,934,61.0,929,47.0,1707,811,31.4,31.2,1.4127,0,0,0,0,1,0,0
17,1.96667,1010,103.0,8.1,902,59.0,966,44.0,1676,724,28.9,35.7,1.3985,0,0,0,0,1,0,0
18,2.13333,1094,136.0,10.5,996,76.0,876,53.0,1807,864,27.2,42.5,1.5135,0,0,0,0,1,0,0
19,2.56667,1223,178.33333,14.8,1142,145.0,778,88.0,1965,1084,26.2,46.4,1.5573,0,0,0,0,1,0,0
20,2.23333,1109,222.33333,11.8,1042,140.0,834,95.0,1888,998,24.5,51.0,1.5454,0,0,0,0,1,0,0
21,2.23333,1026,206.66667,8.7,927,102.0,915,82.0,1781,878,22.8,56.1,1.5353,0,0,0,0,1,0,0
22,2.56667,1036,254.33333,8.7,928,89.0,914,59.0,1787,909,21.9,60.9,1.5799,0,0,0,0,1,0,0
23,1.6,963,128.0,6.9,853,62.0,995,43.0,1732,789,21.7,61.0,1.5617,0,0,0,0,1,0,0
0,1.1,996,71.33333,7.3,868,69.0,957,51.0,1741,857,20.8,64.8,1.568,0,0,0,0,0,1,0
1,1.26667,999,80.33333,6.9,853,63.0,951,49.0,1756,885,20.3,70.9,1.6699,0,0,0,0,0,1,0
2,0.86667,893,58.0,4.6,741,31.0,1056,36.0,1664,743,18.9,79.0,1.704,0,0,0,0,0,1,0
4,0.46667,753,27.0,1.7,562,17.0,1420,24.0,1414,454,18.6,64.5,1.3655,0,0,0,0,0,1,0
5,0.53333,825,44.66667,3.2,663,61.0,1203,58.0,1504,610,17.6,67.4,1.346,0,0,0,0,0,1,0
6,1.46667,1012,153.66667,10.1,982,184.0,882,73.0,1796,1024,17.6,67.6,1.3479,0,0,0,0,0,1,0
7,2.8,1221,322.0,19.9,1293,248.0,688,74.0,2144,1316,19.0,61.7,1.3393,0,0,0,0,0,1,0
8,3.76667,1215,486.66667,20.2,1303,220.0,694,97.0,2180,1358,20.0,57.4,1.3268,0,0,0,0,0,1,0
9,4.46667,1234,695.66667,20.8,1318,243.0,714,108.0,2108,2202,22.6,45.9,1.2418,0,0,0,0,0,1,0
10,3.5,1138,489.33333,15.1,1152,164.0,798,93.0,1877,1947,27.3,34.3,1.2284,0,0,0,0,0,1,0
4,0.7,852,84.0,4.5,739,37.0,1095,63.0,1525,837,19.6,54.8,1.236,1,0,0,0,0,0,0
5,0.7,858,118.0,4.9,757,57.0,1066,71.0,1542,904,19.3,57.3,1.265,1,0,0,0,0,0,0
6,1.2,963,96.33333,7.9,894,131.0,942,91.0,1702,1065,19.7,58.4,1.3254,1,0,0,0,0,0,0
7,1.5,966,182.0,7.4,874,171.0,969,95.0,1682,999,19.8,59.4,1.3554,1,0,0,0,0,0,0
8,1.5,983,249.33333,8.0,901,187.0,954,96.0,1691,986,20.9,54.8,1.3387,1,0,0,0,0,0,0
9,1.6,990,127.66667,7.6,881,133.0,985,81.0,1685,874,22.4,47.9,1.2817,1,0,0,0,0,0,0
10,1.1,891,62.66667,5.3,780,87.0,1110,68.0,1543,689,24.1,41.3,1.2202,1,0,0,0,0,0,0
11,1.1,883,63.66667,5.3,778,61.0,1130,57.0,1545,608,25.9,36.9,1.2133,1,0,0,0,0,0,0
12,1.4,914,68.33333,8.0,900,86.0,1010,68.0,1596,706,30.7,26.0,1.1287,1,0,0,0,0,0,0
13,1.4,896,64.0,8.4,917,83.0,1017,72.0,1577,704,30.3,25.2,1.0652,1,0,0,0,0,0,0
14,1.0,841,96.0,6.0,811,61.0,1135,62.0,1463,609,30.1,25.4,1.0641,1,0,0,0,0,0,0
15,1.3,926,149.0,7.3,868,80.0,1048,75.0,1599,687,27.6,35.1,1.2764,1,0,0,0,0,0,0
16,1.9,1133,195.33333,10.2,984,110.0,838,92.0,1897,976,26.6,47.6,1.6315,1,0,0,0,0,0,0
17,1.7,1042,157.66667,9.0,939,108.0,917,89.0,1744,860,30.4,31.3,1.3331,1,0,0,0,0,0,0
18,2.3,1124,188.33333,14.0,1118,134.0,793,105.0,1915,1021,27.8,35.0,1.282,1,0,0,0,0,0,0
19,2.4,1157,249.33333,16.1,1183,133.0,738,111.0,1970,1079,26.6,37.9,1.2994,1,0,0,0,0,0,0
20,1.8,989,132.66667,8.2,906,118.0,954,102.0,1681,826,23.4,44.4,1.2646,1,0,0,0,0,0,0
21,0.6,841,76.0,3.8,699,17.0,1123,30.0,1508,558,23.0,51.1,1.4175,1,0,0,0,0,0,0
22,0.8,916,131.33333,5.6,791,26.0,1007,43.0,1588,679,22.1,53.5,1.4087,1,0,0,0,0,0,0
23,1.7,1008,166.66667,8.0,900,55.0,907,67.0,1681,850,21.6,53.6,1.3674,1,0,0,0,0,0,0
0,1.1,895,134.0,5.6,792,39.0,975,58.0,1574,733,21.9,52.7,1.365,0,1,0,0,0,0,0
1,0.6,810,117.66667,3.8,702,15.0,1093,24.0,1529,612,21.3,54.9,1.3707,0,1,0,0,0,0,0
2,1.1,968,149.33333,6.6,840,47.0,891,58.0,1727,788,17.5,79.1,1.5709,0,1,0,0,0,0,0
4,1.0,892,106.33333,5.2,773,49.0,926,62.0,1660,724,17.1,81.8,1.5816,0,1,0,0,0,0,0
5,0.5,806,72.33333,2.4,615,21.0,1172,34.0,1525,543,16.6,80.2,1.5002,0,1,0,0,0,0,0
6,0.7,827,73.66667,3.1,659,33.0,1115,46.0,1552,616,16.8,77.4,1.4739,0,1,0,0,0,0,0
7,1.0,881,78.66667,5.2,776,63.0,1037,62.0,1623,677,18.3,66.5,1.381,0,1,0,0,0,0,0
8,1.2,877,98.33333,5.9,808,73.0,1011,70.0,1614,723,20.4,55.8,1.3196,0,1,0,0,0,0,0
9,0.7,784,38.0,2.8,638,51.0,1314,54.0,1412,529,21.6,45.3,1.1533,0,1,0,0,0,0,0
10,0.9,806,28.66667,3.4,675,61.0,1270,61.0,1414,528,23.1,39.4,1.0983,0,1,0,0,0,0,0
11,0.8,775,39.33333,3.0,653,52.0,1349,53.0,1365,491,25.4,31.6,1.0058,0,1,0,0,0,0,0
12,0.8,773,25.66667,3.4,676,49.0,1331,49.0,1374,489,26.6,29.0,0.9928,0,1,0,0,0,0,0
13,0.5,734,48.66667,2.3,603,40.0,1471,48.0,1303,450,25.9,28.8,0.9475,0,1,0,0,0,0,0
14,0.5,757,48.33333,2.7,635,36.0,1445,45.0,1345,451,27.0,28.0,0.981,0,1,0,0,0,0,0
15,0.7,817,80.33333,3.6,688,51.0,1299,60.0,1435,512,23.6,38.1,1.0917,0,1,0,0,0,0,0
16,0.9,815,65.33333,4.2,720,56.0,1225,59.0,1418,525,25.9,32.0,1.0529,0,1,0,0,0,0,0
17,1.0,844,58.33333,4.9,757,71.0,1186,67.0,1445,556,26.3,31.5,1.0643,0,1,0,0,0,0,0
18,1.2,880,62.66667,5.9,807,79.0,1123,72.0,1510,599,23.9,36.8,1.0774,0,1,0,0,0,0,0
19,1.3,906,104.33333,6.6,838,117.0,1084,88.0,1547,694,23.7,36.8,1.0609,0,1,0,0,0,0,0
20,1.6,904,88.33333,7.6,882,127.0,1048,94.0,1549,744,22.5,37.8,1.0157,0,1,0,0,0,0,0
21,1.4,877,67.66667,7.0,858,118.0,1080,89.0,1535,724,21.8,39.2,1.0115,0,1,0,0,0,0,0
22,1.7,918,108.0,7.5,879,130.0,1030,96.0,1569,804,20.9,42.6,1.04,0,1,0,0,0,0,0
23,1.7,930,125.66667,8.4,914,131.0,991,98.0,1631,862,20.0,45.6,1.0555,0,1,0,0,0,0,0
0,1.4,870,75.33333,7.0,858,102.0,1061,95.0,1557,811,19.3,47.9,1.059,0,0,1,0,0,0,0
1,0.8,793,67.33333,3.9,703,48.0,1222,64.0,1439,627,18.7,49.0,1.0462,0,0,1,0,0,0,0
2,0.4,760,52.33333,2.6,626,22.0,1263,38.0,1386,575,17.8,54.1,1.0938,0,0,1,0,0,0,0
4,0.93333,726,58.0,2.1,591,22.0,1263,34.0,1386,579,17.2,57.9,1.127,0,0,1,0,0,0,0
5,0.5,732,60.33333,2.4,613,44.0,1273,40.0,1413,605,18.2,54.1,1.1155,0,0,1,0,0,0,0
6,1.5,933,159.33333,9.6,962,167.0,867,76.0,1705,974,17.3,57.6,1.1289,0,0,1,0,0,0,0
7,2.6,1061,266.0,15.4,1162,220.0,777,90.0,1898,1132,19.9,49.4,1.1354,0,0,1,0,0,0,0
8,4.3,1201,590.66667,25.0,1428,285.0,664,118.0,2249,1378,21.7,44.2,1.1321,0,0,1,0,0,0,0
9,3.1,1065,559.66667,15.1,1151,272.0,801,118.0,1894,1160,23.5,40.0,1.1386,0,0,1,0,0,0,0
10,2.9,1075,435.66667,17.4,1222,238.0,774,122.0,1943,1213,28.4,29.7,1.1345,0,0,1,0,0,0,0
11,2.5,998,377.33333,14.1,1119,207.0,832,120.0,1780,1057,31.6,24.1,1.0994,0,0,1,0,0,0,0
12,1.9,922,127.66667,11.8,1042,152.0,887,132.0,1744,832,31.3,24.1,1.0816,0,0,1,0,0,0,0
13,2.5,1023,315.0,14.9,1147,185.0,829,115.0,1842,983,34.4,20.4,1.0857,0,0,1,0,0,0,0
14,2.5,1039,180.66667,16.0,1180,184.0,833,127.0,1815,1047,33.7,21.3,1.0988,0,0,1,0,0,0,0
15,2.8,1054,155.33333,16.5,1195,205.0,815,126.0,1848,1078,35.9,18.9,1.0999,0,0,1,0,0,0,0
16,2.3,1022,151.33333,15.2,1155,172.0,871,113.0,1840,979,34.3,19.4,1.0279,0,0,1,0,0,0,0
17,3.3,1082,275.33333,18.9,1266,227.0,788,124.0,1910,1139,33.5,19.9,1.0112,0,0,1,0,0,0,0
18,2.8,1056,339.66667,19.0,1268,187.0,786,108.0,1896,1111,30.5,24.2,1.0386,0,0,1,0,0,0,0
19,4.8,1243,638.0,28.9,1524,290.0,647,142.0,2281,1470,30.3,26.2,1.1161,0,0,1,0,0,0,0
20,2.5,1029,285.66667,13.4,1097,155.0,825,125.0,1827,980,27.0,36.7,1.2898,0,0,1,0,0,0,0
21,2.0,1004,215.66667,10.9,1011,108.0,867,116.0,1754,893,24.6,41.9,1.2752,0,0,1,0,0,0,0
22,1.8,979,130.0,8.9,937,94.0,919,101.0,1683,858,23.3,44.5,1.2566,0,0,1,0,0,0,0
23,1.7,972,134.66667,8.5,919,103.0,934,101.0,1668,904,22.4,46.9,1.2544,0,0,1,0,0,0,0
0,1.3,942,77.66667,6.7,846,78.0,980,92.0,1615,905,21.7,50.8,1.3019,0,0,0,1,0,0,0
1,0.7,825,59.66667,4.2,720,38.0,1129,55.0,1511,678,21.0,51.9,1.2794,0,0,0,1,0,0,0
2,0.5,780,53.0,2.5,621,26.0,1277,42.0,1452,586,20.5,54.3,1.2926,0,0,0,1,0,0,0
4,0.3,734,36.33333,1.4,538,19.0,1449,30.0,1400,514,21.0,53.1,1.3031,0,0,0,1,0,0,0
5,0.5,785,45.66667,2.8,640,35.0,1265,40.0,1467,588,19.6,57.1,1.2851,0,0,0,1,0,0,0
6,1.4,946,214.0,8.8,931,126.0,917,69.0,1745,884,18.2,62.3,1.2903,0,0,0,1,0,0,0
7,3.3,1201,304.66667,19.4,1279,309.0,683,100.0,2144,1338,19.5,57.7,1.2966,0,0,0,1,0,0,0
8,5.8,1377,761.0,36.1,1688,376.0,525,125.0,2746,1708,21.6,51.7,1.313,0,0,0,1,0,0,0
9,5.0,1346,659.33333,27.1,1481,441.0,602,174.0,2367,1681,23.9,44.4,1.3029,0,0,0,1,0,0,0
10,3.5,1230,494.33333,19.0,1268,309.0,698,171.0,2049,1509,28.1,35.2,1.312,0,0,0,1,0,0,0
11,2.9,1160,400.0,16.9,1208,220.0,728,149.0,1925,1330,31.4,28.6,1.298,0,0,0,1,0,0,0
12,2.5,1146,155.0,15.7,1171,168.0,761,124.0,1902,1138,33.7,25.5,1.3095,0,0,0,1,0,0,0
13,2.3,1078,168.33333,14.1,1121,149.0,818,119.0,1806,963,35.9,20.8,1.2103,0,0,0,1,0,0,0
14,2.4,1111,210.0,16.5,1194,160.0,794,130.0,1875,1015,37.5,18.1,1.1529,0,0,0,1,0,0,0
15,2.6,1083,169.33333,14.8,1141,177.0,825,143.0,1793,1008,37.7,17.7,1.1383,0,0,0,1,0,0,0
17,3.5,1220,256.0,21.4,1334,176.0,695,183.0,2066,1215,36.6,20.6,1.2445,0,0,0,1,0,0,0
18,3.9,1268,366.0,23.6,1393,202.0,650,161.0,2144,1334,32.5,26.0,1.2502,0,0,0,1,0,0,0
19,4.5,1256,558.66667,25.0,1430,255.0,660,170.0,2151,1380,30.8,27.2,1.1832,0,0,0,1,0,0,0
20,3.8,1213,463.33333,21.6,1341,210.0,683,143.0,2090,1601,28.8,30.2,1.1761,0,0,0,1,0,0,0
21,2.8,1145,245.33333,15.7,1170,157.0,751,123.0,1894,1376,26.7,35.4,1.2233,0,0,0,1,0,0,0
22,1.7,1050,279.66667,10.9,1011,96.0,836,89.0,1739,1161,25.3,40.7,1.291,0,0,0,1,0,0,0
23,1.2,972,88.66667,8.1,902,59.0,933,67.0,1647,878,24.9,41.2,1.2809,0,0,0,1,0,0,0
0,1.6,1020,76.66667,10.2,984,81.0,853,81.0,1753,1031,23.7,45.1,1.3033,0,0,0,0,1,0,0
1,1.0,934,77.66667,7.5,878,40.0,940,54.0,1644,847,22.5,49.0,1.3151,0,0,0,0,1,0,0
2,0.9,914,53.66667,5.8,801,42.0,965,57.0,1609,908,22.3,50.6,1.3486,0,0,0,0,1,0,0
4,0.5,817,54.0,3.3,672,31.0,1113,51.0,1501,751,20.8,54.4,1.3229,0,0,0,0,1,0,0
5,0.5,833,45.66667,4.0,708,54.0,1084,58.0,1525,799,20.3,56.0,1.3204,0,0,0,0,1,0,0
6,1.0,935,60.0,8.1,905,88.0,899,69.0,1675,954,20.5,54.8,1.3073,0,0,0,0,1,0,0
7,3.5,1297,370.0,22.3,1359,261.0,630,107.0,2214,1425,21.7,50.6,1.2981,0,0,0,0,1,0,0
8,6.4,1496,726.66667,36.9,1705,357.0,507,151.0,2691,2147,23.4,46.1,1.3091,0,0,0,0,1,0,0
9,2.9,1201,651.33333,17.5,1224,265.0,701,146.0,1987,1532,25.1,43.0,1.3488,0,0,0,0,1,0,0
10,3.4,1267,467.33333,19.3,1276,247.0,676,165.0,2059,1570,30.1,32.8,1.3795,0,0,0,0,1,0,0
11,2.8,1224,300.66667,17.6,1228,189.0,711,159.0,1972,1380,34.7,25.9,1.4069,0,0,0,0,1,0,0
12,2.8,1247,328.33333,18.6,1257,168.0,701,174.0,2000,1337,37.2,23.2,1.4478,0,0,0,0,1,0,0
13,2.8,1183,285.33333,18.0,1241,183.0,721,167.0,1937,1308,39.5,18.3,1.2917,0,0,0,0,1,0,0
14,2.3,1078,193.33333,14.0,1116,157.0,815,137.0,1761,1013,40.6,15.3,1.1485,0,0,0,0,1,0,0
15,1.8,1076,217.33333,10.9,1012,113.0,894,116.0,1665,816,40.3,16.1,1.1896,0,0,0,0,1,0,0
16,2.0,1052,182.33333,11.1,1019,140.0,896,125.0,1610,836,40.3,14.2,1.0494,0,0,0,0,1,0,0
17,3.5,1287,368.66667,21.6,1340,230.0,699,194.0,2008,1267,39.6,16.7,1.1867,0,0,0,0,1,0,0
18,4.9,1460,642.33333,27.6,1493,277.0,586,222.0,2288,1649,37.3,23.4,1.4672,0,0,0,0,1,0,0
19,4.6,1357,593.0,25.6,1445,295.0,620,206.0,2195,1622,33.7,27.7,1.4213,0,0,0,0,1,0,0
20,3.4,1234,292.66667,18.6,1257,212.0,695,162.0,2019,1349,30.7,32.2,1.3983,0,0,0,0,1,0,0
21,2.7,1151,190.66667,15.2,1154,151.0,747,132.0,1894,1186,28.4,35.7,1.3549,0,0,0,0,1,0,0
22,1.9,1065,109.33333,11.7,1038,110.0,805,107.0,1763,1026,26.5,38.6,1.3154,0,0,0,0,1,0,0
23,1.5,984,140.0,8.7,929,83.0,917,84.0,1654,817,25.4,40.1,1.2822,0,0,0,0,1,0,0
0,1.0,938,66.0,7.6,881,48.0,956,61.0,1607,662,24.1,43.3,1.2839,0,0,0,0,0,1,0
1,0.7,878,46.0,5.2,774,27.0,1065,42.0,1527,552,23.9,45.6,1.3328,0,0,0,0,0,1,0
2,1.0,919,54.66667,5.9,807,48.0,967,66.0,1598,775,22.0,52.8,1.3752,0,0,0,0,0,1,0
4,0.93333,814,64.33333,3.3,673,33.0,1138,50.0,1488,647,20.1,57.3,1.3352,0,0,0,0,0,1,0
5,0.9,872,25.33333,5.4,782,75.0,1001,76.0,1607,874,19.5,59.4,1.3328,0,0,0,0,0,1,0
6,1.2,949,30.33333,8.7,929,101.0,887,78.0,1711,973,20.0,56.6,1.3095,0,0,0,0,0,1,0
7,2.9,1227,338.33333,19.9,1292,214.0,661,104.0,2087,1327,21.7,53.9,1.3848,0,0,0,0,0,1,0
8,4.8,1360,673.0,30.4,1561,290.0,545,139.0,2525,1626,23.7,49.0,1.4152,0,0,0,0,0,1,0
9,4.3,1318,664.0,24.6,1420,311.0,586,166.0,2316,1640,25.9,44.3,1.4544,0,0,0,0,0,1,0
10,3.1,1196,376.0,16.9,1208,234.0,705,151.0,1981,1341,30.1,34.3,1.4414,0,0,0,0,0,1,0
11,2.4,1152,342.0,13.6,1102,157.0,770,134.0,1868,1113,33.5,27.2,1.3859,0,0,0,0,0,1,0
12,2.8,1220,414.33333,15.3,1157,165.0,715,148.0,1935,1224,35.4,26.1,1.4806,0,0,0,0,0,1,0
13,2.5,1182,420.66667,14.1,1120,137.0,735,126.0,1893,1095,37.9,23.2,1.502,0,0,0,0,0,1,0
14,2.6,1167,378.66667,17.0,1210,149.0,719,144.0,1944,1152,39.7,18.7,1.3306,0,0,0,0,0,1,0
15,2.3,1142,249.33333,13.8,1109,140.0,782,133.0,1789,1047,40.4,17.2,1.2774,0,0,0,0,0,1,0
16,2.4,1157,230.0,13.6,1105,139.0,779,139.0,1792,982,40.0,18.8,1.363,0,0,0,0,0,1,0
17,3.5,1274,459.33333,21.2,1329,221.0,670,178.0,2054,1320,38.9,18.8,1.29,0,0,0,0,0,1,0
18,4.8,1372,608.33333,25.9,1451,318.0,631,206.0,2183,1541,35.8,22.1,1.2792,0,0,0,0,0,1,0
19,5.1,1373,622.66667,25.4,1440,363.0,635,211.0,2183,1510,33.1,25.9,1.2923,0,0,0,0,0,1,0
20,4.7,1290,610.0,23.6,1393,341.0,655,180.0,2146,1511,30.9,28.2,1.2388,0,0,0,0,0,1,0
21,2.4,1056,237.0,12.0,1051,163.0,826,116.0,1758,1078,27.5,32.6,1.176,0,0,0,0,0,1,0
22,2.5,1116,213.0,14.2,1123,157.0,768,118.0,1826,1235,26.3,34.3,1.1605,0,0,0,0,0,1,0
23,2.7,1106,227.66667,14.2,1122,202.0,783,115.0,1813,1202,25.5,34.1,1.0968,0,0,0,0,0,1,0
0,1.5,1018,171.66667,10.4,992,102.0,839,96.0,1710,1103,24.7,39.3,1.2065,0,0,0,0,0,0,1
1,1.1,919,86.33333,7.5,880,70.0,915,86.0,1628,1013,24.2,39.5,1.1764,0,0,0,0,0,0,1
2,0.6,807,64.66667,3.5,681,41.0,1092,65.0,1435,765,24.8,37.8,1.1639,0,0,0,0,0,0,1
4,0.4,789,55.66667,2.6,623,36.0,1146,53.0,1407,663,22.0,44.3,1.1553,0,0,0,0,0,0,1
5,0.6,825,64.0,4.0,709,68.0,1050,74.0,1491,813,19.3,51.4,1.1364,0,0,0,0,0,0,1
6,1.0,912,52.33333,7.0,858,92.0,923,69.0,1608,894,19.8,50.4,1.1525,0,0,0,0,0,0,1
7,4.6,1339,426.33333,24.8,1425,332.0,595,131.0,2264,1495,20.5,48.2,1.1474,0,0,0,0,0,0,1
8,4.8,1355,609.0,28.9,1526,333.0,567,134.0,2397,1658,22.8,42.7,1.1667,0,0,0,0,0,0,1
9,4.0,1250,577.66667,21.5,1336,298.0,632,148.0,2104,1506,25.6,35.8,1.1548,0,0,0,0,0,0,1
11,2.0,1076,169.66667,12.2,1055,146.0,817,112.0,1734,993,34.4,21.0,1.1248,0,0,0,0,0,0,1
12,2.0,1096,147.0,13.1,1087,120.0,801,111.0,1759,910,35.9,19.6,1.1422,0,0,0,0,0,0,1
13,2.0,1093,138.0,13.3,1094,108.0,797,110.0,1769,912,37.2,18.2,1.1389,0,0,0,0,0,0,1
14,1.9,1027,174.66667,12.5,1066,109.0,837,110.0,1689,814,37.3,16.6,1.0435,0,0,0,0,0,0,1
15,1.9,1026,228.66667,13.0,1085,124.0,848,116.0,1654,1341,37.4,14.9,0.9413,0,0,0,0,0,0,1
16,1.9,1015,203.66667,12.3,1062,127.0,877,120.0,1668,847,36.4,15.1,0.9005,0,0,0,0,0,0,1
17,2.6,1028,292.0,15.2,1155,185.0,832,142.0,1691,925,35.4,14.7,0.8323,0,0,0,0,0,0,1
18,3.2,1074,354.0,19.1,1270,230.0,776,146.0,1833,1087,34.2,14.2,0.7502,0,0,0,0,0,0,1
19,3.4,1124,596.0,19.7,1289,265.0,765,153.0,1863,1132,31.1,18.7,0.8302,0,0,0,0,0,0,1
20,3.4,1111,381.33333,18.6,1256,261.0,765,158.0,1851,1197,29.1,22.0,0.8702,0,0,0,0,0,0,1
21,2.9,1062,347.33333,16.1,1183,219.0,794,140.0,1731,1229,27.2,22.5,0.7962,0,0,0,0,0,0,1
22,2.7,1072,243.0,15.0,1148,180.0,805,127.0,1683,1171,25.3,24.6,0.7796,0,0,0,0,0,0,1
23,1.3,936,130.66667,7.3,871,108.0,990,97.0,1430,921,24.9,27.2,0.8429,0,0,0,0,0,0,1
0,1.3,988,93.66667,8.9,937,98.0,894,91.0,1543,1008,23.5,32.2,0.922,1,0,0,0,0,0,0
1,0.9,924,79.66667,6.6,839,57.0,957,68.0,1453,849,23.5,32.7,0.9349,1,0,0,0,0,0,0
2,0.6,839,64.0,4.3,725,36.0,1052,52.0,1368,668,24.1,32.0,0.9467,1,0,0,0,0,0,0
4,0.5,853,56.0,4.1,716,45.0,1047,58.0,1414,707,20.8,40.2,0.9725,1,0,0,0,0,0,0
5,0.9,918,86.0,6.0,810,87.0,936,78.0,1524,939,18.8,46.6,1.0027,1,0,0,0,0,0,0
6,0.7,890,47.0,5.6,791,62.0,950,61.0,1489,886,19.8,46.0,1.0524,1,0,0,0,0,0,0
7,0.6,865,49.0,4.8,752,65.0,996,64.0,1451,837,21.3,42.3,1.0625,1,0,0,0,0,0,0
8,1.3,1003,128.0,8.9,937,125.0,850,81.0,1622,1005,21.3,41.8,1.0449,1,0,0,0,0,0,0
9,1.9,1123,164.66667,13.1,1088,157.0,746,92.0,1789,1191,24.0,36.6,1.0772,1,0,0,0,0,0,0
10,2.1,1146,250.66667,14.1,1119,171.0,746,101.0,1823,1200,27.2,30.7,1.0884,1,0,0,0,0,0,0
11,1.8,1110,181.0,11.2,1021,119.0,820,96.0,1724,971,32.3,23.6,1.1271,1,0,0,0,0,0,0
12,1.8,1126,221.33333,10.0,979,110.0,849,101.0,1700,907,31.9,25.8,1.2023,1,0,0,0,0,0,0
13,1.6,1067,130.33333,9.6,962,95.0,860,91.0,1658,802,35.1,21.8,1.2093,1,0,0,0,0,0,0
14,1.2,1008,104.33333,7.2,866,58.0,937,68.0,1573,695,36.0,20.5,1.1995,1,0,0,0,0,0,0
15,1.2,1062,106.0,8.6,924,69.0,892,76.0,1683,777,37.0,20.1,1.2423,1,0,0,0,0,0,0
16,1.4,1082,125.0,9.0,939,76.0,869,84.0,1678,818,36.4,21.0,1.2515,1,0,0,0,0,0,0
17,1.3,1042,151.0,7.9,897,63.0,901,76.0,1605,681,35.2,22.6,1.267,1,0,0,0,0,0,0
18,1.1,1022,94.0,6.2,823,51.0,964,61.0,1599,631,32.5,27.6,1.3229,1,0,0,0,0,0,0
19,1.1,1024,68.0,6.3,828,46.0,936,52.0,1601,641,29.1,35.1,1.3919,1,0,0,0,0,0,0
20,1.1,1048,178.0,6.3,828,52.0,922,59.0,1618,683,26.9,39.7,1.3898,1,0,0,0,0,0,0
21,1.8,1153,186.0,11.2,1022,84.0,765,89.0,1806,1013,26.1,42.2,1.4039,1,0,0,0,0,0,0
22,2.3,1195,400.33333,12.8,1077,130.0,731,113.0,1860,1151,25.5,43.8,1.4095,1,0,0,0,0,0,0
23,2.6,1245,207.66667,13.2,1091,147.0,734,112.0,1870,1134,24.9,45.6,1.4135,1,0,0,0,0,0,0
0,2.0,1086,141.66667,9.2,946,126.0,847,89.0,1729,945,25.2,45.2,1.4262,0,1,0,0,0,0,0
1,1.0,972,166.33333,5.8,804,47.0,955,53.0,1620,734,25.4,45.5,1.457,0,1,0,0,0,0,0
2,0.6,880,61.66667,3.4,677,24.0,1109,36.0,1500,554,26.2,43.6,1.4599,0,1,0,0,0,0,0
4,0.5,879,64.66667,3.1,658,25.0,1121,39.0,1511,564,24.4,48.3,1.4499,0,1,0,0,0,0,0
5,0.4,842,68.33333,2.2,597,21.0,1237,33.0,1444,512,23.3,51.0,1.4346,0,1,0,0,0,0,0
6,0.4,797,40.0,1.5,543,25.0,1466,37.0,1347,410,21.6,48.1,1.2259,0,1,0,0,0,0,0
7,0.4,796,34.33333,1.3,526,25.0,1534,36.0,1322,392,21.4,47.8,1.2005,0,1,0,0,0,0,0
8,0.4,767,43.33333,1.2,520,30.0,1526,42.0,1287,377,20.5,46.8,1.1152,0,1,0,0,0,0,0
9,0.5,784,43.66667,1.7,562,42.0,1460,52.0,1286,389,20.8,40.7,0.9882,0,1,0,0,0,0,0
10,0.6,811,67.33333,2.5,622,52.0,1315,60.0,1307,432,22.3,35.3,0.9371,0,1,0,0,0,0,0
11,0.7,838,66.0,2.5,620,62.0,1292,74.0,1325,502,21.7,38.3,0.9842,0,1,0,0,0,0,0
12,0.7,821,51.33333,2.7,632,67.0,1295,65.0,1302,469,24.4,29.6,0.8921,0,1,0,0,0,0,0
13,0.6,793,41.66667,1.9,579,47.0,1380,52.0,1303,427,23.4,34.9,0.991,0,1,0,0,0,0,0
14,0.5,794,36.33333,1.8,567,35.0,1426,40.0,1306,406,23.5,35.2,1.0019,0,1,0,0,0,0,0
15,0.6,821,39.33333,2.4,614,45.0,1309,49.0,1350,430,22.4,39.0,1.04,0,1,0,0,0,0,0
16,0.8,849,52.66667,2.6,628,53.0,1274,56.0,1379,453,22.0,41.7,1.0865,0,1,0,0,0,0,0
17,0.8,852,44.0,3.0,651,57.0,1246,59.0,1387,470,21.7,42.7,1.0949,0,1,0,0,0,0,0
18,1.0,847,40.0,2.9,645,71.0,1245,68.0,1364,480,20.7,43.4,1.047,0,1,0,0,0,0,0
19,1.0,849,46.33333,3.5,682,67.0,1215,72.0,1378,472,20.3,42.6,1.0045,0,1,0,0,0,0,0
20,1.0,865,65.66667,3.6,687,75.0,1191,78.0,1388,521,20.3,44.1,1.0392,0,1,0,0,0,0,0
21,0.9,848,61.66667,3.6,689,65.0,1180,71.0,1403,520,20.1,45.2,1.0538,0,1,0,0,0,0,0
22,0.7,807,66.33333,2.3,606,45.0,1340,54.0,1337,440,19.8,45.7,1.0424,0,1,0,0,0,0,0
23,0.8,814,56.66667,2.6,627,46.0,1305,57.0,1351,446,19.6,45.3,1.0244,0,1,0,0,0,0,0
0,0.7,785,54.0,2.0,582,33.0,1377,45.0,1311,417,19.4,45.9,1.0242,0,0,1,0,0,0,0
1,0.5,748,48.0,1.2,515,19.0,1580,30.0,1261,381,19.7,44.8,1.0172,0,0,1,0,0,0,0
2,0.3,716,27.66667,0.7,461,9.0,1795,16.0,1235,350,19.5,46.3,1.0363,0,0,1,0,0,0,0
4,0.43333,724,26.33333,0.5,448,12.0,1917,18.0,1256,346,19.1,50.7,1.109,0,0,1,0,0,0,0
5,0.3,748,32.33333,0.8,477,21.0,1703,28.0,1301,380,19.1,52.7,1.1545,0,0,1,0,0,0,0
6,0.7,888,44.66667,3.5,683,66.0,1196,62.0,1483,563,20.3,49.3,1.1596,0,0,1,0,0,0,0
7,1.5,973,89.66667,7.0,858,137.0,941,92.0,1584,779,21.1,46.2,1.1389,0,0,1,0,0,0,0
8,1.8,993,239.66667,8.7,927,151.0,886,96.0,1665,842,21.5,44.5,1.129,0,0,1,0,0,0,0
9,1.4,929,203.33333,6.3,825,115.0,992,87.0,1561,692,22.4,43.6,1.1637,0,0,1,0,0,0,0
10,1.5,962,162.66667,7.0,858,118.0,941,84.0,1613,779,24.8,39.1,1.2039,0,0,1,0,0,0,0
11,1.2,906,111.66667,5.5,786,95.0,1026,73.0,1538,633,23.9,42.1,1.2335,0,0,1,0,0,0,0
12,1.2,915,55.0,5.3,776,86.0,1029,72.0,1544,616,25.5,38.3,1.2328,0,0,1,0,0,0,0
13,1.3,928,90.0,5.5,787,85.0,1012,68.0,1585,606,25.4,39.2,1.2534,0,0,1,0,0,0,0
14,1.0,855,69.66667,3.8,698,66.0,1134,62.0,1449,526,25.6,37.0,1.2006,0,0,1,0,0,0,0
15,1.4,920,76.33333,5.4,783,74.0,1046,70.0,1550,588,24.5,38.4,1.1669,0,0,1,0,0,0,0
16,1.6,917,119.33333,6.7,842,108.0,985,83.0,1563,674,23.9,39.9,1.1639,0,0,1,0,0,0,0
17,2.7,1072,167.0,12.2,1057,150.0,812,92.0,1820,885,24.2,39.2,1.1665,0,0,1,0,0,0,0
18,2.3,1000,215.66667,10.2,985,157.0,846,103.0,1726,879,23.5,41.2,1.1759,0,0,1,0,0,0,0
19,1.5,914,161.66667,6.7,845,93.0,972,82.0,1583,703,22.3,44.9,1.1973,0,0,1,0,0,0,0
20,1.4,888,116.66667,5.7,799,76.0,1023,74.0,1531,637,21.7,46.5,1.1917,0,0,1,0,0,0,0
21,1.0,851,72.33333,4.1,718,57.0,1134,67.0,1471,561,22.0,44.9,1.1699,0,0,1,0,0,0,0
22,1.1,870,65.66667,4.7,749,64.0,1096,74.0,1487,612,22.2,44.1,1.1654,0,0,1,0,0,0,0
23,1.2,883,70.0,5.2,773,59.0,1062,72.0,1514,621,21.8,45.6,1.1763,0,0,1,0,0,0,0
0,1.2,886,54.66667,5.1,767,68.0,1055,79.0,1532,702,21.6,46.0,1.1742,0,0,0,1,0,0,0
1,0.7,792,30.33333,2.8,637,31.0,1249,43.0,1400,559,21.6,45.8,1.1715,0,0,0,1,0,0,0
2,0.5,754,33.0,1.4,535,21.0,1490,33.0,1335,435,20.7,48.3,1.168,0,0,0,1,0,0,0
4,0.4,770,48.66667,2.0,586,24.0,1326,38.0,1392,527,20.8,48.5,1.18,0,0,0,1,0,0,0
5,0.5,797,80.33333,3.0,654,38.0,1097,51.0,1450,720,20.8,49.4,1.1994,0,0,0,1,0,0,0
6,1.0,915,159.33333,7.5,877,92.0,897,69.0,1651,937,19.9,51.8,1.1911,0,0,0,1,0,0,0
7,4.4,1287,588.33333,24.7,1423,311.0,610,116.0,2319,1482,20.9,49.3,1.2049,0,0,0,1,0,0,0
8,4.0,1195,635.0,24.8,1424,260.0,609,119.0,2244,1489,23.7,39.9,1.1508,0,0,0,1,0,0,0
9,2.4,1003,212.33333,10.9,1009,181.0,823,96.0,1710,1015,25.3,35.8,1.1421,0,0,0,1,0,0,0
10,2.1,1037,141.0,11.9,1046,177.0,838,109.0,1763,1004,28.8,29.1,1.1349,0,0,0,1,0,0,0
11,2.7,1114,124.33333,16.0,1181,180.0,747,115.0,1928,1129,30.3,26.9,1.1399,0,0,0,1,0,0,0
12,2.8,1085,186.33333,15.7,1171,174.0,767,118.0,1863,1068,32.8,23.3,1.138,0,0,0,1,0,0,0
13,2.3,1024,234.33333,13.1,1087,140.0,824,118.0,1745,924,33.9,21.4,1.1135,0,0,0,1,0,0,0
14,2.0,1017,169.33333,12.2,1057,122.0,859,112.0,1698,861,35.3,19.6,1.1036,0,0,0,1,0,0,0
15,2.6,1053,315.0,15.8,1173,189.0,785,140.0,1808,981,34.0,20.8,1.0898,0,0,0,1,0,0,0
16,2.7,1065,159.0,16.6,1198,169.0,766,137.0,1852,1043,35.3,18.8,1.0572,0,0,0,1,0,0,0
17,3.1,1136,408.33333,18.4,1250,172.0,722,143.0,1940,1124,32.6,24.1,1.1688,0,0,0,1,0,0,0
18,3.1,1100,518.0,16.7,1202,154.0,732,148.0,1856,1004,30.8,28.7,1.2507,0,0,0,1,0,0,0
19,3.6,1143,398.33333,20.8,1319,192.0,673,158.0,2001,1190,28.7,31.2,1.2099,0,0,0,1,0,0,0
20,2.9,1083,296.33333,15.3,1157,160.0,742,127.0,1884,1072,26.8,35.1,1.2201,0,0,0,1,0,0,0
21,2.2,1009,177.0,11.5,1034,110.0,806,109.0,1763,925,25.3,39.4,1.2524,0,0,0,1,0,0,0
22,2.0,969,95.66667,10.1,983,97.0,853,101.0,1680,862,23.9,40.9,1.1966,0,0,0,1,0,0,0
23,2.1,1029,90.33333,10.4,993,124.0,816,114.0,1728,969,23.0,44.4,1.2354,0,0,0,1,0,0,0
0,1.9,1064,105.33333,9.4,956,108.0,812,104.0,1770,932,22.2,53.9,1.4237,0,0,0,0,1,0,0
1,1.4,986,70.66667,6.9,853,61.0,865,81.0,1645,794,20.9,59.8,1.4659,0,0,0,0,1,0,0
2,0.8,872,44.66667,4.0,709,34.0,1034,51.0,1522,599,21.3,58.1,1.457,0,0,0,0,1,0,0
4,0.6,812,51.33333,2.6,626,24.0,1134,40.0,1471,625,20.3,58.9,1.3878,0,0,0,0,1,0,0
5,0.5,810,39.66667,2.4,612,27.0,1163,34.0,1462,595,21.3,54.5,1.3682,0,0,0,0,1,0,0
6,1.0,936,43.33333,6.8,849,70.0,882,61.0,1640,886,20.6,57.4,1.3753,0,0,0,0,1,0,0
7,2.7,1244,318.33333,18.9,1265,176.0,640,95.0,2084,1257,21.3,56.9,1.4226,0,0,0,0,1,0,0
8,5.0,1440,710.33333,30.2,1556,310.0,517,142.0,2530,1561,22.9,52.4,1.4442,0,0,0,0,1,0,0
9,3.3,1180,641.33333,14.9,1145,221.0,713,128.0,1929,1191,24.1,46.5,1.3802,0,0,0,0,1,0,0
10,2.4,1126,298.33333,12.2,1058,168.0,765,115.0,1879,1061,27.1,38.8,1.3705,0,0,0,0,1,0,0
11,1.7,1005,123.0,8.3,910,109.0,881,84.0,1670,751,28.4,34.4,1.314,0,0,0,0,1,0,0
12,1.7,1032,147.0,9.0,940,102.0,862,85.0,1703,733,30.1,30.9,1.2958,0,0,0,0,1,0,0
13,2.4,1087,292.0,13.7,1106,129.0,755,110.0,1839,906,32.7,25.8,1.2547,0,0,0,0,1,0,0
14,2.2,1090,179.33333,14.1,1119,117.0,756,107.0,1811,902,32.4,25.7,1.2271,0,0,0,0,1,0,0
15,2.2,1072,265.0,12.0,1050,112.0,802,107.0,1748,836,33.6,24.4,1.2472,0,0,0,0,1,0,0
16,2.3,1101,137.66667,12.2,1057,122.0,797,113.0,1772,863,33.0,26.0,1.2877,0,0,0,0,1,0,0
17,2.6,1111,350.0,13.1,1086,114.0,787,107.0,1802,824,33.2,23.7,1.1855,0,0,0,0,1,0,0
18,2.3,1048,386.33333,12.6,1070,111.0,807,106.0,1737,842,31.3,25.4,1.1415,0,0,0,0,1,0,0
19,3.3,1197,493.33333,18.3,1249,158.0,698,125.0,1986,1132,28.3,31.7,1.1968,0,0,0,0,1,0,0
20,3.5,1173,406.33333,17.2,1217,202.0,695,139.0,1930,1175,26.5,35.0,1.1981,0,0,0,0,1,0,0
21,2.5,1075,301.0,12.9,1079,166.0,764,117.0,1798,1111,24.4,40.0,1.2079,0,0,0,0,1,0,0
22,2.5,1067,231.33333,13.7,1106,143.0,745,107.0,1840,1125,23.3,43.4,1.2251,0,0,0,0,1,0,0
23,2.4,1060,240.66667,13.4,1099,122.0,742,98.0,1838,1077,22.5,45.3,1.2226,0,0,0,0,1,0,0
0,2.5,1081,211.33333,13.5,1099,113.0,749,97.0,1854,1087,21.8,47.8,1.2325,0,0,0,0,0,1,0
1,2.1,1017,134.66667,9.9,975,109.0,822,95.0,1722,1014,20.9,51.0,1.2446,0,0,0,0,0,1,0
2,1.0,836,53.33333,4.4,734,53.0,1035,68.0,1501,801,20.8,51.7,1.2572,0,0,0,0,0,1,0
4,0.9,804,55.66667,3.3,668,32.0,1102,51.0,1479,753,18.8,58.6,1.2581,0,0,0,0,0,1,0
5,0.5,798,47.33333,3.4,677,35.0,1092,44.0,1473,696,20.2,53.8,1.2569,0,0,0,0,0,1,0
6,1.3,966,257.66667,9.3,951,123.0,812,77.0,1735,996,18.3,60.8,1.2635,0,0,0,0,0,1,0
7,3.6,1277,541.66667,23.4,1388,254.0,611,100.0,2241,1513,20.2,54.5,1.2777,0,0,0,0,0,1,0
8,4.8,1335,549.66667,27.7,1496,300.0,562,125.0,2385,1598,21.9,49.9,1.2957,0,0,0,0,0,1,0
9,3.7,1297,601.0,22.1,1353,281.0,588,154.0,2128,1690,25.2,43.0,1.3548,0,0,0,0,0,1,0
10,1.9,1041,163.66667,10.0,979,169.0,837,125.0,1705,1053,28.0,36.6,1.3603,0,0,0,0,0,1,0
11,1.7,1027,146.33333,8.9,936,152.0,867,117.0,1696,931,27.1,38.3,1.3548,0,0,0,0,0,1,0
12,1.9,1037,150.66667,9.8,969,127.0,841,105.0,1728,865,27.4,37.0,1.3319,0,0,0,0,0,1,0
13,1.8,1014,130.66667,9.4,954,118.0,865,103.0,1697,818,29.4,32.9,1.3244,0,0,0,0,0,1,0
14,1.7,1007,144.66667,9.8,971,120.0,866,106.0,1682,802,31.3,28.7,1.2885,0,0,0,0,0,1,0
15,1.8,998,175.0,9.5,958,125.0,881,107.0,1657,778,31.5,28.7,1.3058,0,0,0,0,0,1,0
16,1.7,1014,165.33333,9.5,958,117.0,878,102.0,1684,767,30.9,30.3,1.3306,0,0,0,0,0,1,0
17,2.8,1157,241.33333,15.4,1160,166.0,738,124.0,1936,1000,31.4,30.3,1.3689,0,0,0,0,0,1,0
18,3.6,1225,467.0,19.4,1281,180.0,683,133.0,2082,1143,30.7,31.4,1.3686,0,0,0,0,0,1,0
19,3.3,1131,192.0,16.5,1194,172.0,726,125.0,1907,1009,29.0,33.4,1.3169,0,0,0,0,0,1,0
20,2.9,1111,328.66667,14.3,1126,160.0,754,124.0,1883,1076,27.3,37.5,1.342,0,0,0,0,0,1,0
21,1.7,976,120.33333,8.2,909,103.0,878,97.0,1675,830,25.8,40.9,1.3389,0,0,0,0,0,1,0
22,1.7,1016,177.33333,8.7,929,87.0,868,94.0,1724,853,25.2,43.0,1.358,0,0,0,0,0,1,0
23,2.8,1177,268.0,15.2,1156,147.0,684,120.0,1983,1310,24.6,45.8,1.394,0,0,0,0,0,1,0
0,1.8,1013,106.33333,10.6,999,120.0,791,105.0,1751,1119,24.0,47.3,1.3914,0,0,0,0,0,0,1
1,1.0,886,86.0,6.0,813,63.0,936,81.0,1592,918,23.5,48.3,1.3777,0,0,0,0,0,0,1
2,0.5,791,67.33333,3.1,658,30.0,1140,43.0,1467,609,24.0,45.8,1.3467,0,0,0,0,0,0,1
4,0.3,740,44.33333,1.8,568,19.0,1259,32.0,1404,510,22.8,48.1,1.3184,0,0,0,0,0,0,1
5,0.4,775,41.0,2.6,628,27.0,1178,36.0,1437,554,21.9,50.1,1.3002,0,0,0,0,0,0,1
6,0.8,872,52.33333,6.5,833,65.0,947,59.0,1598,760,20.4,54.1,1.28,0,0,0,0,0,0,1
7,2.2,1123,115.66667,14.5,1134,169.0,711,92.0,1922,1170,20.8,52.6,1.2758,0,0,0,0,0,0,1
8,4.4,1306,606.0,28.8,1522,244.0,535,121.0,2450,1545,22.8,47.9,1.3156,0,0,0,0,0,0,1
9,3.7,1237,623.66667,21.3,1332,274.0,605,151.0,2157,1508,25.2,42.9,1.3552,0,0,0,0,0,0,1
10,2.5,1143,281.33333,14.9,1146,202.0,701,142.0,1917,1292,29.3,34.8,1.397,0,0,0,0,0,0,1
11,2.5,1170,323.0,15.6,1168,186.0,703,141.0,1949,1287,33.3,27.8,1.4013,0,0,0,0,0,0,1
12,2.3,1116,280.0,14.3,1128,153.0,739,129.0,1856,1042,34.9,24.9,1.363,0,0,0,0,0,0,1
13,2.0,1054,167.33333,12.6,1069,112.0,785,106.0,1766,817,36.1,22.7,1.3324,0,0,0,0,0,0,1
14,2.0,1083,192.33333,13.4,1097,117.0,765,125.0,1810,847,37.6,21.1,1.3478,0,0,0,0,0,0,1
15,2.1,1078,174.33333,12.6,1069,109.0,782,126.0,1780,806,37.3,21.9,1.3761,0,0,0,0,0,0,1
16,2.4,1104,281.33333,14.8,1143,133.0,747,147.0,1840,896,37.2,21.6,1.3514,0,0,0,0,0,0,1
17,3.1,1170,281.0,18.6,1257,185.0,693,180.0,1956,1069,35.6,23.4,1.341,0,0,0,0,0,0,1
18,2.9,1091,350.33333,16.7,1201,167.0,738,164.0,1834,945,33.1,24.3,1.2087,0,0,0,0,0,0,1
19,3.5,1216,485.66667,20.8,1318,218.0,673,180.0,2043,1168,30.5,29.5,1.2635,0,0,0,0,0,0,1
20,2.9,1125,292.0,16.0,1179,171.0,719,153.0,1921,1065,28.7,35.8,1.3834,0,0,0,0,0,0,1
21,1.5,971,192.0,7.6,881,78.0,916,105.0,1635,672,26.6,42.2,1.4452,0,0,0,0,0,0,1
22,1.7,1062,181.66667,10.2,984,84.0,816,98.0,1796,842,25.2,46.6,1.4733,0,0,0,0,0,0,1
23,2.2,1140,208.0,13.8,1109,110.0,714,107.0,1892,1123,24.7,47.7,1.4649,0,0,0,0,0,0,1
0,1.6,1038,103.66667,10.4,992,87.0,802,87.0,1731,1007,24.4,47.4,1.4301,1,0,0,0,0,0,0
1,1.0,935,73.33333,6.5,836,58.0,909,80.0,1604,855,23.3,49.9,1.4135,1,0,0,0,0,0,0
2,0.6,861,70.33333,4.3,729,39.0,1043,62.0,1528,689,23.8,47.3,1.3783,1,0,0,0,0,0,0
4,0.6,850,63.0,3.9,703,38.0,1021,54.0,1511,658,21.2,55.0,1.3689,1,0,0,0,0,0,0
5,0.5,817,64.0,3.0,651,41.0,1109,56.0,1472,628,21.7,52.6,1.35,1,0,0,0,0,0,0
6,0.5,825,52.33333,3.2,667,47.0,1079,62.0,1475,659,22.8,48.9,1.3424,1,0,0,0,0,0,0
7,0.9,921,67.0,5.6,792,72.0,943,72.0,1595,799,23.5,47.6,1.3611,1,0,0,0,0,0,0
8,1.4,1031,174.66667,9.1,945,100.0,806,86.0,1697,964,24.6,44.9,1.3661,1,0,0,0,0,0,0
9,1.6,1092,177.33333,9.7,967,104.0,801,99.0,1774,910,27.0,39.9,1.402,1,0,0,0,0,0,0
10,1.6,1095,158.66667,8.6,923,109.0,843,98.0,1736,999,29.3,35.9,1.4411,1,0,0,0,0,0,0
11,1.7,1097,144.0,9.6,964,103.0,822,102.0,1743,853,31.2,32.4,1.4517,1,0,0,0,0,0,0
12,1.7,1101,135.66667,9.8,972,75.0,819,84.0,1714,752,34.4,26.6,1.423,1,0,0,0,0,0,0
13,1.5,1060,138.66667,10.3,991,72.0,833,83.0,1718,778,36.1,22.1,1.3004,1,0,0,0,0,0,0
4,0.3,732,57.0,1.5,544,15.0,1353,24.0,1367,466,18.9,55.2,1.1895,0,0,1,0,0,0,0
5,0.5,809,50.33333,3.5,681,52.0,1108,43.0,1463,609,18.2,57.6,1.193,0,0,1,0,0,0,0
6,1.3,934,110.66667,8.3,911,85.0,857,64.0,1639,863,18.6,56.0,1.1865,0,0,1,0,0,0,0
7,2.5,1132,170.33333,17.3,1220,177.0,691,91.0,1910,1203,20.8,48.0,1.1702,0,0,1,0,0,0,0
8,3.7,1221,486.66667,23.3,1386,232.0,626,109.0,2138,1412,23.3,38.6,1.0919,0,0,1,0,0,0,0
9,2.5,1024,183.0,13.8,1111,201.0,770,110.0,1753,1069,25.1,32.4,1.017,0,0,1,0,0,0,0
10,1.8,938,224.33333,10.2,987,134.0,862,111.0,1597,817,27.8,25.8,0.9473,0,0,1,0,0,0,0
11,1.5,869,109.33333,7.9,897,104.0,965,106.0,1480,649,29.6,21.0,0.8548,0,0,1,0,0,0,0
12,1.5,846,99.66667,8.8,930,89.0,947,104.0,1467,598,30.2,18.0,0.7613,0,0,1,0,0,0,0
13,1.2,838,108.0,7.2,868,66.0,1005,76.0,1454,540,30.1,18.5,0.7747,0,0,1,0,0,0,0
14,1.4,875,111.0,8.3,912,85.0,978,84.0,1504,601,29.5,19.4,0.7872,0,0,1,0,0,0,0
15,1.6,907,170.0,9.6,961,105.0,920,102.0,1564,668,31.1,18.2,0.8079,0,0,1,0,0,0,0
16,1.6,889,132.33333,9.0,939,99.0,920,102.0,1492,647,30.3,19.0,0.8103,0,0,1,0,0,0,0
17,2.2,969,298.33333,12.4,1064,132.0,834,124.0,1645,816,30.1,19.3,0.8083,0,0,1,0,0,0,0
18,3.0,1051,623.66667,15.3,1157,186.0,760,147.0,1787,963,28.6,22.3,0.859,0,0,1,0,0,0,0
19,3.0,1043,223.0,16.1,1181,174.0,736,138.0,1813,1010,26.1,28.3,0.9407,0,0,1,0,0,0,0
20,2.7,1043,263.66667,14.1,1121,149.0,736,126.0,1793,967,24.5,35.7,1.0807,0,0,1,0,0,0,0
21,2.1,1007,143.0,11.4,1027,114.0,798,112.0,1737,904,23.1,41.5,1.1582,0,0,1,0,0,0,0
22,1.6,966,136.33333,9.5,959,92.0,838,95.0,1686,852,21.8,46.3,1.1913,0,0,1,0,0,0,0
23,1.3,920,96.66667,7.4,875,75.0,915,80.0,1594,744,20.9,48.9,1.1945,0,0,1,0,0,0,0
0,1.1,889,69.0,6.4,831,74.0,956,79.0,1570,760,20.5,49.9,1.1903,0,0,0,1,0,0,0
1,0.7,825,59.0,4.1,715,35.0,1062,49.0,1462,613,20.0,50.9,1.1794,0,0,0,1,0,0,0
2,0.4,758,46.0,1.9,580,22.0,1215,36.0,1374,531,22.1,44.3,1.1665,0,0,0,1,0,0,0
4,0.2,719,28.33333,1.2,522,24.0,1385,40.0,1343,509,19.8,50.3,1.1444,0,0,0,1,0,0,0
5,0.3,757,39.0,2.2,596,30.0,1236,37.0,1381,560,19.0,52.8,1.1489,0,0,0,1,0,0,0
6,0.9,890,82.66667,6.4,831,93.0,922,67.0,1594,826,17.8,56.5,1.1375,0,0,0,1,0,0,0
7,3.1,1181,304.66667,18.5,1255,332.0,632,106.0,2002,1334,18.2,55.8,1.1529,0,0,0,1,0,0,0
8,5.0,1332,635.0,30.2,1556,387.0,523,134.0,2394,1660,20.6,47.7,1.1448,0,0,0,1,0,0,0
9,2.8,1128,558.66667,14.2,1124,267.0,717,123.0,1832,1362,22.8,41.9,1.1496,0,0,0,1,0,0,0
10,2.8,1128,397.0,14.3,1126,269.0,725,136.0,1856,1316,27.1,31.7,1.1147,0,0,0,1,0,0,0
11,2.1,1064,298.0,12.6,1069,193.0,766,109.0,1766,1089,30.4,26.4,1.131,0,0,0,1,0,0,0
12,3.1,1139,296.66667,18.0,1240,239.0,702,144.0,1940,1129,31.1,26.2,1.1647,0,0,0,1,0,0,0
13,3.0,1121,285.33333,17.1,1214,232.0,707,154.0,1912,1120,31.4,25.3,1.1444,0,0,0,1,0,0,0
14,2.1,1032,149.0,13.0,1083,152.0,776,126.0,1772,916,30.8,26.7,1.168,0,0,0,1,0,0,0
15,1.7,1040,203.66667,11.2,1022,115.0,826,98.0,1747,812,31.8,25.6,1.1868,0,0,0,1,0,0,0
16,2.2,1076,179.66667,13.6,1105,169.0,762,120.0,1782,959,33.5,22.9,1.1649,0,0,0,1,0,0,0
17,3.5,1177,368.66667,20.5,1310,226.0,656,145.0,2011,1189,33.1,23.5,1.1673,0,0,0,1,0,0,0
18,3.6,1196,633.66667,20.2,1303,218.0,654,139.0,2017,1199,31.7,25.9,1.1883,0,0,0,1,0,0,0
19,4.1,1204,555.66667,23.1,1381,245.0,623,148.0,2085,1283,29.0,30.4,1.2013,0,0,0,1,0,0,0
20,4.0,1166,375.66667,20.3,1304,236.0,646,139.0,2016,1291,27.4,33.6,1.2095,0,0,0,1,0,0,0
21,1.8,959,140.33333,9.3,949,104.0,857,93.0,1640,949,25.2,36.4,1.1528,0,0,0,1,0,0,0
22,1.7,1004,105.0,10.5,997,104.0,813,96.0,1726,1018,24.0,39.6,1.1662,0,0,0,1,0,0,0
23,2.4,1050,130.66667,13.6,1105,144.0,729,104.0,1807,1122,23.8,39.6,1.1558,0,0,0,1,0,0,0
0,1.2,965,87.33333,8.0,900,79.0,864,83.0,1631,968,22.9,43.6,1.1974,0,0,0,0,1,0,0
1,0.8,849,62.0,4.6,744,51.0,1004,66.0,1496,806,22.8,43.9,1.202,0,0,0,0,1,0,0
2,0.5,809,60.0,3.2,666,38.0,1093,55.0,1455,714,21.8,47.3,1.2189,0,0,0,0,1,0,0
4,0.93333,768,64.33333,2.1,591,24.0,1183,37.0,1402,606,20.8,50.3,1.2207,0,0,0,0,1,0,0
5,0.4,768,38.0,2.2,597,30.0,1155,40.0,1396,606,21.7,46.8,1.2031,0,0,0,0,1,0,0
6,1.0,917,56.0,6.7,842,73.0,934,51.0,1656,819,20.3,52.3,1.2367,0,0,0,0,1,0,0
7,3.8,1252,288.66667,23.1,1380,305.0,579,117.0,2210,1462,20.5,52.3,1.245,0,0,0,0,1,0,0
8,3.2,1224,508.33333,19.0,1268,295.0,605,110.0,2046,1478,21.7,49.6,1.2673,0,0,0,0,1,0,0
9,3.5,1277,564.66667,20.1,1300,331.0,608,136.0,2090,1598,24.0,43.1,1.2677,0,0,0,0,1,0,0
10,3.2,1149,469.0,16.4,1192,304.0,672,152.0,1944,1449,28.5,31.7,1.2144,0,0,0,0,1,0,0
11,2.3,1091,197.66667,13.0,1082,210.0,746,119.0,1790,1221,32.2,25.1,1.189,0,0,0,0,1,0,0
12,2.2,1053,154.0,13.1,1087,163.0,763,106.0,1762,1023,34.9,20.5,1.1279,0,0,0,0,1,0,0
13,2.1,1023,186.66667,11.8,1042,132.0,796,101.0,1711,910,35.4,19.9,1.1222,0,0,0,0,1,0,0
14,1.9,1085,167.66667,12.7,1075,126.0,767,110.0,1786,913,34.4,22.5,1.205,0,0,0,0,1,0,0
15,2.4,1116,203.0,14.1,1120,150.0,724,124.0,1854,1035,34.8,22.8,1.2488,0,0,0,0,1,0,0
16,2.5,1111,181.66667,14.4,1131,171.0,735,137.0,1825,1085,34.3,22.4,1.1907,0,0,0,0,1,0,0
17,3.6,1210,327.66667,20.7,1316,234.0,645,159.0,2030,1278,32.5,25.3,1.2165,0,0,0,0,1,0,0
18,3.9,1250,608.33333,21.6,1339,251.0,616,152.0,2075,1383,31.3,27.3,1.2234,0,0,0,0,1,0,0
19,4.4,1297,527.33333,24.2,1408,294.0,595,166.0,2134,1473,30.2,29.0,1.2224,0,0,0,0,1,0,0
20,4.8,1313,697.33333,21.8,1345,300.0,603,163.0,2118,1507,28.5,33.3,1.2775,0,0,0,0,1,0,0
21,2.5,1146,327.0,13.0,1084,159.0,713,121.0,1829,1215,27.3,35.3,1.2606,0,0,0,0,1,0,0
22,2.8,1199,191.0,15.1,1152,176.0,685,125.0,1897,1242,26.1,37.8,1.2575,0,0,0,0,1,0,0
23,3.2,1274,220.66667,16.6,1197,192.0,626,120.0,2023,1356,24.7,47.1,1.44,0,0,0,0,1,0,0
0,2.6,1243,181.66667,12.7,1072,152.0,675,103.0,1978,1195,23.6,59.8,1.7193,0,0,0,0,0,1,0
1,1.5,1054,95.0,8.6,923,63.0,783,64.0,1793,899,23.3,60.5,1.706,0,0,0,0,0,1,0
2,1.0,962,77.66667,5.3,778,35.0,929,44.0,1645,726,23.3,59.4,1.6753,0,0,0,0,0,1,0
4,0.6,871,63.33333,2.8,639,21.0,1062,35.0,1528,684,23.7,53.5,1.546,0,0,0,0,0,1,0
5,0.6,877,39.33333,3.1,658,41.0,1047,46.0,1530,779,21.2,60.9,1.5092,0,0,0,0,0,1,0
6,0.7,893,41.33333,3.7,696,48.0,1008,54.0,1548,801,22.1,56.2,1.48,0,0,0,0,0,1,0
7,1.2,1030,89.66667,6.9,851,102.0,824,68.0,1700,983,21.9,57.0,1.4742,0,0,0,0,0,1,0
8,1.5,1059,196.66667,8.6,926,111.0,783,77.0,1750,989,24.7,45.9,1.4061,0,0,0,0,0,1,0
9,1.3,1020,108.33333,7.1,860,93.0,864,74.0,1649,875,27.0,40.8,1.4286,0,0,0,0,0,1,0
10,1.6,1045,166.33333,6.6,840,118.0,879,92.0,1656,807,29.1,37.4,1.4833,0,0,0,0,0,1,0
11,1.5,1029,192.33333,7.2,866,93.0,874,83.0,1651,727,31.1,32.4,1.4351,0,0,0,0,0,1,0
12,1.2,959,91.0,5.0,763,56.0,976,58.0,1561,549,31.9,30.3,1.4125,0,0,0,0,0,1,0
13,1.1,975,113.33333,5.7,798,51.0,939,55.0,1576,570,32.8,28.9,1.412,0,0,0,0,0,1,0
14,1.2,988,64.66667,6.0,813,52.0,927,61.0,1596,596,33.4,27.8,1.4119,0,0,0,0,0,1,0
15,1.3,971,86.33333,6.1,818,59.0,942,65.0,1565,585,35.3,23.7,1.3331,0,0,0,0,0,1,0
16,1.4,999,100.0,8.0,899,62.0,869,74.0,1629,637,35.8,22.4,1.2915,0,0,0,0,0,1,0
17,1.6,989,117.33333,7.8,889,85.0,889,89.0,1602,664,35.3,20.8,1.1664,0,0,0,0,0,1,0
18,2.1,1075,170.66667,11.1,1020,109.0,802,103.0,1732,797,33.3,23.9,1.2085,0,0,0,0,0,1,0
19,3.0,1190,222.33333,15.9,1177,168.0,695,128.0,1934,1046,30.3,30.8,1.3044,0,0,0,0,0,1,0
20,2.8,1172,255.33333,13.7,1108,166.0,706,122.0,1878,1058,28.3,34.5,1.3084,0,0,0,0,0,1,0
21,3.8,1256,350.33333,21.6,1340,149.0,594,125.0,2176,1214,27.1,38.9,1.3758,0,0,0,0,0,1,0
22,3.2,1190,227.33333,16.8,1203,118.0,658,119.0,1967,1056,25.4,43.2,1.3805,0,0,0,0,0,1,0
23,4.1,1249,233.66667,20.5,1310,160.0,601,126.0,2114,1280,24.6,45.3,1.3767,0,0,0,0,0,1,0
0,2.6,1072,263.0,14.1,1120,124.0,711,100.0,1838,1045,23.7,46.0,1.3346,0,0,0,0,0,0,1
1,2.0,1035,191.0,10.9,1011,95.0,750,94.0,1752,1039,23.0,48.1,1.3322,0,0,0,0,0,0,1
2,0.9,839,59.66667,3.6,690,34.0,1030,52.0,1457,640,24.8,43.4,1.3366,0,0,0,0,0,0,1
4,0.6,804,81.33333,2.4,616,45.0,1144,64.0,1427,662,21.7,50.2,1.2917,0,0,0,0,0,0,1
5,0.6,811,55.33333,3.0,651,35.0,1097,46.0,1442,579,21.9,50.7,1.3138,0,0,0,0,0,0,1
6,1.6,1028,209.66667,8.9,934,141.0,818,88.0,1743,987,20.1,57.0,1.3216,0,0,0,0,0,0,1
7,2.6,1138,310.33333,14.8,1141,199.0,671,104.0,1927,1197,21.5,51.8,1.3129,0,0,0,0,0,0,1
8,2.9,1203,301.66667,16.2,1185,224.0,649,125.0,1968,1328,22.9,48.7,1.3416,0,0,0,0,0,0,1
9,2.8,1193,324.66667,14.6,1136,245.0,667,151.0,1924,1370,25.7,41.0,1.3351,0,0,0,0,0,0,1
10,1.9,1049,151.66667,8.0,898,153.0,858,113.0,1671,921,29.9,33.2,1.3793,0,0,0,0,0,0,1
11,1.9,1090,213.33333,9.1,942,145.0,828,102.0,1713,876,32.9,28.0,1.3789,0,0,0,0,0,0,1
12,2.1,1070,239.0,10.0,976,130.0,808,108.0,1688,819,34.0,25.6,1.3363,0,0,0,0,0,0,1
13,1.9,1014,99.0,9.8,970,95.0,826,93.0,1684,763,34.7,22.6,1.2297,0,0,0,0,0,0,1
14,1.6,972,129.0,8.3,912,88.0,882,89.0,1596,675,35.5,20.3,1.1586,0,0,0,0,0,0,1
15,1.6,951,87.33333,7.5,880,89.0,920,84.0,1539,637,35.9,18.8,1.0912,0,0,0,0,0,0,1
16,2.1,1033,155.0,11.7,1038,127.0,802,111.0,1690,826,36.2,18.6,1.0945,0,0,0,0,0,0,1
17,2.4,983,197.33333,13.3,1094,149.0,817,115.0,1659,854,35.4,15.3,0.8613,0,0,0,0,0,0,1
18,2.8,973,236.0,14.4,1128,170.0,813,127.0,1642,894,32.9,15.5,0.7649,0,0,0,0,0,0,1
19,3.4,1083,314.66667,17.9,1237,210.0,737,129.0,1786,1077,29.9,19.8,0.8211,0,0,0,0,0,0,1
20,3.4,1062,186.0,15.9,1176,230.0,763,140.0,1743,1121,28.1,22.4,0.8394,0,0,0,0,0,0,1
21,2.7,1011,253.0,14.2,1122,203.0,808,137.0,1680,1071,26.1,24.7,0.8233,0,0,0,0,0,0,1
22,2.6,1054,209.33333,13.8,1110,174.0,765,130.0,1670,1167,25.0,28.7,0.8944,0,0,0,0,0,0,1
23,2.3,1013,252.66667,11.7,1038,164.0,793,121.0,1598,1162,24.3,31.0,0.9268,0,0,0,0,0,0,1
0,1.2,870,73.66667,6.2,823,76.0,975,79.0,1398,848,24.0,31.2,0.919,1,0,0,0,0,0,0
1,1.0,857,67.0,5.1,769,52.0,1006,69.0,1390,759,22.4,34.9,0.9362,1,0,0,0,0,0,0
2,0.9,835,53.0,4.5,739,47.0,1036,61.0,1382,694,21.2,37.6,0.9355,1,0,0,0,0,0,0
4,0.73333,763,53.0,2.5,622,37.0,1129,58.0,1321,689,21.2,39.4,0.9802,1,0,0,0,0,0,0
5,0.4,769,46.0,2.3,606,41.0,1171,58.0,1314,610,19.5,42.4,0.9515,1,0,0,0,0,0,0
6,0.9,891,66.66667,5.5,790,74.0,960,70.0,1466,816,18.6,45.8,0.9723,1,0,0,0,0,0,0
7,1.8,1037,239.66667,10.4,993,168.0,779,104.0,1680,1158,19.7,44.1,1.0039,1,0,0,0,0,0,0
8,2.2,1090,186.0,12.4,1065,176.0,728,109.0,1773,1228,21.9,39.4,1.0243,1,0,0,0,0,0,0
9,2.4,1117,369.66667,14.0,1118,184.0,716,129.0,1791,1323,24.5,34.3,1.0407,1,0,0,0,0,0,0
10,2.3,1109,254.0,12.7,1074,187.0,761,144.0,1734,1274,30.0,25.6,1.0674,1,0,0,0,0,0,0
11,1.6,961,137.66667,9.0,939,118.0,912,101.0,1508,846,34.5,18.9,1.0168,1,0,0,0,0,0,0
12,1.4,985,111.66667,8.5,919,89.0,918,90.0,1540,737,36.3,17.5,1.0411,1,0,0,0,0,0,0
13,1.4,960,124.0,8.2,909,70.0,910,86.0,1523,675,37.7,16.0,1.0231,1,0,0,0,0,0,0
14,1.0,927,65.66667,5.9,806,51.0,1013,69.0,1446,559,38.3,15.8,1.0465,1,0,0,0,0,0,0
15,1.0,958,103.33333,5.6,795,52.0,1002,65.0,1481,604,38.4,17.5,1.1609,1,0,0,0,0,0,0
16,1.2,1019,61.0,6.7,842,70.0,935,73.0,1565,729,37.2,20.5,1.2813,1,0,0,0,0,0,0
17,1.3,1010,79.33333,6.1,816,80.0,955,73.0,1567,741,34.0,26.4,1.3781,1,0,0,0,0,0,0
18,1.5,1030,87.0,6.7,844,90.0,917,78.0,1599,747,32.3,30.4,1.445,1,0,0,0,0,0,0
19,1.9,1100,159.33333,9.2,946,111.0,827,98.0,1726,932,30.5,33.9,1.4564,1,0,0,0,0,0,0
20,1.8,1079,152.66667,8.2,909,107.0,861,99.0,1686,928,29.2,37.8,1.5098,1,0,0,0,0,0,0
21,1.4,1036,179.66667,7.0,859,73.0,900,83.0,1645,860,28.4,39.1,1.4881,1,0,0,0,0,0,0
22,1.7,1085,180.66667,9.5,959,75.0,827,88.0,1747,963,27.7,40.6,1.4828,1,0,0,0,0,0,0
23,2.7,1214,252.66667,15.1,1151,144.0,683,117.0,1938,1309,27.2,42.5,1.5069,1,0,0,0,0,0,0
0,2.1,1127,193.33333,11.7,1041,120.0,728,97.0,1830,1266,26.5,44.8,1.528,0,1,0,0,0,0,0
1,1.4,1038,113.66667,9.3,950,71.0,776,75.0,1750,1181,25.5,47.6,1.5318,0,1,0,0,0,0,0
2,1.0,948,77.33333,6.4,829,40.0,873,53.0,1638,937,25.2,47.8,1.5076,0,1,0,0,0,0,0
4,0.8,869,130.0,4.2,723,34.0,975,45.0,1522,789,23.2,52.3,1.4668,0,1,0,0,0,0,0
5,0.5,809,57.0,2.6,628,27.0,1127,42.0,1490,682,24.0,50.3,1.4811,0,1,0,0,0,0,0
6,0.6,833,51.66667,2.8,641,30.0,1088,44.0,1496,717,23.5,51.2,1.4634,0,1,0,0,0,0,0
7,0.6,857,49.33333,3.1,661,40.0,1083,50.0,1511,696,23.5,50.8,1.452,0,1,0,0,0,0,0
8,1.0,966,66.0,6.2,820,56.0,913,60.0,1634,807,24.7,47.6,1.4597,0,1,0,0,0,0,0
9,1.6,1063,122.66667,7.9,894,104.0,823,100.0,1688,1025,27.2,41.1,1.4611,0,1,0,0,0,0,0
10,1.9,1110,214.0,10.5,996,121.0,782,111.0,1771,1090,31.0,32.4,1.4294,0,1,0,0,0,0,0
11,1.7,1055,178.0,9.0,941,100.0,844,110.0,1648,932,35.2,24.8,1.3854,0,1,0,0,0,0,0
12,1.1,939,111.66667,6.3,828,59.0,991,74.0,1486,639,37.8,18.5,1.1977,0,1,0,0,0,0,0
13,0.8,816,71.66667,3.5,684,42.0,1195,56.0,1285,467,39.0,15.1,1.0424,0,1,0,0,0,0,0
14,0.7,841,59.0,4.0,712,38.0,1175,50.0,1339,476,41.3,12.8,0.9933,0,1,0,0,0,0,0
15,0.7,842,69.0,4.2,722,40.0,1163,54.0,1294,490,41.8,11.9,0.9476,0,1,0,0,0,0,0
16,1.2,990,136.0,6.9,852,70.0,967,90.0,1488,669,42.2,14.2,1.1609,0,1,0,0,0,0,0
17,1.6,1042,144.0,7.9,894,95.0,916,109.0,1537,800,41.4,15.5,1.2089,0,1,0,0,0,0,0
18,1.6,1089,156.0,7.9,893,90.0,879,110.0,1609,791,38.9,21.4,1.4605,0,1,0,0,0,0,0
19,1.7,1102,142.0,10.3,990,90.0,799,103.0,1685,849,34.3,26.0,1.3865,0,1,0,0,0,0,0
20,2.0,1095,263.33333,10.5,996,111.0,799,120.0,1695,934,32.7,27.7,1.3439,0,1,0,0,0,0,0
21,2.3,1116,262.33333,12.7,1075,135.0,761,134.0,1784,1081,30.5,30.4,1.3031,0,1,0,0,0,0,0
22,2.4,1105,250.66667,11.9,1046,146.0,777,137.0,1751,1102,29.0,33.6,1.3277,0,1,0,0,0,0,0
23,1.7,1018,171.66667,9.3,950,100.0,830,99.0,1636,914,28.2,36.6,1.3781,0,1,0,0,0,0,0
0,1.2,991,178.33333,7.9,896,69.0,857,78.0,1616,926,27.2,38.9,1.3821,0,0,1,0,0,0,0
1,1.0,923,86.33333,5.0,765,47.0,952,63.0,1508,786,26.7,40.0,1.3754,0,0,1,0,0,0,0
2,0.6,874,80.33333,3.4,679,26.0,1049,41.0,1444,619,26.0,41.2,1.3598,0,0,1,0,0,0,0
4,0.4,838,52.66667,2.7,632,24.0,1079,39.0,1438,634,24.0,46.6,1.37,0,0,1,0,0,0,0
5,0.5,827,53.66667,3.1,656,55.0,1075,60.0,1447,722,24.0,46.4,1.3689,0,0,1,0,0,0,0
6,0.7,901,89.66667,5.0,763,47.0,984,54.0,1552,717,23.7,47.1,1.3602,0,0,1,0,0,0,0
7,3.2,1291,429.33333,20.7,1316,209.0,603,119.0,2172,1445,23.6,47.3,1.3634,0,0,1,0,0,0,0
8,5.6,1441,641.33333,32.4,1606,348.0,503,159.0,2568,1786,25.5,43.1,1.3891,0,0,1,0,0,0,0
9,4.6,1363,625.33333,24.2,1410,337.0,565,182.0,2199,1791,28.5,36.8,1.4128,0,0,1,0,0,0,0
10,3.3,1218,457.0,16.6,1198,280.0,671,183.0,1907,1413,32.6,28.0,1.3566,0,0,1,0,0,0,0
11,2.1,1132,129.66667,13.2,1091,169.0,751,144.0,1795,1092,36.3,23.4,1.3902,0,0,1,0,0,0,0
12,1.9,1103,179.0,12.3,1060,126.0,770,118.0,1748,940,37.5,21.5,1.3673,0,0,1,0,0,0,0
13,1.9,1081,153.33333,12.1,1053,108.0,770,106.0,1773,883,39.6,19.0,1.3447,0,0,1,0,0,0,0
14,1.6,1079,189.0,11.1,1018,93.0,793,97.0,1739,850,40.1,19.3,1.4013,0,0,1,0,0,0,0
15,2.0,1167,175.0,13.1,1087,112.0,741,129.0,1820,928,40.4,20.0,1.4854,0,0,1,0,0,0,0
16,1.8,1148,232.0,11.6,1037,110.0,772,130.0,1720,835,39.9,20.1,1.4495,0,0,1,0,0,0,0
17,2.9,1221,279.0,17.7,1230,188.0,670,163.0,1905,1157,39.1,19.6,1.3542,0,0,1,0,0,0,0
18,3.4,1255,630.33333,19.5,1283,203.0,640,160.0,2023,1232,37.0,21.9,1.3503,0,0,1,0,0,0,0
19,3.1,1245,574.33333,19.7,1287,167.0,635,140.0,2067,1288,33.9,26.8,1.3899,0,0,1,0,0,0,0
20,2.5,1162,444.33333,15.1,1151,116.0,687,115.0,1912,1143,31.9,30.6,1.4201,0,0,1,0,0,0,0
21,1.8,1079,266.0,11.1,1020,89.0,754,92.0,1760,1014,29.7,33.9,1.3874,0,0,1,0,0,0,0
22,1.8,1091,199.66667,11.7,1038,103.0,744,99.0,1786,1088,28.6,36.8,1.416,0,0,1,0,0,0,0
23,2.0,1085,135.33333,11.7,1039,100.0,745,96.0,1790,1092,27.8,38.7,1.4187,0,0,1,0,0,0,0
0,1.5,1050,87.66667,9.7,966,86.0,780,80.0,1748,1090,27.8,40.0,1.4691,0,0,0,1,0,0,0
1,0.8,941,81.66667,6.0,814,52.0,873,65.0,1592,979,27.5,41.3,1.4962,0,0,0,1,0,0,0
2,0.4,891,71.66667,3.9,705,27.0,980,46.0,1534,806,27.3,41.6,1.4906,0,0,0,1,0,0,0
4,0.83333,850,55.66667,2.8,639,35.0,1048,57.0,1519,853,24.8,48.0,1.4857,0,0,0,1,0,0,0
5,0.5,863,41.0,3.0,652,42.0,1055,54.0,1504,816,25.9,45.1,1.4889,0,0,0,1,0,0,0
6,0.7,956,49.0,5.4,784,57.0,928,62.0,1634,934,25.3,47.6,1.5108,0,0,0,1,0,0,0
7,3.4,1384,479.33333,23.5,1391,228.0,552,102.0,2316,1548,24.7,49.5,1.5201,0,0,0,1,0,0,0
8,5.7,1502,770.66667,33.5,1631,350.0,459,140.0,2622,1858,27.1,43.1,1.5224,0,0,0,1,0,0,0
9,3.2,1219,489.66667,15.5,1163,232.0,642,121.0,1963,1410,28.3,39.8,1.5053,0,0,0,1,0,0,0
10,2.7,1237,397.0,15.3,1157,206.0,663,132.0,1968,1334,32.4,32.3,1.5484,0,0,0,1,0,0,0
11,2.1,1181,298.0,12.8,1078,159.0,706,122.0,1870,1140,35.4,27.8,1.5733,0,0,0,1,0,0,0
12,2.8,1251,335.0,15.2,1154,184.0,682,148.0,1955,1111,35.5,27.4,1.5635,0,0,0,1,0,0,0
13,2.5,1214,285.33333,15.7,1170,136.0,681,133.0,1963,1054,37.8,24.4,1.5722,0,0,0,1,0,0,0
14,2.1,1166,149.0,12.3,1062,124.0,726,130.0,1825,924,37.2,25.5,1.5914,0,0,0,1,0,0,0
15,2.5,1226,265.0,15.3,1157,133.0,683,141.0,1912,1041,37.2,25.6,1.6014,0,0,0,1,0,0,0
16,2.7,1265,291.33333,17.6,1229,156.0,636,172.0,2040,1282,38.0,25.0,1.6312,0,0,0,1,0,0,0
17,3.7,1317,408.33333,21.5,1338,200.0,593,198.0,2132,1362,37.1,26.9,1.6635,0,0,0,1,0,0,0
18,3.7,1372,712.66667,23.2,1382,202.0,568,181.0,2268,1441,36.9,27.8,1.7099,0,0,0,1,0,0,0
19,4.6,1443,654.66667,25.6,1443,286.0,543,202.0,2332,1559,34.7,31.9,1.7325,0,0,0,1,0,0,0
20,2.6,1200,300.66667,14.3,1126,141.0,664,120.0,1979,1198,31.9,38.4,1.7897,0,0,0,1,0,0,0
21,2.5,1216,239.33333,14.4,1130,117.0,655,115.0,1994,1246,30.5,42.3,1.8173,0,0,0,1,0,0,0
22,2.3,1160,160.0,12.6,1070,110.0,687,112.0,1929,1192,29.3,45.8,1.8362,0,0,0,1,0,0,0
23,2.2,1194,155.66667,13.7,1106,100.0,667,97.0,1985,1194,28.2,48.1,1.8144,0,0,0,1,0,0,0
0,2.5,1199,183.66667,13.1,1087,112.0,658,100.0,1954,1252,27.3,51.0,1.8287,0,0,0,0,1,0,0
1,0.9,965,53.66667,6.1,818,35.0,844,47.0,1681,777,26.8,52.4,1.8141,0,0,0,0,1,0,0
2,0.8,961,56.33333,5.8,801,33.0,850,44.0,1683,798,26.0,54.9,1.8141,0,0,0,0,1,0,0
4,0.5,864,64.33333,2.6,629,28.0,1052,42.0,1558,728,26.9,51.8,1.805,0,0,0,0,1,0,0
5,0.7,952,38.66667,4.6,742,49.0,892,57.0,1656,953,24.6,59.1,1.8013,0,0,0,0,1,0,0
6,0.9,1009,49.66667,7.4,875,81.0,797,61.0,1738,1060,26.4,53.1,1.7987,0,0,0,0,1,0,0
7,2.2,1225,196.66667,15.2,1155,178.0,643,106.0,1992,1338,27.3,46.4,1.6542,0,0,0,0,1,0,0
8,2.8,1245,443.0,16.7,1202,223.0,628,136.0,2039,1622,28.4,40.4,1.5442,0,0,0,0,1,0,0
9,2.9,1265,556.66667,17.0,1209,290.0,638,157.0,2015,1812,30.8,37.1,1.6169,0,0,0,0,1,0,0
10,2.9,1276,272.33333,18.0,1241,274.0,642,171.0,2024,1784,34.2,30.7,1.6252,0,0,0,0,1,0,0
11,3.0,1232,407.66667,16.1,1183,278.0,675,190.0,1920,1509,37.0,26.5,1.6352,0,0,0,0,1,0,0
12,2.5,1193,231.0,13.4,1097,152.0,698,155.0,1832,1139,36.6,27.8,1.676,0,0,0,0,1,0,0
13,2.3,1162,154.66667,14.0,1117,118.0,700,139.0,1857,1044,36.9,26.9,1.6477,0,0,0,0,1,0,0
14,2.1,1126,196.33333,13.4,1097,141.0,723,152.0,1810,1015,39.3,22.2,1.552,0,0,0,0,1,0,0
15,1.9,1089,174.33333,10.4,993,131.0,801,143.0,1675,825,38.5,22.4,1.5018,0,0,0,0,1,0,0
16,2.3,1134,210.66667,12.7,1073,171.0,747,168.0,1765,1022,39.7,20.4,1.4594,0,0,0,0,1,0,0
17,4.2,1388,311.33333,24.5,1418,287.0,568,226.0,2250,1913,38.8,24.2,1.6433,0,0,0,0,1,0,0
18,4.9,1506,507.66667,27.8,1499,267.0,506,207.0,2485,2043,33.5,38.0,1.939,0,0,0,0,1,0,0
19,4.9,1352,441.66667,23.3,1385,280.0,563,197.0,2205,1661,34.0,32.9,1.7251,0,0,0,0,1,0,0
20,3.5,1217,255.33333,17.6,1227,224.0,641,158.0,2040,1404,31.9,33.7,1.5663,0,0,0,0,1,0,0
21,2.5,1149,216.66667,14.5,1132,137.0,688,124.0,1936,1233,30.2,37.6,1.587,0,0,0,0,1,0,0
22,2.5,1156,114.33333,14.4,1129,118.0,688,110.0,1941,1181,28.9,41.0,1.6096,0,0,0,0,1,0,0
23,2.6,1180,141.66667,14.2,1122,128.0,678,112.0,1921,1272,27.8,45.2,1.6604,0,0,0,0,1,0,0
0,2.3,1109,108.0,12.9,1080,111.0,696,102.0,1874,1190,27.1,47.4,1.6701,0,0,0,0,0,1,0
1,1.5,1032,138.0,9.9,974,66.0,763,77.0,1800,982,26.2,49.4,1.6555,0,0,0,0,0,1,0
2,0.9,893,45.33333,5.1,767,36.0,918,50.0,1607,805,26.9,49.3,1.7196,0,0,0,0,0,1,0
4,0.6,850,53.66667,3.2,664,31.0,1038,40.0,1568,727,24.9,54.6,1.6908,0,0,0,0,0,1,0
5,0.8,938,33.33333,5.4,782,75.0,879,66.0,1685,1001,23.4,58.6,1.6651,0,0,0,0,0,1,0
6,0.9,948,87.66667,6.4,828,66.0,858,60.0,1711,994,24.4,55.2,1.6604,0,0,0,0,0,1,0
7,2.4,1225,251.66667,17.1,1214,154.0,625,85.0,2090,1322,25.1,54.3,1.7057,0,0,0,0,0,1,0
8,3.9,1380,673.0,22.3,1359,239.0,538,120.0,2337,1617,26.6,51.2,1.7565,0,0,0,0,0,1,0
9,2.9,1276,478.0,14.6,1138,246.0,628,134.0,2021,1430,28.2,47.1,1.7752,0,0,0,0,0,1,0
10,2.7,1246,344.0,13.3,1093,261.0,667,149.0,1942,1357,31.6,39.4,1.7969,0,0,0,0,0,1,0
11,2.0,1141,238.33333,10.5,996,179.0,767,125.0,1805,994,34.2,31.8,1.6837,0,0,0,0,0,1,0
12,2.4,1199,298.0,14.2,1124,159.0,680,132.0,1940,1054,36.6,27.1,1.6352,0,0,0,0,0,1,0
13,2.0,1156,426.66667,12.2,1056,111.0,710,114.0,1842,945,37.6,26.9,1.715,0,0,0,0,0,1,0
14,1.8,1158,160.0,10.1,983,101.0,751,110.0,1803,808,38.1,26.3,1.7213,0,0,0,0,0,1,0
15,1.9,1163,222.0,11.7,1039,118.0,723,121.0,1814,888,37.8,26.9,1.7392,0,0,0,0,0,1,0
16,1.8,1078,222.0,10.9,1009,120.0,767,127.0,1730,787,37.8,22.7,1.4653,0,0,0,0,0,1,0
17,2.9,1244,350.0,17.3,1219,177.0,651,157.0,1949,1077,36.9,24.7,1.5134,0,0,0,0,0,1,0
18,3.3,1236,512.66667,18.0,1239,186.0,637,169.0,1986,1106,34.5,28.5,1.531,0,0,0,0,0,1,0
19,4.4,1364,573.66667,22.9,1376,235.0,580,179.0,2168,1356,32.5,30.9,1.4875,0,0,0,0,0,1,0
20,3.4,1193,352.0,16.5,1196,195.0,675,149.0,1888,1152,30.9,30.4,1.338,0,0,0,0,0,1,0
21,1.9,1078,148.33333,10.2,985,106.0,778,111.0,1697,925,28.7,34.7,1.3457,0,0,0,0,0,1,0
22,2.1,1140,167.0,11.6,1035,107.0,726,112.0,1779,1059,27.7,39.3,1.4372,0,0,0,0,0,1,0
23,2.5,1239,229.0,14.3,1127,134.0,648,120.0,1930,1201,26.8,45.1,1.5645,0,0,0,0,0,1,0
0,2.3,1171,91.0,13.3,1093,117.0,669,105.0,1862,1205,26.1,45.3,1.5115,0,0,0,0,0,0,1
1,1.7,1065,85.0,10.0,977,83.0,736,90.0,1733,1103,25.9,46.1,1.5174,0,0,0,0,0,0,1
2,1.5,1024,70.33333,7.6,882,77.0,791,87.0,1662,1072,25.3,47.6,1.513,0,0,0,0,0,0,1
4,0.86667,874,52.33333,3.3,668,37.0,1043,54.0,1513,737,25.3,47.2,1.5025,0,0,0,0,0,0,1
5,0.5,887,41.66667,2.9,647,50.0,1046,61.0,1500,740,25.1,48.0,1.5115,0,0,0,0,0,0,1
6,0.8,993,43.66667,5.6,795,60.0,888,63.0,1629,770,24.8,50.6,1.5654,0,0,0,0,0,0,1
7,2.6,1299,170.0,17.5,1225,179.0,620,102.0,2077,1327,25.7,49.7,1.615,0,0,0,0,0,0,1
8,4.9,1529,508.33333,29.0,1526,300.0,476,149.0,2559,1763,27.4,45.5,1.6396,0,0,0,0,0,0,1
9,2.9,1320,644.66667,17.0,1210,263.0,595,147.0,2052,1477,29.3,40.0,1.6082,0,0,0,0,0,0,1
10,2.8,1226,399.66667,15.6,1168,265.0,650,158.0,1952,1311,33.6,28.7,1.4693,0,0,0,0,0,0,1
11,1.8,1105,294.33333,10.1,980,164.0,777,112.0,1745,980,34.6,27.7,1.4991,0,0,0,0,0,0,1
12,1.8,1160,148.33333,11.7,1040,122.0,720,108.0,1810,961,35.6,27.2,1.5557,0,0,0,0,0,0,1
13,1.9,1125,163.0,12.0,1051,125.0,730,120.0,1771,923,36.9,23.3,1.4313,0,0,0,0,0,0,1
14,1.7,1099,170.33333,11.0,1015,125.0,763,117.0,1732,839,38.8,20.7,1.4036,0,0,0,0,0,0,1
15,1.7,1124,188.33333,11.2,1021,115.0,745,119.0,1735,827,38.1,22.6,1.4868,0,0,0,0,0,0,1
16,1.9,1105,169.33333,10.5,995,162.0,778,149.0,1681,821,37.1,23.0,1.4229,0,0,0,0,0,0,1
17,2.1,1035,258.0,11.8,1043,149.0,804,174.0,1647,749,34.8,19.3,1.0543,0,0,0,0,0,0,1
18,2.4,1065,365.33333,13.8,1110,161.0,757,163.0,1691,871,33.6,20.7,1.059,0,0,0,0,0,0,1
19,3.0,1051,341.0,17.3,1220,201.0,739,161.0,1729,1077,31.4,18.5,0.8376,0,0,0,0,0,0,1
20,2.8,1073,221.33333,14.2,1124,209.0,752,154.0,1688,1175,29.5,23.8,0.9623,0,0,0,0,0,0,1
21,1.9,1008,286.66667,10.7,1004,133.0,817,124.0,1588,1125,27.4,27.1,0.9736,0,0,0,0,0,0,1
22,2.1,1090,216.66667,12.7,1073,133.0,745,122.0,1693,1124,26.1,31.1,1.0338,0,0,0,0,0,0,1
23,1.8,1048,130.33333,10.1,983,134.0,780,119.0,1643,1064,25.5,34.0,1.0935,0,0,0,0,0,0,1
0,2.5,1131,153.33333,13.1,1087,164.0,705,131.0,1738,1240,24.0,37.8,1.1125,1,0,0,0,0,0,0
1,1.1,953,65.0,7.4,874,72.0,854,84.0,1528,899,24.2,37.3,1.1118,1,0,0,0,0,0,0
2,0.7,897,66.33333,4.6,745,50.0,968,77.0,1461,807,23.4,40.6,1.1571,1,0,0,0,0,0,0
4,0.4,828,56.33333,2.8,639,27.0,1077,41.0,1371,573,22.6,43.0,1.1629,1,0,0,0,0,0,0
5,0.7,892,47.33333,4.5,739,74.0,964,68.0,1479,768,20.2,50.7,1.1844,1,0,0,0,0,0,0
6,0.7,914,38.33333,5.9,809,69.0,912,69.0,1530,807,20.5,49.3,1.176,1,0,0,0,0,0,0
7,1.8,1096,186.0,11.1,1017,162.0,722,101.0,1743,1204,21.4,48.0,1.2086,1,0,0,0,0,0,0
8,2.3,1173,444.66667,14.4,1130,208.0,648,120.0,1885,1401,23.2,43.9,1.2344,1,0,0,0,0,0,0
9,1.9,1125,267.66667,11.1,1016,168.0,712,124.0,1725,1256,25.3,40.7,1.2921,1,0,0,0,0,0,0
10,1.7,1079,242.33333,9.9,976,139.0,781,113.0,1669,999,29.9,31.1,1.2883,1,0,0,0,0,0,0
11,1.3,974,257.0,8.8,930,104.0,872,97.0,1536,712,33.9,21.3,1.1067,1,0,0,0,0,0,0
12,1.5,977,125.66667,9.9,973,99.0,865,94.0,1550,712,36.3,16.0,0.9465,1,0,0,0,0,0,0
13,1.3,912,63.66667,7.4,873,89.0,946,86.0,1436,614,36.6,15.2,0.9177,1,0,0,0,0,0,0
14,0.8,896,75.66667,6.1,817,57.0,992,70.0,1426,554,37.4,15.8,0.9998,1,0,0,0,0,0,0
15,0.8,896,94.66667,6.2,822,64.0,1002,70.0,1391,722,37.9,15.0,0.9721,1,0,0,0,0,0,0
16,1.1,956,156.33333,7.1,862,65.0,930,82.0,1479,636,38.0,16.8,1.0933,1,0,0,0,0,0,0
17,1.2,970,151.0,8.0,900,79.0,909,93.0,1524,664,36.9,17.5,1.0789,1,0,0,0,0,0,0
18,1.2,929,77.33333,7.3,869,80.0,942,89.0,1454,624,35.3,17.0,0.9561,1,0,0,0,0,0,0
19,1.4,947,75.0,8.7,926,81.0,905,90.0,1484,659,31.9,20.4,0.9462,1,0,0,0,0,0,0
20,1.1,1003,179.0,7.5,880,59.0,864,67.0,1537,695,29.1,29.6,1.1792,1,0,0,0,0,0,0
21,1.5,1045,190.66667,9.0,940,90.0,822,94.0,1658,920,27.4,33.4,1.2022,1,0,0,0,0,0,0
22,2.0,1125,201.66667,11.6,1035,122.0,728,109.0,1726,1150,26.7,35.8,1.2318,1,0,0,0,0,0,0
23,1.9,1138,160.0,10.2,985,120.0,742,103.0,1710,1141,25.2,42.7,1.3473,1,0,0,0,0,0,0
0,2.2,1217,155.66667,12.3,1060,126.0,660,101.0,1840,1227,24.0,51.9,1.5252,0,1,0,0,0,0,0
1,1.1,983,137.0,6.4,831,68.0,847,71.0,1585,887,24.5,44.4,1.3476,0,1,0,0,0,0,0
2,1.1,1007,80.0,7.2,864,65.0,816,71.0,1639,987,22.6,51.0,1.3805,0,1,0,0,0,0,0
4,0.6,914,107.0,4.3,725,38.0,949,49.0,1550,780,21.2,56.8,1.4094,0,1,0,0,0,0,0
5,0.6,886,78.66667,3.8,702,31.0,971,43.0,1528,767,20.3,59.6,1.3994,0,1,0,0,0,0,0
6,0.6,899,74.33333,4.0,708,40.0,972,44.0,1559,780,21.3,56.7,1.4178,0,1,0,0,0,0,0
7,0.6,942,66.0,4.2,723,36.0,968,42.0,1573,698,23.0,54.6,1.5177,0,1,0,0,0,0,0
8,1.1,1022,78.66667,6.1,817,64.0,835,69.0,1669,821,23.7,54.3,1.5731,0,1,0,0,0,0,0
9,1.0,1009,98.0,6.0,810,56.0,859,65.0,1634,772,25.4,49.3,1.5732,0,1,0,0,0,0,0
10,1.0,1025,90.33333,5.9,809,56.0,877,68.0,1606,690,29.6,37.7,1.544,0,1,0,0,0,0,0
11,1.0,977,64.0,5.4,783,43.0,939,58.0,1543,586,33.9,26.2,1.3664,0,1,0,0,0,0,0
12,0.8,936,59.0,4.9,757,40.0,1007,52.0,1459,523,35.8,22.4,1.2933,0,1,0,0,0,0,0
13,0.7,884,59.66667,3.9,703,34.0,1076,46.0,1394,488,37.9,18.8,1.222,0,1,0,0,0,0,0
14,0.4,809,39.0,3.2,664,28.0,1185,40.0,1270,427,38.5,14.8,0.9942,0,1,0,0,0,0,0
15,0.5,852,55.0,4.1,718,32.0,1109,47.0,1307,468,39.3,14.5,1.0149,0,1,0,0,0,0,0
16,0.6,872,55.33333,4.0,708,39.0,1106,56.0,1331,489,38.9,15.6,1.0613,0,1,0,0,0,0,0
17,0.7,839,53.66667,4.8,752,52.0,1102,64.0,1298,515,37.9,12.7,0.8211,0,1,0,0,0,0,0
18,0.9,854,60.0,5.5,788,60.0,1064,71.0,1310,562,35.8,13.4,0.7749,0,1,0,0,0,0,0
19,1.6,971,128.0,9.1,942,104.0,900,103.0,1541,776,32.3,19.7,0.9345,0,1,0,0,0,0,0
20,1.6,985,185.0,9.1,944,102.0,866,97.0,1541,833,30.1,23.5,0.9869,0,1,0,0,0,0,0
21,1.7,1027,186.0,10.1,981,120.0,817,108.0,1631,1023,28.2,28.7,1.0806,0,1,0,0,0,0,0
22,1.3,1012,253.33333,7.4,876,89.0,853,87.0,1580,967,26.0,35.7,1.1842,0,1,0,0,0,0,0
23,1.9,1086,162.33333,9.9,973,121.0,766,104.0,1656,1089,25.3,39.2,1.2452,0,1,0,0,0,0,0
0,1.5,1025,186.0,9.0,939,107.0,790,93.0,1635,1103,24.7,38.7,1.1845,0,0,1,0,0,0,0
1,0.6,848,105.33333,3.7,692,41.0,1034,55.0,1412,734,25.5,35.7,1.1499,0,0,1,0,0,0,0
2,0.4,839,58.66667,3.0,652,34.0,1075,49.0,1405,671,22.5,43.2,1.1589,0,0,1,0,0,0,0
4,0.96667,816,60.66667,2.6,624,41.0,1073,56.0,1422,729,19.7,51.4,1.1688,0,0,1,0,0,0,0
5,0.4,799,48.66667,2.4,613,38.0,1120,43.0,1387,641,21.6,45.7,1.1665,0,0,1,0,0,0,0
6,0.7,879,57.66667,5.6,792,59.0,906,57.0,1521,825,21.1,47.3,1.1654,0,0,1,0,0,0,0
7,2.0,1104,211.66667,14.3,1125,165.0,697,80.0,1815,1179,21.6,44.1,1.1269,0,0,1,0,0,0,0
8,3.9,1344,589.33333,27.7,1496,287.0,519,134.0,2311,1651,23.7,37.9,1.0988,0,0,1,0,0,0,0
9,3.6,1226,661.33333,19.1,1272,317.0,632,157.0,1901,1474,26.0,30.1,0.9953,0,0,1,0,0,0,0
10,3.2,1157,435.66667,15.9,1176,330.0,691,175.0,1779,1370,30.6,23.2,1.001,0,0,1,0,0,0,0
11,2.2,1059,246.33333,12.3,1060,204.0,798,147.0,1638,1141,34.1,19.1,1.0048,0,0,1,0,0,0,0
12,2.2,1076,279.0,12.2,1057,189.0,778,140.0,1633,1076,36.2,18.0,1.0636,0,0,1,0,0,0,0
13,2.1,1066,279.0,11.7,1041,165.0,783,137.0,1641,1036,37.4,17.3,1.0914,0,0,1,0,0,0,0
14,1.8,1049,189.0,10.4,994,139.0,813,123.0,1580,881,39.5,15.6,1.102,0,0,1,0,0,0,0
15,2.0,1097,150.33333,12.7,1074,156.0,776,138.0,1671,960,40.4,14.9,1.1033,0,0,1,0,0,0,0
16,1.8,1087,167.33333,11.1,1018,130.0,791,132.0,1624,883,40.1,16.1,1.1699,0,0,1,0,0,0,0
17,3.0,1269,295.66667,19.0,1269,173.0,633,174.0,1942,1221,39.3,18.9,1.3251,0,0,1,0,0,0,0
18,4.3,1328,608.33333,24.1,1405,302.0,584,203.0,2072,1518,37.3,19.9,1.2437,0,0,1,0,0,0,0
19,3.5,1200,494.66667,19.1,1270,239.0,654,176.0,1906,1264,33.6,22.9,1.1747,0,0,1,0,0,0,0
20,2.5,1098,271.0,13.6,1105,139.0,732,125.0,1768,1061,30.7,28.9,1.2501,0,0,1,0,0,0,0
21,1.8,1058,230.66667,10.7,1004,92.0,776,98.0,1684,947,28.8,32.8,1.2776,0,0,1,0,0,0,0
22,1.9,1081,106.66667,11.3,1025,104.0,738,103.0,1757,1059,27.3,36.8,1.3207,0,0,1,0,0,0,0
23,1.9,1062,124.33333,9.6,962,108.0,776,104.0,1674,1030,26.2,39.7,1.3249,0,0,1,0,0,0,0
0,1.9,1078,90.66667,9.8,971,107.0,752,105.0,1694,1065,25.4,43.0,1.37,0,0,0,1,0,0,0
1,0.9,917,67.0,4.9,761,55.0,931,75.0,1497,893,25.8,41.0,1.3461,0,0,0,1,0,0,0
2,0.7,881,45.66667,4.1,718,43.0,965,60.0,1510,837,23.3,48.4,1.3677,0,0,0,1,0,0,0
4,0.4,829,55.66667,2.2,602,23.0,1123,36.0,1410,596,23.5,46.7,1.3361,0,0,0,1,0,0,0
5,0.7,913,41.66667,4.6,743,65.0,931,66.0,1540,884,21.8,52.3,1.3539,0,0,0,1,0,0,0
6,1.6,1077,160.0,10.2,985,165.0,742,97.0,1780,1170,21.8,52.5,1.3529,0,0,0,1,0,0,0
7,3.8,1337,423.33333,23.3,1386,274.0,565,115.0,2196,1596,22.9,49.1,1.3546,0,0,0,1,0,0,0
8,5.1,1467,578.66667,31.0,1575,369.0,472,145.0,2460,1873,24.9,43.3,1.3422,0,0,0,1,0,0,0
9,3.4,1257,592.66667,17.6,1227,308.0,611,162.0,1954,1608,26.7,39.4,1.3556,0,0,0,1,0,0,0
10,2.6,1227,191.33333,14.3,1125,227.0,675,147.0,1835,1470,30.5,32.9,1.4135,0,0,0,1,0,0,0
11,2.2,1188,300.66667,13.7,1108,178.0,693,132.0,1818,1275,34.2,27.2,1.4404,0,0,0,1,0,0,0
12,3.4,1301,314.66667,19.3,1276,267.0,631,179.0,1953,1407,38.2,20.9,1.3701,0,0,0,1,0,0,0
13,3.4,1201,360.66667,19.3,1278,278.0,657,174.0,1892,1302,39.6,16.9,1.2028,0,0,0,1,0,0,0
14,1.8,1058,193.33333,11.3,1026,165.0,794,132.0,1622,931,39.9,15.8,1.141,0,0,0,1,0,0,0
15,2.0,1037,241.33333,12.7,1075,172.0,789,151.0,1604,917,40.2,13.9,1.02,0,0,0,1,0,0,0
16,2.4,1055,246.33333,15.3,1157,216.0,762,168.0,1674,985,39.6,13.2,0.9332,0,0,0,1,0,0,0
17,3.8,1179,354.0,22.5,1364,306.0,661,192.0,1845,1265,39.5,12.6,0.8894,0,0,0,1,0,0,0
18,4.4,1298,642.33333,25.0,1430,317.0,632,194.0,1946,2475,37.9,13.9,0.9015,0,0,0,1,0,0,0
19,3.9,1213,593.0,21.1,1327,251.0,654,155.0,1864,2021,34.2,17.9,0.9444,0,0,0,1,0,0,0
20,4.0,1233,250.0,23.8,1398,230.0,613,159.0,1975,1834,32.6,20.6,0.9939,0,0,0,1,0,0,0
21,2.5,1086,248.33333,14.9,1145,154.0,737,125.0,1717,1426,30.4,23.2,0.9889,0,0,0,1,0,0,0
22,2.1,1056,127.66667,12.8,1078,137.0,765,108.0,1668,1272,28.8,25.1,0.9793,0,0,0,1,0,0,0
23,2.4,1138,204.66667,14.3,1128,133.0,681,110.0,1737,1490,27.8,29.9,1.1018,0,0,0,1,0,0,0
0,2.1,1112,103.33333,14.3,1128,117.0,675,99.0,1771,1440,26.9,32.6,1.1381,0,0,0,0,1,0,0
1,1.6,992,66.66667,9.2,948,106.0,773,95.0,1609,1271,26.3,33.7,1.1377,0,0,0,0,1,0,0
2,0.8,895,79.0,5.1,767,55.0,931,69.0,1463,985,25.7,33.9,1.1065,0,0,0,0,1,0,0
4,0.4,828,55.0,2.6,626,27.0,1073,45.0,1362,754,25.5,34.6,1.1096,0,0,0,0,1,0,0
5,0.5,894,43.0,4.0,709,46.0,997,53.0,1432,853,24.0,37.8,1.1077,0,0,0,0,1,0,0
6,1.3,1072,42.66667,9.9,976,144.0,740,88.0,1673,1340,23.9,39.3,1.1522,0,0,0,0,1,0,0
7,4.1,1425,461.66667,27.3,1486,392.0,512,136.0,2305,1869,24.8,38.4,1.1808,0,0,0,0,1,0,0
8,4.1,1428,500.66667,27.9,1500,358.0,496,141.0,2275,2021,26.9,34.4,1.2036,0,0,0,0,1,0,0
9,4.0,1359,647.66667,24.5,1415,381.0,572,189.0,2081,1902,29.6,28.7,1.1706,0,0,0,0,1,0,0
10,2.2,1182,227.33333,14.2,1122,261.0,730,166.0,1707,1527,34.6,21.1,1.1398,0,0,0,0,1,0,0
11,2.0,1117,152.33333,11.9,1045,207.0,761,154.0,1623,1260,38.3,17.0,1.1216,0,0,0,0,1,0,0
12,2.0,1119,189.0,13.1,1088,155.0,741,149.0,1640,1124,40.4,14.5,1.0736,0,0,0,0,1,0,0
13,2.2,1068,223.0,15.1,1152,193.0,739,142.0,1683,1309,42.6,9.6,0.8012,0,0,0,0,1,0,0
14,2.2,1090,167.66667,14.1,1120,195.0,743,130.0,1629,1283,42.5,10.2,0.8478,0,0,0,0,1,0,0
15,1.8,1056,203.0,11.3,1024,159.0,792,121.0,1555,1068,41.0,11.6,0.8872,0,0,0,0,1,0,0
16,1.8,1098,292.0,10.8,1007,120.0,799,116.0,1546,937,41.3,13.0,1.0154,0,0,0,0,1,0,0
17,3.3,1318,395.33333,21.5,1339,228.0,635,177.0,1925,1416,39.2,14.5,1.0106,0,0,0,0,1,0,0
18,4.3,1348,642.33333,21.8,1347,348.0,599,233.0,1903,1611,36.9,17.9,1.096,0,0,0,0,1,0,0
19,5.3,1502,574.33333,29.8,1546,337.0,538,223.0,2199,1919,35.6,20.4,1.1646,0,0,0,0,1,0,0
20,4.3,1373,624.0,22.5,1364,282.0,597,184.0,2005,1745,33.7,22.6,1.1658,0,0,0,0,1,0,0
21,3.6,1397,284.66667,21.8,1346,228.0,580,165.0,2017,1837,31.5,27.8,1.2671,0,0,0,0,1,0,0
22,2.4,1286,166.33333,17.1,1214,168.0,620,132.0,1880,1759,31.1,29.3,1.3055,0,0,0,0,1,0,0
23,2.1,1222,173.66667,15.4,1161,173.0,661,122.0,1827,1593,30.2,30.9,1.3026,0,0,0,0,1,0,0
0,1.2,1069,147.0,10.2,983,87.0,749,88.0,1627,1357,29.8,30.2,1.2502,0,0,0,0,0,1,0
1,0.9,1011,89.33333,7.2,864,65.0,809,79.0,1532,1231,28.4,32.5,1.2361,0,0,0,0,0,1,0
2,0.6,962,61.66667,5.8,803,43.0,853,60.0,1507,1066,27.5,34.0,1.231,0,0,0,0,0,1,0
4,0.86667,969,45.0,5.1,769,43.0,866,60.0,1485,1063,24.5,40.4,1.2251,0,0,0,0,0,1,0
5,0.6,986,56.66667,5.4,784,66.0,839,74.0,1503,1204,25.6,38.8,1.2545,0,0,0,0,0,1,0
6,0.6,990,49.0,6.2,821,57.0,848,62.0,1511,1079,27.5,34.6,1.2518,0,0,0,0,0,1,0
7,2.2,1296,392.33333,16.9,1208,231.0,603,115.0,1914,1593,25.9,37.4,1.2289,0,0,0,0,0,1,0
8,3.2,1371,455.33333,23.2,1384,219.0,545,119.0,2082,1745,28.5,32.5,1.2441,0,0,0,0,0,1,0
9,3.0,1385,614.0,18.0,1240,288.0,596,155.0,1919,1847,29.5,32.7,1.3229,0,0,0,0,0,1,0
10,2.7,1381,469.0,17.6,1227,312.0,595,162.0,1903,1845,29.8,33.1,1.3693,0,0,0,0,0,1,0
11,3.2,1396,407.66667,20.3,1306,361.0,587,189.0,1934,1886,33.4,26.8,1.3586,0,0,0,0,0,1,0
12,1.4,1070,166.66667,10.6,1000,147.0,801,115.0,1538,1039,40.3,15.8,1.1604,0,0,0,0,0,1,0
13,1.3,1076,81.0,9.9,972,111.0,819,109.0,1525,923,41.8,15.0,1.1989,0,0,0,0,0,1,0
14,1.4,1126,135.33333,10.7,1004,98.0,788,108.0,1609,926,41.1,15.7,1.2071,0,0,0,0,0,1,0
15,2.1,1225,205.33333,16.5,1196,156.0,673,145.0,1775,1277,41.9,14.8,1.1944,0,0,0,0,0,1,0
16,2.4,1202,233.33333,16.9,1206,213.0,671,167.0,1807,1301,40.9,14.6,1.114,0,0,0,0,0,1,0
17,3.1,1308,378.33333,20.5,1310,250.0,628,200.0,1891,1385,39.1,16.9,1.1705,0,0,0,0,0,1,0
18,3.5,1440,331.66667,19.4,1281,253.0,580,178.0,2021,1474,36.4,27.3,1.6308,0,0,0,0,0,1,0
19,5.1,1611,422.33333,30.0,1552,317.0,487,206.0,2371,1948,34.9,29.3,1.611,0,0,0,0,0,1,0
20,4.5,1387,513.66667,24.6,1419,309.0,559,192.0,2113,1677,33.6,26.4,1.3515,0,0,0,0,0,1,0
21,2.9,1268,194.0,16.9,1206,201.0,648,137.0,1900,1434,32.2,27.6,1.3044,0,0,0,0,0,1,0
22,2.6,1237,178.66667,15.8,1175,173.0,660,128.0,1834,1424,30.5,29.7,1.2742,0,0,0,0,0,1,0
23,2.7,1302,190.66667,16.6,1198,156.0,628,121.0,1934,1504,29.4,35.6,1.4383,0,0,0,0,0,1,0
0,3.2,1347,215.33333,19.5,1282,190.0,575,136.0,1996,1661,29.1,34.8,1.38,0,0,0,0,0,0,1
1,2.3,1355,175.66667,16.6,1198,129.0,564,109.0,1905,1714,27.7,41.9,1.537,0,0,0,0,0,0,1
2,1.0,1023,140.66667,6.2,822,65.0,823,74.0,1585,1050,27.9,41.6,1.5425,0,0,0,0,0,0,1
4,0.4,876,81.66667,2.3,605,29.0,1144,40.0,1432,456,27.4,42.2,1.5177,0,0,0,0,0,0,1
5,0.6,932,110.0,3.9,707,58.0,1011,61.0,1509,554,26.6,42.8,1.4713,0,0,0,0,0,0,1
6,1.0,1020,133.0,7.2,866,92.0,847,83.0,1636,744,26.9,40.3,1.4041,0,0,0,0,0,0,1
7,2.9,1264,187.0,18.1,1241,228.0,609,129.0,1989,1280,27.0,37.3,1.3081,0,0,0,0,0,0,1
8,2.7,1179,318.0,15.1,1153,172.0,654,102.0,1877,1096,27.0,35.3,1.2396,0,0,0,0,0,0,1
9,1.8,1079,210.33333,9.7,966,154.0,785,115.0,1640,927,27.4,32.0,1.1545,0,0,0,0,0,0,1
10,1.8,1036,151.66667,9.4,955,166.0,829,130.0,1527,840,30.5,24.7,1.0592,0,0,0,0,0,0,1
11,1.7,1002,126.66667,9.6,964,149.0,828,137.0,1546,786,32.9,20.1,0.9902,0,0,0,0,0,0,1
12,1.5,995,115.66667,9.5,959,111.0,856,116.0,1544,690,33.9,18.4,0.9587,0,0,0,0,0,0,1
13,1.7,1008,99.33333,9.6,962,145.0,845,129.0,1545,742,34.4,19.3,1.0325,0,0,0,0,0,0,1
14,1.3,978,91.0,9.6,962,105.0,846,117.0,1527,680,34.2,19.6,1.0399,0,0,0,0,0,0,1
15,1.5,989,199.66667,10.3,990,113.0,822,138.0,1577,705,33.2,20.4,1.0195,0,0,0,0,0,0,1
16,1.5,961,133.66667,10.2,985,115.0,845,139.0,1554,677,32.4,19.1,0.915,0,0,0,0,0,0,1
17,2.3,1009,246.33333,14.0,1116,202.0,779,180.0,1602,877,32.2,17.1,0.8124,0,0,0,0,0,0,1
18,2.2,970,197.66667,14.0,1117,180.0,786,162.0,1579,844,31.0,17.1,0.7526,0,0,0,0,0,0,1
19,2.8,1097,222.0,16.6,1199,190.0,699,158.0,1738,1006,28.3,24.9,0.9412,0,0,0,0,0,0,1
20,2.7,1065,283.66667,13.6,1105,207.0,723,162.0,1672,987,26.6,30.2,1.033,0,0,0,0,0,0,1
21,1.7,1036,151.66667,10.2,986,113.0,776,112.0,1614,868,24.8,36.8,1.1357,0,0,0,0,0,0,1
22,1.5,1049,187.33333,9.5,958,98.0,794,104.0,1648,861,23.7,43.4,1.2495,0,0,0,0,0,0,1
23,2.3,1147,223.66667,11.8,1043,152.0,727,125.0,1719,1042,23.0,46.2,1.2815,0,0,0,0,0,0,1
0,2.3,1118,208.33333,13.0,1082,161.0,694,127.0,1792,1080,22.7,47.7,1.2977,1,0,0,0,0,0,0
1,1.5,1016,111.66667,9.6,963,91.0,776,95.0,1661,811,22.2,49.5,1.3081,1,0,0,0,0,0,0
2,1.0,940,73.33333,6.7,845,57.0,845,70.0,1539,704,21.6,51.9,1.3254,1,0,0,0,0,0,0
4,0.3,831,62.0,2.6,626,22.0,1126,33.0,1406,484,22.4,49.7,1.3333,1,0,0,0,0,0,0
5,0.4,877,55.33333,4.0,711,41.0,1018,45.0,1475,580,21.7,52.0,1.3313,1,0,0,0,0,0,0
6,0.5,872,82.33333,4.3,725,53.0,976,56.0,1471,668,21.1,53.2,1.3181,1,0,0,0,0,0,0
7,0.9,958,94.0,5.9,805,92.0,886,74.0,1551,835,22.0,51.0,1.3296,1,0,0,0,0,0,0
8,1.1,959,90.66667,6.8,848,91.0,859,84.0,1572,739,25.0,41.6,1.301,1,0,0,0,0,0,0
9,1.4,997,119.33333,8.8,933,89.0,799,93.0,1612,763,26.7,36.4,1.2596,1,0,0,0,0,0,0
10,1.1,916,84.0,6.7,843,81.0,891,97.0,1511,614,29.1,29.7,1.1751,1,0,0,0,0,0,0
11,0.9,895,65.66667,6.4,831,66.0,946,83.0,1473,566,31.2,23.4,1.0487,1,0,0,0,0,0,0
12,0.8,855,69.33333,6.0,812,53.0,982,71.0,1416,508,32.4,20.5,0.9806,1,0,0,0,0,0,0
13,0.8,861,58.66667,6.0,811,61.0,997,78.0,1409,509,33.3,19.2,0.9634,1,0,0,0,0,0,0
14,0.6,821,52.33333,5.0,766,48.0,1071,62.0,1323,457,33.1,16.8,0.8391,1,0,0,0,0,0,0
15,0.6,835,30.0,4.4,731,39.0,1108,54.0,1323,438,33.1,18.3,0.9081,1,0,0,0,0,0,0
16,0.5,813,41.66667,4.4,732,41.0,1118,59.0,1303,427,32.4,18.0,0.8599,1,0,0,0,0,0,0
17,0.7,833,63.66667,5.5,786,48.0,1064,69.0,1328,453,31.8,18.7,0.8624,1,0,0,0,0,0,0
18,0.8,859,45.33333,5.8,803,50.0,1032,67.0,1363,479,30.3,21.4,0.9064,1,0,0,0,0,0,0
19,0.9,887,51.66667,5.3,778,51.0,978,58.0,1387,500,27.2,28.2,1.0013,1,0,0,0,0,0,0
20,1.3,970,89.66667,8.0,900,70.0,856,77.0,1559,647,26.1,33.7,1.1228,1,0,0,0,0,0,0
21,1.3,990,239.66667,7.2,866,89.0,866,94.0,1551,728,24.7,38.8,1.1929,1,0,0,0,0,0,0
22,1.4,1022,227.33333,8.0,899,100.0,846,97.0,1588,820,23.4,43.2,1.229,1,0,0,0,0,0,0
23,1.9,1075,217.0,10.4,993,139.0,781,110.0,1682,946,23.1,44.2,1.2317,1,0,0,0,0,0,0
0,2.3,1088,158.33333,11.6,1035,176.0,751,116.0,1713,1018,22.7,45.3,1.2299,0,1,0,0,0,0,0
1,1.0,925,111.66667,6.4,831,71.0,880,74.0,1513,789,21.6,47.5,1.2118,0,1,0,0,0,0,0
2,0.5,853,67.0,4.1,716,37.0,994,51.0,1423,647,22.0,45.8,1.1965,0,1,0,0,0,0,0
4,0.4,796,68.66667,2.7,636,30.0,1092,40.0,1387,576,20.6,50.3,1.2041,0,1,0,0,0,0,0
5,0.3,796,60.66667,2.6,628,29.0,1136,36.0,1385,555,20.6,50.6,1.2119,0,1,0,0,0,0,0
6,0.2,795,55.33333,2.3,606,25.0,1152,35.0,1369,552,21.3,48.8,1.2189,0,1,0,0,0,0,0
7,0.4,842,57.66667,3.1,656,40.0,1080,48.0,1427,620,20.4,52.6,1.247,0,1,0,0,0,0,0
8,0.3,850,55.0,3.1,659,32.0,1077,38.0,1402,557,23.5,44.0,1.2596,0,1,0,0,0,0,0
9,0.6,884,74.0,4.0,709,43.0,1027,54.0,1442,556,25.7,37.9,1.2334,0,1,0,0,0,0,0
10,0.6,907,72.0,4.6,741,44.0,983,57.0,1486,573,27.9,33.6,1.2433,0,1,0,0,0,0,0
11,0.6,846,74.66667,3.9,703,35.0,1034,54.0,1380,514,29.0,28.3,1.1116,0,1,0,0,0,0,0
12,0.5,827,75.66667,3.8,697,32.0,1070,46.0,1371,478,29.5,25.9,1.0489,0,1,0,0,0,0,0
13,0.4,804,71.0,2.8,636,21.0,1185,36.0,1321,424,31.8,22.3,1.0366,0,1,0,0,0,0,0
14,0.2,775,39.0,2.5,619,10.0,1254,19.0,1272,386,32.2,20.0,0.9488,0,1,0,0,0,0,0
15,0.4,802,42.33333,3.0,651,22.0,1206,34.0,1282,403,32.4,19.3,0.922,0,1,0,0,0,0,0
16,0.6,844,52.33333,4.7,751,46.0,1064,63.0,1327,462,33.0,17.7,0.8758,0,1,0,0,0,0,0
17,0.9,881,44.66667,5.0,765,66.0,1029,86.0,1359,489,32.0,19.8,0.9273,0,1,0,0,0,0,0
18,0.7,877,44.66667,4.5,736,49.0,1077,65.0,1347,463,29.6,24.1,0.9831,0,1,0,0,0,0,0
19,1.2,931,87.33333,7.7,885,86.0,892,101.0,1467,585,26.9,27.1,0.948,0,1,0,0,0,0,0
20,1.6,1011,202.66667,9.7,967,111.0,818,116.0,1565,748,25.3,30.9,0.9815,0,1,0,0,0,0,0
21,1.8,1035,241.33333,11.0,1015,143.0,757,124.0,1651,940,24.2,35.9,1.0684,0,1,0,0,0,0,0
22,2.4,1153,263.66667,11.8,1042,184.0,733,136.0,1700,1022,23.2,43.2,1.2104,0,1,0,0,0,0,0
23,1.5,1020,162.33333,8.7,929,134.0,805,108.0,1615,929,22.7,43.9,1.1962,0,1,0,0,0,0,0
0,0.9,954,135.66667,7.5,879,78.0,837,82.0,1550,834,21.6,44.0,1.1244,0,0,1,0,0,0,0
1,0.8,903,73.66667,5.7,800,50.0,911,68.0,1478,751,20.7,46.4,1.1198,0,0,1,0,0,0,0
2,0.2,779,42.66667,2.0,581,13.0,1204,22.0,1323,505,21.2,46.2,1.1482,0,0,1,0,0,0,0
4,0.96667,780,59.66667,1.8,568,24.0,1200,34.0,1331,501,19.9,51.3,1.1803,0,0,1,0,0,0,0
5,0.5,835,59.33333,3.3,672,43.0,1053,43.0,1423,628,20.0,51.8,1.1967,0,0,1,0,0,0,0
6,1.4,1004,117.66667,9.4,955,146.0,758,84.0,1671,1043,18.5,57.4,1.2076,0,0,1,0,0,0,0
7,3.3,1272,588.33333,21.1,1328,333.0,567,108.0,2085,1463,19.6,54.3,1.2278,0,0,1,0,0,0,0
8,3.6,1173,615.0,17.2,1217,298.0,625,112.0,1945,1358,21.3,49.7,1.2452,0,0,1,0,0,0,0
9,1.7,986,193.33333,8.5,922,178.0,820,104.0,1586,971,21.7,46.3,1.1867,0,0,1,0,0,0,0
10,1.5,942,141.0,6.8,849,177.0,907,107.0,1496,894,23.4,39.4,1.1172,0,0,1,0,0,0,0
11,1.6,957,124.33333,7.4,875,172.0,891,102.0,1525,871,25.7,33.0,1.0763,0,0,1,0,0,0,0
12,2.1,1024,190.66667,12.1,1052,183.0,779,104.0,1690,952,28.5,27.3,1.0479,0,0,1,0,0,0,0
13,2.1,962,147.33333,9.6,963,164.0,835,96.0,1592,843,27.0,27.9,0.9812,0,0,1,0,0,0,0
14,1.6,958,154.66667,7.4,873,122.0,868,80.0,1550,750,24.2,36.9,1.0966,0,0,1,0,0,0,0
15,1.3,933,265.0,6.4,831,105.0,888,72.0,1514,710,26.0,34.9,1.1509,0,0,1,0,0,0,0
16,1.6,942,154.66667,8.3,912,144.0,842,106.0,1551,814,24.8,33.1,1.0222,0,0,1,0,0,0,0
17,3.1,1073,368.33333,14.0,1117,220.0,693,119.0,1762,1052,24.0,36.3,1.0708,0,0,1,0,0,0,0
18,3.3,1086,377.66667,15.3,1159,207.0,686,119.0,1782,1060,23.6,35.5,1.0187,0,0,1,0,0,0,0
19,3.4,1091,241.33333,15.4,1161,210.0,682,128.0,1797,1153,23.6,35.7,1.0282,0,0,1,0,0,0,0
20,2.8,980,285.33333,10.9,1009,175.0,786,112.0,1625,986,23.3,34.5,0.9768,0,0,1,0,0,0,0
21,1.5,904,101.33333,7.5,877,117.0,890,95.0,1488,781,22.5,36.8,0.988,0,0,1,0,0,0,0
22,1.3,865,84.0,5.2,773,93.0,991,85.0,1414,653,21.3,38.7,0.9686,0,0,1,0,0,0,0
23,1.6,898,79.66667,7.1,863,118.0,911,101.0,1493,777,20.9,39.4,0.9596,0,0,1,0,0,0,0
0,1.5,945,84.0,7.6,883,132.0,837,94.0,1563,1015,19.8,47.7,1.093,0,0,0,1,0,0,0
1,1.0,854,62.66667,5.0,764,88.0,932,76.0,1476,922,19.3,51.4,1.1387,0,0,0,1,0,0,0
2,0.5,751,45.0,2.0,587,43.0,1165,50.0,1353,678,18.4,53.4,1.117,0,0,0,1,0,0,0
4,0.6,754,42.0,2.5,620,44.0,1102,51.0,1372,725,16.3,59.8,1.1042,0,0,0,1,0,0,0
5,0.7,758,44.66667,3.3,670,50.0,1070,42.0,1365,688,16.6,56.8,1.0629,0,0,0,1,0,0,0
6,1.3,873,49.0,7.3,871,101.0,871,62.0,1528,887,16.2,57.4,1.0515,0,0,0,1,0,0,0
7,4.0,1176,365.33333,23.8,1398,339.0,567,111.0,2120,1494,17.3,54.3,1.0631,0,0,0,1,0,0,0
8,5.0,1257,627.0,27.6,1495,379.0,524,129.0,2245,1647,19.2,48.8,1.0751,0,0,0,1,0,0,0
9,3.6,1137,514.33333,16.7,1200,321.0,648,135.0,1821,1489,21.7,42.4,1.0859,0,0,0,1,0,0,0
10,2.8,1064,252.0,14.3,1126,272.0,711,139.0,1656,1361,26.4,29.9,1.0138,0,0,0,1,0,0,0
11,2.6,1026,298.0,13.3,1094,278.0,769,134.0,1629,1224,31.3,19.1,0.8634,0,0,0,1,0,0,0
12,2.7,986,296.66667,14.5,1133,253.0,773,141.0,1619,1174,33.7,15.4,0.7913,0,0,0,1,0,0,0
13,2.3,908,174.66667,11.5,1031,187.0,857,112.0,1469,901,34.5,13.3,0.7158,0,0,0,1,0,0,0
14,2.0,888,179.33333,10.8,1007,149.0,870,105.0,1448,794,33.8,13.9,0.7172,0,0,0,1,0,0,0
15,1.3,843,265.0,6.4,830,89.0,995,72.0,1339,577,30.1,19.4,0.8157,0,0,0,1,0,0,0
16,1.7,905,181.66667,8.8,931,124.0,876,90.0,1460,776,28.3,21.3,0.8054,0,0,0,1,0,0,0
17,2.8,1023,258.66667,14.3,1127,206.0,760,126.0,1635,982,31.9,18.3,0.8523,0,0,0,1,0,0,0
18,3.8,1125,489.33333,19.4,1279,241.0,662,154.0,1840,1256,32.0,20.1,0.9364,0,0,0,1,0,0,0
19,4.9,1211,593.0,27.1,1483,303.0,586,173.0,2092,1483,28.9,24.1,0.9495,0,0,0,1,0,0,0
20,4.3,1140,468.33333,19.7,1289,294.0,634,162.0,1884,1390,27.3,27.1,0.967,0,0,0,1,0,0,0
21,2.6,1029,289.33333,13.6,1105,203.0,737,128.0,1666,1195,26.0,28.5,0.9484,0,0,0,1,0,0,0
22,2.4,981,172.0,12.1,1054,176.0,768,120.0,1592,1135,25.2,28.6,0.9008,0,0,0,1,0,0,0
23,1.9,971,135.0,11.0,1014,155.0,788,111.0,1585,1115,24.3,31.1,0.9316,0,0,0,1,0,0,0
0,1.4,927,77.33333,8.8,930,108.0,840,89.0,1522,1026,23.6,33.8,0.9685,0,0,0,0,1,0,0
1,1.1,868,60.33333,6.7,846,72.0,925,69.0,1448,836,23.0,33.8,0.9406,0,0,0,0,1,0,0
2,0.9,863,73.33333,6.3,824,65.0,905,70.0,1469,925,22.2,38.4,1.0126,0,0,0,0,1,0,0
4,0.5,777,42.66667,2.9,645,39.0,1076,59.0,1334,781,20.5,42.3,1.0091,0,0,0,0,1,0,0
5,0.8,855,48.66667,5.0,762,79.0,942,73.0,1444,959,18.8,49.0,1.0505,0,0,0,0,1,0,0
6,1.3,960,48.33333,9.9,973,140.0,769,89.0,1616,1155,18.8,49.4,1.0624,0,0,0,0,1,0,0
7,4.7,1310,600.33333,27.5,1492,427.0,527,142.0,2194,1686,19.9,46.5,1.071,0,0,0,0,1,0,0
8,4.6,1339,528.0,30.4,1561,366.0,498,145.0,2357,1791,22.1,41.7,1.098,0,0,0,0,1,0,0
9,3.7,1211,470.0,19.8,1290,311.0,606,156.0,1913,1643,24.0,36.4,1.0706,0,0,0,0,1,0,0
10,2.8,1068,272.0,15.7,1171,275.0,711,148.0,1717,1360,30.2,22.8,0.9616,0,0,0,0,1,0,0
11,1.8,932,138.0,11.3,1026,195.0,851,122.0,1523,944,33.4,17.1,0.8627,0,0,0,0,1,0,0
12,1.9,949,128.66667,12.6,1069,144.0,819,106.0,1547,905,35.1,15.0,0.8381,0,0,0,0,1,0,0
13,2.0,944,157.0,11.9,1045,162.0,829,106.0,1525,884,34.1,16.0,0.8408,0,0,0,0,1,0,0
14,2.0,966,227.0,14.4,1131,200.0,800,127.0,1612,968,35.7,13.6,0.7836,0,0,0,0,1,0,0
15,2.1,940,265.0,12.4,1063,176.0,848,113.0,1539,929,35.3,13.8,0.7767,0,0,0,0,1,0,0
16,2.1,934,151.33333,11.7,1041,203.0,865,136.0,1496,936,32.3,16.7,0.7946,0,0,0,0,1,0,0
17,3.2,1052,327.66667,18.4,1252,237.0,739,153.0,1729,1107,36.0,13.3,0.7773,0,0,0,0,1,0,0
18,4.0,1109,633.66667,22.9,1374,263.0,676,172.0,1795,1225,35.8,13.7,0.7868,0,0,0,0,1,0,0
19,4.6,1169,627.0,25.0,1430,300.0,636,190.0,1901,1372,32.3,18.4,0.8753,0,0,0,0,1,0,0
20,3.0,1093,341.0,15.5,1163,189.0,717,160.0,1705,1139,29.7,25.0,1.0246,0,0,0,0,1,0,0
21,2.9,1084,284.66667,16.7,1200,185.0,686,159.0,1753,1505,27.8,26.6,0.9748,0,0,0,0,1,0,0
22,1.9,970,174.0,11.2,1023,134.0,787,123.0,1552,1074,26.3,27.3,0.9238,0,0,0,0,1,0,0
23,1.4,951,93.66667,9.0,939,96.0,849,101.0,1488,868,25.3,30.0,0.9508,0,0,0,0,1,0,0
0,2.1,1038,76.0,12.1,1053,122.0,744,116.0,1631,1095,24.0,34.9,1.0271,0,0,0,0,0,1,0
1,1.2,950,79.66667,8.9,937,64.0,802,80.0,1566,989,23.4,38.6,1.0968,0,0,0,0,0,1,0
2,0.6,831,56.0,3.7,695,30.0,1033,51.0,1355,658,23.5,38.3,1.0972,0,0,0,0,0,1,0
4,0.86667,797,46.33333,2.5,621,23.0,1105,37.0,1303,562,21.6,44.0,1.1225,0,0,0,0,0,1,0
5,0.4,824,66.66667,3.1,660,36.0,1033,46.0,1342,618,21.4,45.6,1.1493,0,0,0,0,0,1,0
6,0.7,879,50.0,5.7,796,58.0,912,64.0,1454,747,21.1,47.1,1.1641,0,0,0,0,0,1,0
7,2.3,1132,163.66667,15.6,1166,168.0,652,108.0,1827,1229,21.3,48.4,1.2119,0,0,0,0,0,1,0
8,4.0,1291,721.0,25.2,1434,306.0,526,151.0,2239,1494,22.9,47.9,1.3208,0,0,0,0,0,1,0
9,2.8,1193,644.66667,15.4,1160,231.0,630,153.0,1927,1281,24.4,45.5,1.3721,0,0,0,0,0,1,0
10,1.6,1057,154.33333,8.4,914,157.0,796,116.0,1665,954,27.6,38.0,1.3818,0,0,0,0,0,1,0
11,1.6,1027,143.66667,8.0,899,132.0,822,116.0,1563,810,31.1,29.6,1.318,0,0,0,0,0,1,0
12,2.0,1084,162.33333,12.1,1052,136.0,736,130.0,1677,882,33.4,24.7,1.2516,0,0,0,0,0,1,0
13,2.0,1032,185.66667,12.6,1071,127.0,742,131.0,1619,840,35.7,18.9,1.0865,0,0,0,0,0,1,0
14,1.7,977,153.66667,10.6,998,125.0,810,131.0,1554,743,36.2,18.1,1.0724,0,0,0,0,0,1,0
15,2.0,1039,135.0,12.6,1069,138.0,773,135.0,1646,880,37.1,17.7,1.094,0,0,0,0,0,1,0
16,2.2,1056,160.0,14.3,1127,163.0,734,152.0,1694,928,36.5,18.1,1.0887,0,0,0,0,0,1,0
17,3.2,1164,243.0,20.3,1306,259.0,648,198.0,1886,1218,35.5,19.1,1.0888,0,0,0,0,0,1,0
18,3.6,1124,545.66667,20.5,1309,236.0,655,183.0,1845,1170,33.7,20.0,1.0275,0,0,0,0,0,1,0
19,3.8,1152,580.66667,22.1,1355,245.0,628,175.0,1879,1620,30.5,22.7,0.9763,0,0,0,0,0,1,0
20,4.8,1223,563.0,23.8,1399,344.0,592,193.0,1940,1508,28.7,26.2,1.0144,0,0,0,0,0,1,0
21,2.8,1058,227.33333,14.7,1139,188.0,696,140.0,1699,1318,26.7,28.9,0.9981,0,0,0,0,0,1,0
22,2.6,1049,235.0,15.1,1152,149.0,693,128.0,1730,1189,25.7,31.6,1.0285,0,0,0,0,0,1,0
23,1.9,1010,143.66667,10.8,1006,102.0,779,100.0,1589,1000,24.5,35.7,1.0807,0,0,0,0,0,1,0
0,1.7,981,78.66667,10.2,985,99.0,779,97.0,1572,1020,24.3,36.3,1.0852,0,0,0,0,0,0,1
1,1.0,886,70.33333,6.5,834,48.0,904,67.0,1440,767,23.8,36.9,1.0748,0,0,0,0,0,0,1
2,0.7,821,53.0,3.9,706,36.0,1021,58.0,1360,674,23.7,37.3,1.076,0,0,0,0,0,0,1
4,0.4,771,64.33333,2.1,593,30.0,1155,45.0,1291,545,21.6,42.2,1.0762,0,0,0,0,0,0,1
5,0.6,819,50.0,3.4,677,56.0,1048,62.0,1379,685,20.3,46.8,1.1,0,0,0,0,0,0,1
6,0.7,836,49.0,4.7,747,51.0,961,59.0,1384,702,20.7,45.9,1.1088,0,0,0,0,0,0,1
7,2.4,1114,170.0,15.8,1174,172.0,667,102.0,1819,1188,20.5,47.7,1.1419,0,0,0,0,0,0,1
8,4.4,1319,562.66667,26.6,1470,316.0,520,154.0,2276,1589,22.4,46.6,1.247,0,0,0,0,0,0,1
9,3.1,1211,537.0,14.8,1143,269.0,632,157.0,1860,1331,24.2,48.5,1.4452,0,0,0,0,0,0,1
10,2.0,1051,201.33333,9.3,950,196.0,802,138.0,1593,1040,28.8,33.0,1.2825,0,0,0,0,0,0,1
11,2.1,1108,153.66667,12.0,1049,206.0,749,142.0,1701,1137,32.8,25.2,1.2325,0,0,0,0,0,0,1
12,2.1,1014,138.0,10.9,1012,156.0,795,125.0,1548,851,34.4,19.9,1.0647,0,0,0,0,0,0,1
13,2.1,1003,152.0,11.9,1047,120.0,769,120.0,1578,782,36.5,16.7,1.0045,0,0,0,0,0,0,1
14,2.2,1021,162.0,13.2,1092,161.0,764,150.0,1606,908,37.5,14.3,0.9099,0,0,0,0,0,0,1
15,1.6,986,263.33333,8.9,937,114.0,833,120.0,1473,806,38.0,15.5,1.0119,0,0,0,0,0,0,1
16,2.4,1098,136.33333,13.0,1084,191.0,754,173.0,1648,985,38.1,16.5,1.0828,0,0,0,0,0,0,1
17,3.3,1157,316.33333,18.2,1245,236.0,665,187.0,1782,1211,37.3,17.3,1.084,0,0,0,0,0,0,1
18,4.0,1190,591.0,23.7,1395,287.0,606,206.0,1914,1411,35.9,17.7,1.0316,0,0,0,0,0,0,1
19,4.1,1183,604.33333,21.6,1341,266.0,628,187.0,1881,1395,32.4,21.5,1.0303,0,0,0,0,0,0,1
20,4.2,1231,440.66667,21.6,1341,274.0,626,170.0,1937,1578,30.3,25.6,1.0879,0,0,0,0,0,0,1
21,2.9,1102,419.66667,16.5,1195,196.0,690,149.0,1762,1325,28.5,27.8,1.0665,0,0,0,0,0,0,1
22,2.3,1041,210.66667,12.3,1060,144.0,748,124.0,1629,1185,26.9,30.5,1.0671,0,0,0,0,0,0,1
23,2.2,1090,221.66667,13.6,1103,142.0,695,119.0,1686,1235,25.7,33.5,1.0918,0,0,0,0,0,0,1
0,2.1,1074,181.66667,12.8,1078,124.0,685,108.0,1673,1317,24.7,36.9,1.1302,1,0,0,0,0,0,0
1,1.6,977,117.33333,9.4,956,93.0,765,93.0,1581,1114,23.6,39.2,1.1306,1,0,0,0,0,0,0
2,1.2,949,88.0,8.3,910,71.0,816,77.0,1552,1015,22.2,43.0,1.1363,1,0,0,0,0,0,0
4,0.9,863,75.66667,4.6,746,56.0,919,76.0,1415,961,21.3,45.9,1.1471,1,0,0,0,0,0,0
5,0.6,834,45.0,3.6,689,46.0,988,58.0,1367,796,21.6,45.0,1.151,1,0,0,0,0,0,0
6,0.7,865,47.33333,5.0,764,51.0,917,63.0,1430,826,21.3,46.5,1.1608,1,0,0,0,0,0,0
7,1.3,974,88.33333,8.2,908,83.0,793,75.0,1546,1057,21.1,46.9,1.1585,1,0,0,0,0,0,0
8,2.0,1079,205.0,10.7,1004,175.0,713,111.0,1628,1302,22.8,43.0,1.1731,1,0,0,0,0,0,0
9,1.9,1084,201.0,10.3,990,148.0,734,116.0,1633,1284,25.0,38.3,1.198,1,0,0,0,0,0,0
10,2.2,1107,141.66667,12.9,1080,167.0,714,138.0,1675,1348,30.9,26.9,1.1835,1,0,0,0,0,0,0
11,1.9,1040,204.33333,11.0,1015,120.0,775,117.0,1543,1025,35.1,19.2,1.0664,1,0,0,0,0,0,0
12,1.5,1019,111.33333,8.3,913,78.0,840,94.0,1428,759,36.9,17.2,1.0576,1,0,0,0,0,0,0
13,1.4,1003,117.66667,8.2,907,76.0,862,91.0,1427,680,39.3,13.9,0.9715,1,0,0,0,0,0,0
14,1.0,925,124.0,5.2,772,45.0,1001,60.0,1308,516,40.3,12.6,0.9302,1,0,0,0,0,0,0
15,1.0,910,78.33333,4.6,743,54.0,1039,66.0,1282,500,39.7,13.5,0.965,1,0,0,0,0,0,0
16,1.4,1012,111.33333,7.2,868,70.0,884,87.0,1435,700,41.1,13.1,1.0124,1,0,0,0,0,0,0
17,1.6,1100,142.66667,9.4,954,87.0,809,106.0,1512,1360,40.1,14.9,1.0828,1,0,0,0,0,0,0
18,1.6,1046,86.33333,8.0,901,69.0,849,94.0,1464,722,37.4,17.0,1.0757,1,0,0,0,0,0,0
19,2.1,1083,104.66667,10.7,1003,95.0,787,112.0,1524,842,34.0,19.2,1.0073,1,0,0,0,0,0,0
20,2.0,1050,166.0,9.6,962,107.0,810,120.0,1496,879,31.7,21.6,0.9959,1,0,0,0,0,0,0
21,1.9,1050,190.66667,8.7,927,88.0,830,106.0,1475,836,29.7,24.2,0.9926,1,0,0,0,0,0,0
22,2.3,1142,231.0,11.6,1035,100.0,746,112.0,1611,1062,27.9,27.6,1.0252,1,0,0,0,0,0,0
23,2.4,1165,217.0,11.8,1043,125.0,717,120.0,1644,1188,26.8,29.9,1.0402,1,0,0,0,0,0,0
0,2.2,1136,222.33333,10.5,995,132.0,727,114.0,1591,1236,25.8,33.0,1.0826,0,1,0,0,0,0,0
1,1.2,986,105.0,5.5,790,57.0,869,70.0,1422,853,26.3,33.1,1.1199,0,1,0,0,0,0,0
2,1.1,971,104.33333,5.5,790,46.0,871,64.0,1447,875,24.3,38.1,1.1398,0,1,0,0,0,0,0
4,1.26667,882,120.0,2.9,648,34.0,1023,55.0,1338,666,23.3,39.5,1.1176,0,1,0,0,0,0,0
5,0.6,900,49.66667,3.4,674,33.0,974,50.0,1355,679,21.1,45.6,1.1246,0,1,0,0,0,0,0
6,0.7,935,164.33333,4.1,716,50.0,915,62.0,1415,877,20.2,48.5,1.1319,0,1,0,0,0,0,0
7,0.4,939,76.0,4.1,718,39.0,927,53.0,1395,826,21.3,45.5,1.1405,0,1,0,0,0,0,0
8,0.6,982,146.33333,4.7,750,84.0,893,85.0,1417,881,22.6,31.0,0.8372,0,1,0,0,0,0,0
9,0.9,1088,160.33333,7.1,862,93.0,786,102.0,1519,1110,25.7,34.8,1.1292,0,1,0,0,0,0,0
10,0.9,1065,94.0,7.4,872,82.0,831,97.0,1481,927,31.6,23.8,1.0842,0,1,0,0,0,0,0
11,0.8,1016,77.33333,7.3,868,73.0,889,91.0,1407,665,36.3,16.3,0.9727,0,1,0,0,0,0,0
12,0.4,930,71.66667,4.2,723,43.0,1035,62.0,1263,474,37.9,15.0,0.9728,0,1,0,0,0,0,0
13,0.3,928,49.33333,4.1,716,39.0,1060,57.0,1252,459,39.4,13.7,0.9639,0,1,0,0,0,0,0
14,0.1,889,74.0,3.8,698,27.0,1132,40.0,1234,437,40.2,12.3,0.8983,0,1,0,0,0,0,0
15,0.5,966,96.33333,5.8,802,46.0,968,60.0,1383,607,41.3,11.9,0.9252,0,1,0,0,0,0,0
16,0.4,973,92.0,5.6,792,53.0,977,70.0,1356,620,41.4,11.8,0.9282,0,1,0,0,0,0,0
17,0.3,950,139.33333,4.8,754,38.0,1003,53.0,1325,551,40.1,13.6,0.9953,0,1,0,0,0,0,0
18,0.4,982,90.0,5.3,780,39.0,974,54.0,1374,532,37.6,16.4,1.0458,0,1,0,0,0,0,0
19,0.6,990,132.33333,6.1,814,49.0,929,58.0,1399,578,33.9,20.3,1.0522,0,1,0,0,0,0,0
20,0.8,1017,129.0,7.4,873,68.0,874,73.0,1464,721,31.6,22.9,1.0469,0,1,0,0,0,0,0
21,1.2,1067,249.0,9.0,938,102.0,825,99.0,1520,912,29.7,24.8,1.016,0,1,0,0,0,0,0
22,1.6,1147,263.66667,11.7,1040,123.0,745,102.0,1635,1155,29.0,27.0,1.063,0,1,0,0,0,0,0
23,1.2,1132,217.0,11.0,1014,106.0,728,101.0,1628,1279,27.9,30.4,1.1249,0,1,0,0,0,0,0
0,0.5,976,171.0,6.0,814,66.0,855,77.0,1448,1018,28.0,30.6,1.1396,0,0,1,0,0,0,0
1,0.3,920,111.66667,4.3,730,43.0,944,55.0,1393,842,26.8,32.3,1.1235,0,0,1,0,0,0,0
2,0.1,879,123.0,2.8,642,33.0,1031,51.0,1343,740,26.6,33.0,1.1338,0,0,1,0,0,0,0
4,0.1,880,68.66667,2.9,649,33.0,1022,50.0,1374,739,22.2,42.8,1.1317,0,0,1,0,0,0,0
5,0.3,925,126.0,4.1,717,75.0,936,75.0,1455,970,21.2,46.3,1.1501,0,0,1,0,0,0,0
6,0.8,1044,119.0,8.3,912,111.0,758,89.0,1604,1177,21.4,46.5,1.172,0,0,1,0,0,0,0
7,2.3,1279,308.33333,16.6,1197,250.0,599,112.0,1906,1518,22.9,43.0,1.1826,0,0,1,0,0,0,0
8,3.4,1403,641.33333,25.6,1443,313.0,508,142.0,2234,1811,25.2,38.6,1.2215,0,0,1,0,0,0,0
9,2.5,1282,661.33333,17.7,1230,263.0,594,145.0,1924,1696,27.1,34.9,1.231,0,0,1,0,0,0,0
10,2.4,1262,224.0,16.2,1187,282.0,633,165.0,1842,1603,32.4,24.8,1.1886,0,0,1,0,0,0,0
11,2.1,1195,276.66667,15.1,1153,226.0,678,159.0,1732,1370,36.8,18.0,1.0945,0,0,1,0,0,0,0
12,3.06667,1173,316.66667,14.3,1127,176.0,709,159.0,1678,1194,39.1,16.0,1.11,0,0,1,0,0,0,0
13,1.9,1102,154.0,10.8,1007,120.0,777,131.0,1534,880,39.2,16.4,1.1439,0,0,1,0,0,0,0
14,1.66667,1076,162.66667,10.1,982,96.0,799,123.0,1523,748,40.5,14.9,1.111,0,0,1,0,0,0,0
15,1.86667,1078,127.0,10.9,1012,115.0,777,129.0,1523,868,41.4,13.8,1.0786,0,0,1,0,0,0,0
16,1.86667,1100,151.66667,11.0,1014,108.0,761,126.0,1533,959,40.5,14.9,1.114,0,0,1,0,0,0,0
17,2.96667,1234,368.33333,16.8,1205,142.0,658,149.0,1781,1160,39.6,17.0,1.2064,0,0,1,0,0,0,0
18,4.2,1323,578.66667,20.7,1316,219.0,586,200.0,1911,1453,37.7,19.8,1.2715,0,0,1,0,0,0,0
19,3.4,1263,429.33333,19.5,1283,193.0,610,174.0,1863,1400,34.3,24.2,1.2857,0,0,1,0,0,0,0
20,2.8,1216,330.66667,14.6,1136,128.0,658,131.0,1737,1265,31.7,28.1,1.2912,0,0,1,0,0,0,0
21,2.63333,1247,280.33333,14.3,1127,127.0,664,135.0,1761,1366,30.2,30.8,1.3008,0,0,1,0,0,0,0
22,2.66667,1264,199.66667,15.9,1177,132.0,628,134.0,1820,1593,29.4,33.0,1.3343,0,0,1,0,0,0,0
23,2.26667,1111,137.33333,10.3,988,77.0,728,96.0,1619,1336,29.2,33.1,1.3202,0,0,1,0,0,0,0
0,1.8,1068,93.33333,8.8,931,72.0,762,94.0,1576,1317,27.6,36.6,1.332,0,0,0,1,0,0,0
1,1.3,1015,77.33333,6.8,850,57.0,802,79.0,1531,1173,27.2,36.9,1.3147,0,0,0,1,0,0,0
2,1.0,989,74.66667,6.3,827,56.0,827,79.0,1513,1163,25.4,41.0,1.3079,0,0,0,1,0,0,0
4,0.9,952,58.0,4.1,717,64.0,879,89.0,1481,1164,23.4,47.4,1.3475,0,0,0,1,0,0,0
5,0.93333,981,36.66667,4.7,747,52.0,856,69.0,1493,1090,25.1,44.0,1.3794,0,0,0,1,0,0,0
6,2.0,1138,198.0,9.9,974,122.0,683,91.0,1716,1338,23.9,46.5,1.3637,0,0,0,1,0,0,0
7,3.93333,1472,536.0,24.8,1424,314.0,499,135.0,2257,1808,24.8,43.2,1.3387,0,0,0,1,0,0,0
8,4.76667,1626,777.33333,37.3,1713,395.0,412,166.0,2643,2176,27.0,38.7,1.361,0,0,0,1,0,0,0
9,4.26667,1480,664.0,26.2,1460,357.0,494,189.0,2238,2028,29.4,33.6,1.3526,0,0,0,1,0,0,0
10,3.56667,1367,543.0,21.6,1342,308.0,567,193.0,2002,1758,34.8,23.4,1.2781,0,0,0,1,0,0,0
11,2.8,1245,368.66667,16.1,1181,184.0,645,164.0,1747,1350,38.1,18.5,1.2108,0,0,0,1,0,0,0
12,2.66667,1194,344.66667,13.0,1083,128.0,685,139.0,1632,1060,38.9,18.0,1.2318,0,0,0,1,0,0,0
13,2.46667,1156,285.33333,13.4,1096,125.0,713,130.0,1615,954,39.8,16.0,1.1444,0,0,0,1,0,0,0
14,1.83333,1107,189.0,13.7,1106,135.0,727,129.0,1615,1024,41.7,12.5,0.9941,0,0,0,1,0,0,0
15,2.2,1127,212.66667,14.0,1117,158.0,714,132.0,1625,1092,42.8,12.3,1.0326,0,0,0,1,0,0,0
16,2.2,1083,232.0,10.4,994,106.0,771,101.0,1544,927,41.4,14.2,1.1128,0,0,0,1,0,0,0
17,3.1,1289,408.66667,17.5,1225,163.0,632,145.0,1796,1274,41.3,15.5,1.21,0,0,0,1,0,0,0
18,3.56667,1209,501.33333,12.9,1082,143.0,685,133.0,1662,978,38.3,19.4,1.2851,0,0,0,1,0,0,0
19,2.8,1221,302.33333,14.9,1145,96.0,648,110.0,1753,1050,34.7,23.3,1.2653,0,0,0,1,0,0,0
20,3.33333,1255,374.66667,15.5,1164,127.0,638,126.0,1793,1301,32.6,26.3,1.2754,0,0,0,1,0,0,0
21,2.26667,1163,270.0,11.2,1022,95.0,695,102.0,1644,1141,30.9,29.0,1.275,0,0,0,1,0,0,0
22,2.86667,1234,199.33333,14.3,1126,104.0,644,104.0,1782,1252,30.1,30.2,1.2711,0,0,0,1,0,0,0
23,2.8,1240,180.0,14.2,1124,131.0,645,112.0,1799,1300,29.0,33.4,1.3149,0,0,0,1,0,0,0
0,2.43333,1128,163.33333,10.0,978,92.0,733,89.0,1683,1193,28.3,36.8,1.3906,0,0,0,0,1,0,0
1,1.73333,1057,84.0,7.6,881,53.0,784,67.0,1574,1081,27.6,38.2,1.3911,0,0,0,0,1,0,0
2,1.0,1026,70.33333,5.8,801,45.0,816,63.0,1545,1094,25.8,43.1,1.4113,0,0,0,0,1,0,0
4,0.9,917,65.0,2.7,635,19.0,1006,34.0,1421,727,26.3,40.9,1.3803,0,0,0,0,1,0,0
5,0.96667,1011,43.0,5.4,782,75.0,828,73.0,1562,1116,23.3,50.1,1.41,0,0,0,0,1,0,0
6,2.03333,1079,207.33333,7.3,869,84.0,751,76.0,1634,1223,23.1,49.7,1.3863,0,0,0,0,1,0,0
7,3.76667,1322,419.0,18.4,1250,160.0,562,102.0,1999,1556,24.2,46.4,1.3834,0,0,0,0,1,0,0
8,3.73333,1526,530.0,27.7,1495,286.0,471,140.0,2405,1904,25.8,42.2,1.3774,0,0,0,0,1,0,0
9,4.3,1338,690.33333,16.9,1207,212.0,576,150.0,1951,1697,28.1,37.3,1.3922,0,0,0,0,1,0,0
10,4.06667,1421,415.0,22.1,1354,279.0,545,194.0,2063,1854,33.9,26.8,1.397,0,0,0,0,1,0,0
11,3.1,1197,377.33333,17.0,1209,207.0,656,162.0,1770,1306,38.0,17.2,1.1227,0,0,0,0,1,0,0
12,2.36667,1116,293.66667,12.4,1063,140.0,736,138.0,1571,980,38.9,15.9,1.0896,0,0,0,0,1,0,0
13,2.16667,1115,263.0,11.5,1031,110.0,741,123.0,1561,870,40.4,15.0,1.1125,0,0,0,0,1,0,0
14,1.7,1018,153.66667,7.5,880,67.0,865,86.0,1421,613,40.1,15.2,1.1065,0,0,0,0,1,0,0
15,2.0,1109,216.66667,10.3,989,98.0,778,107.0,1537,819,42.0,14.2,1.1517,0,0,0,0,1,0,0
16,1.8,1105,146.0,10.2,984,97.0,767,106.0,1532,868,42.7,14.4,1.2092,0,0,0,0,1,0,0
17,2.56667,1128,248.0,11.5,1032,87.0,733,99.0,1576,876,41.6,14.5,1.1483,0,0,0,0,1,0,0
18,4.1,1301,458.33333,17.0,1210,124.0,623,140.0,1813,1153,39.6,18.8,1.3413,0,0,0,0,1,0,0
19,3.8,1416,487.33333,21.5,1339,165.0,544,163.0,1998,1492,36.1,25.5,1.4949,0,0,0,0,1,0,0
20,3.4,1301,200.66667,18.6,1256,164.0,593,144.0,1914,1382,33.3,29.9,1.5079,0,0,0,0,1,0,0
21,2.9,1261,227.0,15.3,1158,122.0,628,120.0,1837,1303,31.2,33.2,1.4831,0,0,0,0,1,0,0
22,3.1,1295,232.0,17.0,1211,134.0,602,120.0,1917,1404,30.1,35.8,1.5034,0,0,0,0,1,0,0
23,3.5,1239,163.0,14.4,1129,121.0,637,106.0,1839,1308,28.9,39.1,1.537,0,0,0,0,1,0,0
0,2.4,1229,105.33333,13.6,1103,112.0,627,95.0,1866,1320,27.8,43.3,1.5929,0,0,0,0,0,1,0
1,1.6,1125,87.33333,9.6,963,62.0,713,70.0,1719,1179,26.9,46.1,1.608,0,0,0,0,0,1,0
2,1.3,1044,77.33333,6.4,832,50.0,794,67.0,1580,1160,26.4,47.1,1.5947,0,0,0,0,0,1,0
4,1.0,1015,86.66667,5.4,781,72.0,796,70.0,1595,1181,23.8,55.4,1.6073,0,0,0,0,0,1,0
5,0.8,954,66.0,4.1,715,48.0,867,50.0,1527,1010,24.9,50.6,1.5755,0,0,0,0,0,1,0
6,1.1,1032,79.33333,6.3,826,58.0,781,60.0,1627,1075,25.0,49.2,1.5418,0,0,0,0,0,1,0
7,4.4,1518,460.66667,26.9,1476,306.0,469,127.0,2388,1839,24.7,50.9,1.5593,0,0,0,0,0,1,0
8,5.13333,1602,818.66667,35.6,1678,351.0,410,149.0,2662,2105,26.4,46.3,1.5722,0,0,0,0,0,1,0
9,3.86667,1362,581.0,17.5,1225,252.0,551,158.0,2003,1826,28.1,42.0,1.5735,0,0,0,0,0,1,0
10,3.3,1394,517.66667,19.9,1294,266.0,555,190.0,2031,1834,34.0,29.9,1.5614,0,0,0,0,0,1,0
11,2.1,1205,133.66667,12.6,1070,159.0,682,127.0,1735,1268,37.3,22.9,1.4373,0,0,0,0,0,1,0
12,2.1,1210,360.66667,14.0,1118,144.0,658,130.0,1742,1422,40.1,19.0,1.3849,0,0,0,0,0,1,0
13,2.0,1138,176.33333,12.2,1055,117.0,712,125.0,1624,1028,42.0,15.8,1.2759,0,0,0,0,0,1,0
14,1.5,1079,196.0,11.1,1019,108.0,749,113.0,1559,929,42.8,14.3,1.2003,0,0,0,0,0,1,0
15,2.1,1158,318.0,14.3,1126,153.0,693,143.0,1654,1150,44.3,13.0,1.183,0,0,0,0,0,1,0
16,2.3,1186,224.66667,15.1,1151,166.0,680,157.0,1686,1235,44.6,12.6,1.1684,0,0,0,0,0,1,0
17,2.8,1261,313.33333,18.6,1258,179.0,629,170.0,1813,1315,43.4,14.8,1.2882,0,0,0,0,0,1,0
18,3.6,1339,634.66667,22.0,1352,225.0,569,187.0,1990,1469,40.6,18.2,1.368,0,0,0,0,0,1,0
19,4.0,1342,546.33333,23.0,1377,261.0,567,181.0,2017,1515,37.1,21.3,1.3223,0,0,0,0,0,1,0
20,3.7,1317,337.33333,21.1,1327,228.0,575,158.0,1996,1510,34.5,25.5,1.368,0,0,0,0,0,1,0
21,2.5,1210,307.0,15.0,1148,137.0,639,112.0,1849,1327,32.2,30.4,1.4433,0,0,0,0,0,1,0
22,2.3,1220,186.0,13.6,1105,116.0,643,100.0,1838,1318,30.4,35.4,1.5144,0,0,0,0,0,1,0
23,2.5,1276,147.33333,14.6,1135,143.0,625,105.0,1887,1436,29.4,38.7,1.5581,0,0,0,0,0,1,0
0,2.7,1270,170.66667,16.3,1189,157.0,592,107.0,1917,1608,28.6,38.7,1.4921,0,0,0,0,0,0,1
1,1.3,1053,85.66667,8.8,933,72.0,743,72.0,1658,1257,27.7,40.5,1.4835,0,0,0,0,0,0,1
2,0.8,956,73.33333,6.0,813,42.0,846,59.0,1544,1094,28.0,39.8,1.4803,0,0,0,0,0,0,1
4,0.5,912,81.0,3.9,706,34.0,891,55.0,1500,1022,25.6,45.8,1.4801,0,0,0,0,0,0,1
5,0.8,973,42.66667,5.8,802,74.0,806,70.0,1597,1139,23.6,51.5,1.4852,0,0,0,0,0,0,1
6,1.0,1037,52.0,8.2,906,75.0,743,59.0,1707,1158,25.1,46.5,1.4615,0,0,0,0,0,0,1
7,2.9,1306,344.0,20.1,1299,199.0,519,95.0,2116,1602,24.5,48.3,1.4593,0,0,0,0,0,0,1
8,3.8,1367,530.0,25.5,1441,262.0,470,120.0,2283,1770,26.6,42.8,1.4675,0,0,0,0,0,0,1
9,3.5,1335,474.0,21.6,1340,236.0,519,133.0,2141,1651,29.0,37.6,1.4866,0,0,0,0,0,0,1
10,2.4,1250,201.66667,15.5,1166,186.0,626,133.0,1925,1435,34.2,28.5,1.5071,0,0,0,0,0,0,1
11,1.8,1142,197.66667,11.2,1021,132.0,712,120.0,1670,1159,37.3,22.9,1.4369,0,0,0,0,0,0,1
12,2.1,1168,177.0,15.4,1160,140.0,671,132.0,1784,1193,40.1,17.5,1.2721,0,0,0,0,0,0,1
13,2.1,1125,223.33333,14.6,1137,143.0,691,135.0,1696,1094,42.2,14.6,1.192,0,0,0,0,0,0,1
14,1.5,1083,157.33333,12.5,1066,99.0,725,121.0,1621,912,41.9,15.2,1.2173,0,0,0,0,0,0,1
15,1.5,1080,162.0,12.3,1059,107.0,733,123.0,1622,908,43.1,13.8,1.1803,0,0,0,0,0,0,1
16,1.8,1085,217.66667,13.2,1091,130.0,723,129.0,1638,1010,42.8,13.8,1.1681,0,0,0,0,0,0,1
17,2.1,1115,207.0,14.7,1140,133.0,682,129.0,1746,1020,41.1,16.5,1.2701,0,0,0,0,0,0,1
18,3.0,1259,509.66667,19.9,1295,188.0,600,156.0,1990,1280,38.7,20.3,1.3743,0,0,0,0,0,0,1
19,2.8,1241,396.0,19.1,1271,155.0,606,131.0,1971,1287,35.8,24.1,1.3924,0,0,0,0,0,0,1
20,2.5,1156,158.33333,14.8,1144,154.0,651,115.0,1832,1216,33.1,28.3,1.4121,0,0,0,0,0,0,1
21,1.4,1055,180.33333,8.6,922,95.0,784,79.0,1634,990,30.1,33.9,1.4257,0,0,0,0,0,0,1
22,1.7,1144,205.0,11.0,1014,110.0,712,86.0,1744,1146,29.0,36.6,1.4431,0,0,0,0,0,0,1
23,1.8,1169,223.66667,13.0,1084,116.0,655,91.0,1831,1273,28.5,38.4,1.468,0,0,0,0,0,0,1
0,2.4,1195,171.66667,15.2,1156,153.0,621,99.0,1897,1346,27.8,39.9,1.4682,1,0,0,0,0,0,0
1,1.9,1158,84.0,12.1,1052,111.0,649,83.0,1785,1353,27.0,42.8,1.503,1,0,0,0,0,0,0
2,1.4,1075,77.66667,9.9,973,79.0,695,74.0,1748,1231,26.4,44.5,1.5119,1,0,0,0,0,0,0
4,0.7,989,107.0,6.3,825,47.0,774,64.0,1602,1126,25.1,48.5,1.5266,1,0,0,0,0,0,0
5,0.8,967,47.66667,5.5,789,61.0,810,61.0,1597,995,24.6,52.2,1.5881,1,0,0,0,0,0,0
6,0.7,968,52.66667,5.8,803,56.0,806,62.0,1586,1003,24.4,50.5,1.5243,1,0,0,0,0,0,0
7,1.0,1062,162.66667,8.1,902,69.0,733,65.0,1715,1055,25.2,49.1,1.5546,1,0,0,0,0,0,0
8,1.7,1143,211.0,10.0,979,109.0,677,79.0,1829,1156,26.6,50.8,1.7419,1,0,0,0,0,0,0
9,1.9,1152,141.0,9.9,976,111.0,672,90.0,1800,1179,28.0,46.9,1.748,1,0,0,0,0,0,0
10,2.3,1238,190.0,13.1,1088,150.0,636,116.0,1883,1306,32.7,34.5,1.6798,1,0,0,0,0,0,0
11,1.7,1103,214.0,9.2,946,87.0,737,89.0,1686,934,36.6,26.5,1.599,1,0,0,0,0,0,0
12,1.3,1043,137.0,6.7,843,64.0,799,68.0,1628,689,37.8,26.3,1.6951,1,0,0,0,0,0,0
13,1.2,1058,81.33333,6.5,833,47.0,804,53.0,1623,626,38.3,27.1,1.797,1,0,0,0,0,0,0
14,0.8,960,61.0,3.4,676,34.0,983,34.0,1488,488,35.4,32.4,1.837,1,0,0,0,0,0,0
15,0.9,972,75.0,3.8,699,37.0,982,38.0,1505,495,37.3,28.8,1.8087,1,0,0,0,0,0,0
16,1.1,1012,96.0,5.2,775,49.0,899,53.0,1547,562,36.6,28.2,1.697,1,0,0,0,0,0,0
17,1.2,1021,109.0,6.0,814,54.0,858,62.0,1545,615,35.1,29.6,1.6452,1,0,0,0,0,0,0
18,1.3,1034,104.66667,6.0,812,70.0,866,82.0,1563,660,32.3,33.4,1.59,1,0,0,0,0,0,0
19,1.4,1026,123.0,5.6,791,76.0,875,88.0,1549,664,29.9,37.9,1.5745,1,0,0,0,0,0,0
20,1.2,966,73.66667,4.4,735,59.0,932,70.0,1494,567,28.2,41.9,1.5776,1,0,0,0,0,0,0
21,0.9,948,68.0,3.7,697,44.0,983,53.0,1475,506,27.2,45.9,1.6316,1,0,0,0,0,0,0
22,1.1,984,106.33333,5.0,762,47.0,870,57.0,1557,560,27.3,45.7,1.6308,1,0,0,0,0,0,0
23,1.5,1077,176.33333,7.1,859,71.0,790,73.0,1673,724,27.0,47.1,1.6573,1,0,0,0,0,0,0
0,1.7,1163,166.66667,7.9,893,90.0,706,83.0,1760,977,23.7,69.3,2.0042,0,1,0,0,0,0,0
1,0.9,965,81.0,3.7,692,45.0,927,52.0,1549,653,23.8,63.5,1.8495,0,1,0,0,0,0,0
2,0.7,941,111.66667,3.6,687,44.0,949,52.0,1530,642,24.7,56.9,1.739,0,1,0,0,0,0,0
4,0.86667,870,50.66667,2.0,581,15.0,1119,26.0,1463,450,24.1,59.6,1.7657,0,1,0,0,0,0,0
5,0.3,834,51.0,1.3,527,10.0,1242,17.0,1458,427,22.5,69.1,1.8578,0,1,0,0,0,0,0
6,0.4,859,57.66667,1.7,561,19.0,1162,28.0,1476,470,23.4,64.4,1.835,0,1,0,0,0,0,0
7,0.4,843,61.33333,1.5,544,20.0,1242,29.0,1442,447,24.4,57.9,1.7476,0,1,0,0,0,0,0
8,0.5,851,66.66667,1.6,551,30.0,1224,37.0,1443,463,24.5,56.9,1.7225,0,1,0,0,0,0,0
9,0.5,853,72.66667,1.7,557,24.0,1215,31.0,1435,454,24.9,54.8,1.7063,0,1,0,0,0,0,0
10,0.7,908,71.66667,2.7,632,35.0,1095,46.0,1494,500,27.0,47.4,1.6661,0,1,0,0,0,0,0
11,0.9,928,66.33333,3.6,687,48.0,1025,66.0,1491,528,27.6,43.7,1.5877,0,1,0,0,0,0,0
12,0.8,905,102.66667,3.0,652,41.0,1076,54.0,1446,490,28.2,42.6,1.6062,0,1,0,0,0,0,0
13,0.8,901,77.66667,2.9,646,37.0,1105,50.0,1446,488,29.1,40.8,1.6203,0,1,0,0,0,0,0
14,0.7,869,61.33333,2.5,619,32.0,1163,44.0,1417,475,29.8,38.6,1.5911,0,1,0,0,0,0,0
15,0.8,891,68.0,3.1,655,43.0,1107,52.0,1452,486,31.5,34.5,1.5666,0,1,0,0,0,0,0
16,0.7,855,82.0,2.3,606,28.0,1214,37.0,1403,438,31.2,36.3,1.6217,0,1,0,0,0,0,0
17,0.8,911,76.0,3.0,654,38.0,1102,51.0,1466,477,30.0,41.3,1.7259,0,1,0,0,0,0,0
18,1.2,989,84.66667,4.0,713,72.0,954,78.0,1552,626,27.6,47.5,1.7266,0,1,0,0,0,0,0
19,1.6,1048,136.33333,6.3,826,89.0,853,90.0,1637,747,28.8,41.3,1.6164,0,1,0,0,0,0,0
20,1.6,1049,135.0,6.6,839,103.0,846,110.0,1636,858,28.5,41.6,1.5959,0,1,0,0,0,0,0
21,1.5,1035,160.66667,7.3,868,77.0,833,86.0,1653,775,27.7,43.4,1.5833,0,1,0,0,0,0,0
22,1.5,1034,301.0,6.8,850,84.0,831,88.0,1643,803,27.3,44.1,1.5751,0,1,0,0,0,0,0
23,1.5,1022,132.66667,6.3,826,82.0,857,91.0,1627,777,26.9,45.5,1.5926,0,1,0,0,0,0,0
0,1.5,1007,132.0,5.9,809,81.0,876,93.0,1611,770,26.6,47.2,1.616,0,0,1,0,0,0,0
1,1.2,945,69.0,4.8,755,50.0,935,68.0,1553,663,26.0,48.0,1.5882,0,0,1,0,0,0,0
2,0.8,880,46.66667,2.9,649,30.0,1056,48.0,1465,529,26.2,45.7,1.5324,0,0,1,0,0,0,0
4,0.6,822,44.33333,1.8,569,14.0,1204,22.0,1396,429,25.6,46.8,1.5111,0,0,1,0,0,0,0
5,0.63333,860,43.33333,2.5,623,51.0,1097,59.0,1466,552,25.3,47.6,1.5159,0,0,1,0,0,0,0
6,1.2,1023,108.33333,6.8,847,120.0,830,102.0,1663,916,25.4,48.5,1.5507,0,0,1,0,0,0,0
7,2.3,1150,266.0,11.2,1020,180.0,686,116.0,1842,1169,26.5,46.3,1.5768,0,0,1,0,0,0,0
8,2.23333,1088,222.33333,9.7,965,168.0,734,109.0,1744,1049,27.9,42.7,1.5754,0,0,1,0,0,0,0
9,1.93333,993,185.33333,7.2,866,111.0,832,98.0,1637,823,28.8,38.9,1.5184,0,0,1,0,0,0,0
10,2.03333,962,157.33333,6.8,849,111.0,861,97.0,1559,804,31.7,31.5,1.4487,0,0,1,0,0,0,0
11,1.86667,974,168.33333,8.1,905,97.0,838,97.0,1596,805,33.9,26.9,1.3964,0,0,1,0,0,0,0
12,1.4,998,114.33333,8.3,913,90.0,834,90.0,1635,826,34.7,26.5,1.4408,0,0,1,0,0,0,0
13,1.56667,964,95.33333,8.6,923,87.0,834,92.0,1590,782,35.4,24.8,1.4017,0,0,1,0,0,0,0
14,1.13333,903,66.0,5.3,780,67.0,975,76.0,1464,593,35.2,24.1,1.351,0,0,1,0,0,0,0
15,0.93333,973,63.0,8.1,903,84.0,866,97.0,1563,698,36.3,22.8,1.3564,0,0,1,0,0,0,0
16,1.4,976,104.33333,8.2,907,86.0,867,101.0,1546,719,35.4,23.8,1.3443,0,0,1,0,0,0,0
17,2.16667,1026,197.0,12.0,1048,124.0,767,118.0,1651,912,34.6,23.5,1.2691,0,0,1,0,0,0,0
18,2.06667,1163,187.33333,17.6,1227,144.0,659,129.0,1931,1129,33.0,28.2,1.3921,0,0,1,0,0,0,0
19,2.36667,1082,220.0,14.5,1134,130.0,709,131.0,1763,1089,32.5,27.9,1.3373,0,0,1,0,0,0,0
20,2.83333,1029,235.0,11.8,1042,122.0,756,130.0,1697,1062,30.5,29.9,1.2875,0,0,1,0,0,0,0
21,1.73333,991,130.66667,9.4,953,82.0,815,106.0,1616,924,29.1,33.1,1.3126,0,0,1,0,0,0,0
22,2.16667,950,154.33333,7.0,856,62.0,881,92.0,1549,780,28.4,35.8,1.3665,0,0,1,0,0,0,0
23,1.7,997,133.66667,8.0,898,65.0,813,97.0,1613,856,27.7,37.9,1.3842,0,0,1,0,0,0,0
0,1.3,912,76.66667,6.0,810,52.0,873,80.0,1511,861,28.3,35.5,1.3414,0,0,0,1,0,0,0
1,0.86667,861,60.66667,4.3,729,22.0,942,40.0,1479,684,27.1,38.6,1.3632,0,0,0,1,0,0,0
2,0.93333,838,63.0,4.1,719,27.0,949,49.0,1466,707,25.8,40.9,1.3377,0,0,0,1,0,0,0
4,0.9,800,55.66667,2.4,615,29.0,1064,46.0,1396,614,24.6,43.4,1.3248,0,0,0,1,0,0,0
5,0.73333,825,52.66667,2.7,634,29.0,1035,37.0,1402,606,25.1,42.3,1.326,0,0,0,1,0,0,0
6,1.6,996,133.66667,6.9,853,135.0,796,92.0,1621,1023,23.1,48.8,1.3638,0,0,0,1,0,0,0
7,2.03333,1086,173.0,9.2,947,181.0,724,115.0,1724,1134,24.7,46.8,1.4337,0,0,0,1,0,0,0
8,1.93333,1041,185.33333,9.6,962,119.0,728,102.0,1694,936,24.6,45.1,1.3714,0,0,0,1,0,0,0
9,2.26667,991,181.0,9.1,944,116.0,765,104.0,1608,868,26.2,38.5,1.2932,0,0,0,1,0,0,0
10,2.56667,999,225.33333,9.3,953,143.0,780,109.0,1600,879,29.3,31.0,1.2445,0,0,0,1,0,0,0
11,1.7,981,133.66667,8.5,918,126.0,839,108.0,1572,785,31.2,26.6,1.192,0,0,0,1,0,0,0
12,1.46667,926,105.66667,6.9,853,94.0,894,90.0,1478,651,31.1,26.2,1.1619,0,0,0,1,0,0,0
13,1.2,939,80.0,6.9,853,96.0,890,81.0,1528,679,31.7,26.4,1.2153,0,0,0,1,0,0,0
14,1.03333,915,85.33333,6.4,828,90.0,928,87.0,1474,630,31.7,25.6,1.179,0,0,0,1,0,0,0
15,1.0,883,68.33333,6.2,820,93.0,942,82.0,1413,594,32.6,22.5,1.0901,0,0,0,1,0,0,0
16,1.13333,926,63.33333,7.3,869,101.0,925,99.0,1470,655,32.8,22.2,1.0835,0,0,0,1,0,0,0
17,1.06667,989,51.66667,10.7,1004,123.0,818,119.0,1577,783,32.4,22.4,1.0701,0,0,0,1,0,0,0
18,2.23333,1003,222.33333,11.9,1045,136.0,781,128.0,1602,865,31.4,22.7,1.027,0,0,0,1,0,0,0
19,1.93333,933,185.33333,10.6,1001,109.0,819,111.0,1536,776,28.4,24.7,0.9404,0,0,0,1,0,0,0
20,1.56667,912,118.33333,9.3,951,124.0,846,114.0,1479,861,27.7,24.2,0.882,0,0,0,1,0,0,0
21,1.83333,888,139.0,6.7,843,82.0,892,100.0,1438,729,26.1,28.3,0.9456,0,0,0,1,0,0,0
22,1.5,858,90.33333,7.2,866,69.0,874,88.0,1421,715,25.3,28.4,0.9041,0,0,0,1,0,0,0
23,1.46667,837,97.33333,5.9,809,60.0,940,78.0,1355,615,25.2,27.7,0.874,0,0,0,1,0,0,0
0,1.66667,902,109.0,8.7,929,90.0,835,101.0,1482,824,24.5,28.0,0.8489,0,0,0,0,1,0,0
1,1.33333,860,106.0,6.8,847,58.0,873,77.0,1426,748,23.6,31.9,0.9195,0,0,0,0,1,0,0
2,1.06667,794,69.66667,3.8,698,53.0,999,78.0,1336,767,22.8,34.7,0.9514,0,0,0,0,1,0,0
4,0.7,779,45.66667,3.2,663,45.0,1022,65.0,1337,671,20.5,41.2,0.9802,0,0,0,0,1,0,0
5,0.8,798,40.66667,3.9,706,61.0,977,74.0,1363,798,20.6,41.5,0.9982,0,0,0,0,1,0,0
6,2.3,851,239.66667,6.3,827,76.0,875,83.0,1449,912,20.2,42.5,0.9949,0,0,0,0,1,0,0
7,1.93333,1048,185.33333,13.6,1105,144.0,670,96.0,1726,1151,20.9,40.4,0.9884,0,0,0,0,1,0,0
8,4.0,1210,590.66667,26.7,1472,221.0,515,120.0,2112,1525,22.4,38.0,1.0201,0,0,0,0,1,0,0
9,4.0,1172,643.66667,22.8,1372,282.0,575,147.0,1964,1465,26.0,29.7,0.9831,0,0,0,0,1,0,0
10,2.2,1026,212.33333,16.2,1186,235.0,719,148.0,1662,1138,31.4,18.6,0.8398,0,0,0,0,1,0,0
11,1.56667,914,131.66667,10.4,994,113.0,872,91.0,1481,763,34.2,15.8,0.8371,0,0,0,0,1,0,0
12,1.36667,938,102.33333,11.3,1025,93.0,829,94.0,1517,753,35.4,15.3,0.8649,0,0,0,0,1,0,0
13,1.9,908,203.0,9.6,962,88.0,877,95.0,1409,665,34.6,15.5,0.8435,0,0,0,0,1,0,0
14,1.86667,892,178.66667,7.8,889,87.0,909,92.0,1383,597,33.9,16.2,0.8454,0,0,0,0,1,0,0
15,1.8,949,160.33333,10.7,1003,109.0,830,113.0,1473,730,35.3,15.0,0.8463,0,0,0,0,1,0,0
16,1.73333,956,164.0,10.8,1007,106.0,838,111.0,1464,730,36.8,13.7,0.8335,0,0,0,0,1,0,0
17,2.43333,1070,247.33333,17.3,1218,182.0,704,166.0,1697,1108,34.4,16.4,0.8761,0,0,0,0,1,0,0
19,2.73333,1074,334.33333,15.5,1166,144.0,687,143.0,1713,1013,32.3,20.7,0.9875,0,0,0,0,1,0,0
20,2.3,1086,227.33333,13.6,1105,144.0,710,131.0,1682,1109,29.6,26.1,1.0682,0,0,0,0,1,0,0
21,2.06667,960,200.66667,9.6,964,84.0,780,102.0,1532,913,28.6,27.2,1.048,0,0,0,0,1,0,0
22,1.63333,974,129.33333,9.5,958,74.0,783,94.0,1528,908,27.6,27.4,0.9926,0,0,0,0,1,0,0
23,2.16667,939,154.33333,8.5,918,80.0,805,96.0,1472,923,26.3,29.0,0.9807,0,0,0,0,1,0,0
0,2.1,954,157.66667,9.0,940,78.0,776,88.0,1518,959,25.4,30.1,0.9602,0,0,0,0,0,1,0
1,1.56667,925,80.66667,7.8,890,50.0,808,72.0,1480,898,24.7,32.1,0.9878,0,0,0,0,0,1,0
2,0.83333,797,42.33333,2.6,624,18.0,1074,33.0,1276,546,25.7,30.9,1.0048,0,0,0,0,0,1,0
4,0.8,774,53.0,1.9,577,21.0,1158,33.0,1265,488,23.9,34.4,1.0079,0,0,0,0,0,1,0
5,0.93333,838,63.0,3.7,693,62.0,995,60.0,1371,704,21.4,40.3,1.0157,0,0,0,0,0,1,0
6,1.53333,918,145.0,7.1,860,74.0,807,72.0,1488,943,21.2,41.2,1.0246,0,0,0,0,0,1,0
7,3.1,1125,369.33333,16.6,1199,171.0,601,97.0,1850,1304,21.6,40.9,1.0468,0,0,0,0,0,1,0
8,4.16667,1281,641.33333,26.6,1469,287.0,491,136.0,2179,1669,24.0,36.6,1.0763,0,0,0,0,0,1,0
9,3.63333,1145,550.33333,17.9,1238,230.0,600,140.0,1809,1507,26.8,29.5,1.0209,0,0,0,0,0,1,0
10,2.53333,1088,208.66667,17.9,1238,261.0,654,171.0,1709,1359,31.8,19.4,0.8936,0,0,0,0,0,1,0
11,2.0,1043,164.33333,14.0,1117,178.0,742,150.0,1586,1076,34.4,16.6,0.8892,0,0,0,0,0,1,0
12,1.56667,998,138.0,10.1,981,116.0,786,117.0,1480,797,35.3,16.7,0.9402,0,0,0,0,0,1,0
13,1.63333,998,152.0,9.5,958,96.0,800,106.0,1484,677,36.4,16.8,1.0033,0,0,0,0,0,1,0
14,1.8,960,179.33333,7.1,860,83.0,887,95.0,1417,559,34.8,19.5,1.0667,0,0,0,0,0,1,0
15,1.96667,1062,174.0,12.3,1060,120.0,725,137.0,1601,830,38.6,16.1,1.0853,0,0,0,0,0,1,0
16,1.73333,1050,163.33333,11.7,1039,108.0,756,129.0,1558,734,38.5,16.5,1.1037,0,0,0,0,0,1,0
17,2.66667,1096,313.0,12.8,1078,115.0,713,135.0,1600,801,37.4,18.1,1.1467,0,0,0,0,0,1,0
18,2.7,1081,285.33333,14.0,1117,102.0,689,127.0,1668,828,35.7,19.8,1.1399,0,0,0,0,0,1,0
19,2.43333,1096,242.0,13.9,1112,118.0,687,122.0,1694,865,32.0,24.9,1.1663,0,0,0,0,0,1,0
20,2.63333,1051,283.66667,11.7,1039,107.0,720,118.0,1641,916,29.7,28.1,1.1544,0,0,0,0,0,1,0
21,1.73333,1106,130.66667,13.8,1109,129.0,658,135.0,1752,1106,28.5,32.1,1.2296,0,0,0,0,0,1,0
22,2.5,1177,201.66667,14.8,1142,133.0,601,134.0,1868,1226,27.6,40.5,1.4715,0,0,0,0,0,1,0
23,2.3,1111,193.33333,11.9,1046,98.0,651,105.0,1754,1106,26.3,45.6,1.5349,0,0,0,0,0,1,0
0,1.93333,1083,113.66667,11.1,1019,110.0,677,104.0,1720,1087,25.7,46.1,1.5025,0,0,0,0,0,0,1
1,1.6,1005,115.33333,8.0,900,62.0,747,81.0,1620,1000,25.1,46.3,1.4486,0,0,0,0,0,0,1
2,1.2,942,108.33333,5.6,791,55.0,841,69.0,1551,859,23.5,51.3,1.467,0,0,0,0,0,0,1
4,0.9,867,68.0,3.5,680,35.0,932,51.0,1477,777,23.7,51.2,1.4795,0,0,0,0,0,0,1
5,0.96667,882,57.33333,4.1,716,52.0,894,52.0,1494,790,23.0,52.2,1.4516,0,0,0,0,0,0,1
6,1.3,894,127.0,4.9,761,36.0,862,48.0,1504,768,23.0,49.9,1.3849,0,0,0,0,0,0,1
7,2.73333,1263,304.66667,19.4,1279,182.0,559,105.0,2132,1388,23.0,50.9,1.4105,0,0,0,0,0,0,1
8,4.2,1380,626.66667,26.3,1463,297.0,470,150.0,2322,1691,24.4,49.3,1.4814,0,0,0,0,0,0,1
9,4.13333,1333,615.0,22.0,1350,237.0,511,160.0,2186,1655,26.8,46.6,1.6157,0,0,0,0,0,0,1
10,3.43333,1264,435.66667,18.1,1244,235.0,584,167.0,1972,1496,32.2,32.6,1.5412,0,0,0,0,0,0,1
11,2.06667,1115,213.66667,12.1,1053,158.0,686,141.0,1722,1086,34.8,26.0,1.4241,0,0,0,0,0,0,1
12,1.8,1078,170.33333,9.4,956,89.0,742,104.0,1628,763,36.1,24.8,1.4628,0,0,0,0,0,0,1
13,2.1,1055,201.33333,10.1,980,80.0,742,101.0,1610,688,37.7,21.8,1.3977,0,0,0,0,0,0,1
14,1.73333,1031,157.33333,10.5,995,93.0,752,118.0,1580,694,36.9,21.8,1.3384,0,0,0,0,0,0,1
15,2.03333,1033,198.66667,10.8,1006,96.0,749,121.0,1564,725,39.1,18.7,1.2884,0,0,0,0,0,0,1
16,1.73333,1043,156.33333,9.6,962,98.0,777,124.0,1554,686,39.3,18.9,1.318,0,0,0,0,0,0,1
17,2.46667,1118,264.33333,13.0,1084,104.0,684,127.0,1723,838,38.2,21.8,1.4312,0,0,0,0,0,0,1
18,3.1,1137,388.66667,15.5,1165,121.0,649,137.0,1840,974,36.6,23.3,1.4042,0,0,0,0,0,0,1
19,2.76667,1153,270.0,16.5,1194,116.0,628,137.0,1874,1038,33.3,28.7,1.4454,0,0,0,0,0,0,1
20,1.83333,1145,169.33333,14.5,1134,121.0,647,135.0,1828,1108,30.9,34.2,1.5064,0,0,0,0,0,0,1
21,2.33333,1149,253.66667,13.2,1092,114.0,667,118.0,1808,1135,29.1,38.9,1.5384,0,0,0,0,0,0,1
22,2.86667,1149,199.33333,14.8,1143,112.0,620,111.0,1827,1143,28.1,40.3,1.5086,0,0,0,0,0,0,1
23,1.86667,1052,168.33333,10.7,1002,81.0,716,85.0,1667,908,27.0,41.6,1.4596,0,0,0,0,0,0,1
1,1.2,935,89.0,6.4,832,81.0,809,77.0,1566,778,25.7,46.8,1.523,1,0,0,0,0,0,0
2,1.06667,935,68.66667,5.5,787,43.0,864,56.0,1588,728,25.1,51.1,1.6044,1,0,0,0,0,0,0
4,0.7,880,38.0,3.9,704,26.0,913,37.0,1529,676,23.8,55.3,1.6068,1,0,0,0,0,0,0
5,0.8,916,53.33333,4.7,748,40.0,878,49.0,1559,742,23.7,54.6,1.5823,1,0,0,0,0,0,0
6,1.2,975,80.66667,7.3,871,72.0,771,71.0,1666,942,22.6,58.8,1.5903,1,0,0,0,0,0,0
7,1.0,948,160.0,6.4,829,68.0,801,71.0,1600,926,24.0,53.4,1.5748,1,0,0,0,0,0,0
8,1.5,1069,186.0,9.2,947,89.0,728,86.0,1763,1039,25.2,51.0,1.6131,1,0,0,0,0,0,0
9,2.8,1210,377.66667,12.5,1067,151.0,642,125.0,1879,1158,27.3,47.1,1.6807,1,0,0,0,0,0,0
10,3.4,1272,314.33333,15.7,1170,215.0,620,160.0,1957,1347,32.8,33.4,1.633,1,0,0,0,0,0,0
11,3.3,1240,326.66667,15.9,1175,196.0,614,174.0,1895,1262,36.0,28.0,1.6304,1,0,0,0,0,0,0
12,2.9,1171,221.33333,14.6,1135,161.0,654,146.0,1797,1073,38.5,23.8,1.5944,1,0,0,0,0,0,0
13,2.2,1072,221.33333,11.7,1039,120.0,745,127.0,1611,817,39.8,20.5,1.4687,1,0,0,0,0,0,0
14,1.6,970,73.66667,7.4,873,88.0,859,114.0,1423,606,38.1,22.0,1.4402,1,0,0,0,0,0,0
15,0.9,938,80.33333,6.1,816,38.0,917,65.0,1418,506,40.0,20.0,1.4517,1,0,0,0,0,0,0
16,1.1,976,85.33333,6.9,852,47.0,866,77.0,1467,559,40.4,19.8,1.4724,1,0,0,0,0,0,0
17,1.0,958,66.66667,6.2,820,40.0,886,68.0,1452,530,39.1,20.7,1.427,1,0,0,0,0,0,0
18,1.3,1014,68.0,8.1,903,58.0,816,92.0,1554,612,37.3,24.3,1.5222,1,0,0,0,0,0,0
19,1.6,1091,199.0,10.2,987,71.0,737,104.0,1711,774,34.0,30.9,1.6158,1,0,0,0,0,0,0
20,1.8,1080,223.66667,10.7,1004,90.0,724,114.0,1704,899,31.8,34.5,1.5911,1,0,0,0,0,0,0
21,2.2,1128,222.33333,13.0,1082,95.0,675,105.0,1817,1066,30.1,37.7,1.5799,1,0,0,0,0,0,0
22,1.8,1105,186.0,11.4,1027,85.0,684,85.0,1758,1040,28.6,42.3,1.6251,1,0,0,0,0,0,0
23,2.3,1141,198.0,13.3,1095,119.0,642,92.0,1816,1139,27.7,44.6,1.6304,1,0,0,0,0,0,0
0,2.0,1104,253.33333,11.2,1020,106.0,681,82.0,1771,1086,26.6,47.5,1.6265,0,1,0,0,0,0,0
1,1.8,1065,166.66667,9.8,970,77.0,698,70.0,1724,1049,25.7,50.7,1.6491,0,1,0,0,0,0,0
2,0.9,971,73.66667,6.2,821,28.0,820,40.0,1637,811,25.1,53.9,1.689,0,1,0,0,0,0,0
4,0.6,936,73.66667,4.0,713,21.0,883,26.0,1584,723,23.5,63.6,1.8223,0,1,0,0,0,0,0
5,0.4,845,53.66667,2.6,625,17.0,993,21.0,1513,646,24.3,59.4,1.7838,0,1,0,0,0,0,0
6,0.4,872,49.66667,2.6,627,24.0,997,30.0,1530,670,23.3,62.0,1.7547,0,1,0,0,0,0,0
7,0.4,903,45.66667,2.9,648,19.0,975,21.0,1559,603,24.1,63.1,1.8619,0,1,0,0,0,0,0
8,0.8,971,82.33333,4.2,722,39.0,876,35.0,1624,687,25.0,60.7,1.892,0,1,0,0,0,0,0
9,0.8,1006,125.66667,5.5,789,46.0,824,36.0,1657,733,27.3,52.4,1.8707,0,1,0,0,0,0,0
10,0.9,1012,92.66667,5.8,804,53.0,832,48.0,1638,766,32.4,37.3,1.7808,0,1,0,0,0,0,0
11,0.7,975,62.66667,4.5,737,32.0,896,39.0,1531,621,35.4,31.3,1.7736,0,1,0,0,0,0,0
12,0.6,944,76.66667,4.3,730,30.0,933,34.0,1495,560,37.4,28.2,1.7808,0,1,0,0,0,0,0
13,0.5,857,58.66667,3.5,685,24.0,1055,33.0,1331,451,39.2,20.2,1.4104,0,1,0,0,0,0,0
14,0.6,824,42.0,3.5,683,34.0,1119,42.0,1270,393,38.1,18.5,1.2141,0,1,0,0,0,0,0
15,0.7,868,52.0,3.9,707,63.0,1063,85.0,1325,417,40.2,17.7,1.2989,0,1,0,0,0,0,0
16,0.9,908,68.66667,4.7,748,69.0,1020,92.0,1373,451,39.7,19.1,1.3646,0,1,0,0,0,0,0
17,0.9,912,61.0,5.3,776,61.0,991,84.0,1379,461,38.5,19.8,1.326,0,1,0,0,0,0,0
18,1.2,986,96.0,6.4,830,73.0,906,100.0,1482,536,36.6,24.6,1.4872,0,1,0,0,0,0,0
19,1.4,1037,119.0,8.0,900,75.0,817,95.0,1584,619,33.1,32.7,1.62,0,1,0,0,0,0,0
20,1.5,1088,239.66667,9.2,948,69.0,743,77.0,1667,766,30.7,38.7,1.678,0,1,0,0,0,0,0
21,1.7,1093,239.66667,9.1,944,71.0,711,85.0,1655,785,29.5,42.7,1.7316,0,1,0,0,0,0,0
22,1.7,1142,231.66667,9.1,945,73.0,682,83.0,1736,793,27.8,52.6,1.9398,0,1,0,0,0,0,0
23,1.7,1170,217.0,9.5,959,86.0,666,88.0,1798,838,27.4,55.5,1.9998,0,1,0,0,0,0,0
0,1.9,1142,189.0,9.1,945,65.0,672,68.0,1775,799,27.3,57.1,2.0426,0,0,1,0,0,0,0
1,1.2,986,74.33333,5.0,762,74.0,821,97.0,1573,553,26.7,60.1,2.067,0,0,1,0,0,0,0
2,0.7,942,73.66667,3.7,696,45.0,916,51.0,1542,465,26.2,61.6,2.0575,0,0,1,0,0,0,0
4,0.2,854,44.33333,1.6,553,2.0,1203,5.0,1418,396,25.5,61.8,1.9831,0,0,1,0,0,0,0
5,0.4,910,53.66667,2.7,630,29.0,1061,35.0,1504,468,25.1,62.4,1.9602,0,0,1,0,0,0,0
6,0.8,1005,99.33333,5.6,791,42.0,829,56.0,1650,638,24.6,62.7,1.9158,0,0,1,0,0,0,0
7,1.9,1193,322.0,13.0,1085,146.0,610,110.0,1947,1097,25.7,58.9,1.9156,0,0,1,0,0,0,0
9,1.9,1180,360.0,11.5,1031,163.0,633,124.0,1866,1067,28.4,50.7,1.9329,0,0,1,0,0,0,0
10,1.9,1134,186.0,11.1,1017,144.0,689,115.0,1774,964,32.7,36.9,1.7953,0,0,1,0,0,0,0
11,1.9,1113,290.66667,11.0,1013,125.0,702,119.0,1781,903,34.0,32.7,1.7146,0,0,1,0,0,0,0
12,1.7,1084,192.33333,10.7,1004,90.0,706,107.0,1761,839,35.6,29.2,1.6684,0,0,1,0,0,0,0
13,1.4,1009,101.33333,8.5,921,76.0,778,99.0,1635,692,37.1,25.6,1.5868,0,0,1,0,0,0,0
14,1.2,1002,101.66667,8.7,928,73.0,798,95.0,1636,629,36.1,26.4,1.5505,0,0,1,0,0,0,0
15,1.4,1007,141.33333,9.4,956,73.0,763,105.0,1654,666,37.9,23.8,1.5392,0,0,1,0,0,0,0
16,1.4,996,128.33333,9.5,959,80.0,779,117.0,1636,684,38.0,22.2,1.4483,0,0,1,0,0,0,0
17,1.9,1050,130.66667,12.9,1082,121.0,705,157.0,1731,816,36.9,22.7,1.3887,0,0,1,0,0,0,0
18,2.2,1100,219.66667,13.7,1107,129.0,676,173.0,1801,876,35.5,25.7,1.4626,0,0,1,0,0,0,0
19,1.9,1085,129.66667,12.2,1057,103.0,689,139.0,1775,836,32.8,32.2,1.5779,0,0,1,0,0,0,0
20,1.7,1079,222.33333,11.8,1042,87.0,697,116.0,1773,846,30.5,38.2,1.6376,0,0,1,0,0,0,0
21,1.2,1086,264.0,9.9,974,58.0,707,91.0,1733,795,28.8,43.5,1.6989,0,0,1,0,0,0,0
22,0.3,1092,231.0,10.7,1005,64.0,669,98.0,1746,836,28.0,46.2,1.721,0,0,1,0,0,0,0
23,0.1,1097,165.66667,9.4,956,58.0,708,93.0,1724,818,27.1,49.4,1.7398,0,0,1,0,0,0,0
0,0.1,1075,97.33333,8.1,904,44.0,720,74.0,1692,777,26.4,52.2,1.7708,0,0,0,1,0,0,0
1,1.73333,1008,113.33333,6.6,838,28.0,774,50.0,1640,733,26.2,52.3,1.7561,0,0,0,1,0,0,0
2,1.03333,895,62.33333,3.3,672,19.0,941,36.0,1469,703,27.1,47.4,1.6809,0,0,0,1,0,0,0
4,0.76667,866,42.33333,2.3,603,48.0,1077,55.0,1459,589,25.8,50.9,1.6605,0,0,0,1,0,0,0
5,0.8,872,53.66667,2.5,617,77.0,1026,86.0,1456,585,27.2,47.2,1.6803,0,0,0,1,0,0,0
6,0.76667,922,48.0,3.2,664,110.0,973,137.0,1503,644,27.0,48.3,1.6946,0,0,0,1,0,0,0
7,2.73333,1362,304.66667,19.3,1277,282.0,529,140.0,2188,1392,25.9,51.5,1.7,0,0,0,1,0,0,0
8,4.23333,1349,661.33333,21.3,1333,275.0,487,142.0,2256,1533,27.4,48.6,1.7447,0,0,0,1,0,0,0
9,2.93333,1298,354.66667,17.2,1215,253.0,539,185.0,2068,1404,29.1,45.5,1.7998,0,0,0,1,0,0,0
10,3.06667,1234,375.66667,15.2,1154,211.0,596,173.0,1965,1204,32.8,36.9,1.803,0,0,0,1,0,0,0
11,1.66667,1147,133.66667,10.6,999,176.0,697,158.0,1788,915,34.7,32.1,1.741,0,0,0,1,0,0,0
12,2.03333,1173,212.0,12.3,1061,153.0,650,127.0,1858,940,33.7,35.1,1.8022,0,0,0,1,0,0,0
13,1.83333,1118,174.66667,10.5,995,144.0,689,111.0,1779,863,35.1,32.4,1.7996,0,0,0,1,0,0,0
14,1.8,1078,179.33333,9.3,951,127.0,722,114.0,1718,747,35.4,30.9,1.7505,0,0,0,1,0,0,0
15,2.06667,1076,203.66667,9.3,951,112.0,730,109.0,1675,704,36.5,28.7,1.7256,0,0,0,1,0,0,0
17,1.96667,1117,181.66667,12.1,1052,148.0,671,137.0,1780,824,37.5,24.4,1.5515,0,0,0,1,0,0,0
18,2.73333,1166,350.0,13.7,1108,140.0,622,134.0,1854,913,35.5,28.9,1.6468,0,0,0,1,0,0,0
19,2.93333,1157,331.0,12.9,1082,125.0,631,114.0,1854,907,31.9,37.5,1.7442,0,0,0,1,0,0,0
20,2.8,1136,277.33333,10.3,990,111.0,672,100.0,1807,918,30.1,45.0,1.8891,0,0,0,1,0,0,0
21,2.06667,1122,183.66667,9.5,959,102.0,685,92.0,1798,914,28.8,48.9,1.9105,0,0,0,1,0,0,0
22,1.86667,1121,148.33333,10.3,989,108.0,659,97.0,1821,955,28.8,48.8,1.9039,0,0,0,1,0,0,0
23,2.03333,1150,167.0,11.2,1020,132.0,645,111.0,1835,1063,28.0,49.0,1.8237,0,0,0,1,0,0,0
0,1.86667,1074,163.0,9.2,949,104.0,678,89.0,1751,982,27.5,51.5,1.8664,0,0,0,0,1,0,0
1,1.33333,1039,97.0,8.0,899,92.0,714,87.0,1717,914,27.3,51.5,1.844,0,0,0,0,1,0,0
2,1.36667,963,86.66667,5.8,804,78.0,791,69.0,1658,861,26.7,53.3,1.8366,0,0,0,0,1,0,0
11,1.33333,1117,103.0,11.2,1020,104.0,706,115.0,1731,973,35.8,28.7,1.6626,0,0,0,0,0,1,0
12,2.03333,1108,221.33333,10.2,985,98.0,727,108.0,1708,1001,36.8,27.2,1.6623,0,0,0,0,0,1,0
13,1.4,1038,124.0,8.2,906,66.0,808,86.0,1567,747,38.3,24.5,1.622,0,0,0,0,0,1,0
14,1.4,985,99.66667,6.6,838,60.0,850,84.0,1541,653,34.2,30.8,1.6299,0,0,0,0,0,1,0
15,1.73333,1100,122.66667,6.4,832,85.0,767,97.0,1695,934,28.7,51.4,1.9871,0,0,0,0,0,1,0
16,1.73333,1067,169.33333,7.0,855,90.0,748,102.0,1700,811,23.9,69.1,2.0202,0,0,0,0,0,1,0
17,2.53333,1140,211.66667,9.6,963,122.0,669,102.0,1815,918,21.5,78.8,1.9939,0,0,0,0,0,1,0
18,2.1,1113,179.66667,9.4,954,117.0,682,99.0,1801,899,21.6,78.5,1.994,0,0,0,0,0,1,0
19,2.26667,1124,208.33333,10.2,984,115.0,678,97.0,1826,902,21.5,78.4,1.9818,0,0,0,0,0,1,0
20,1.93333,1056,169.33333,7.7,886,127.0,732,101.0,1721,900,20.8,80.9,1.9637,0,0,0,0,0,1,0
21,1.66667,1002,136.0,5.4,783,79.0,805,92.0,1623,875,20.7,81.8,1.9717,0,0,0,0,0,1,0
22,2.2,971,214.33333,5.5,789,61.0,816,70.0,1594,879,23.1,70.1,1.9582,0,0,0,0,0,1,0
23,2.2,1001,211.33333,5.7,799,67.0,829,72.0,1619,859,22.7,68.4,1.8627,0,0,0,0,0,1,0
0,1.53333,1058,107.0,7.2,867,93.0,731,80.0,1685,1048,22.1,72.6,1.9105,0,0,0,0,0,0,1
1,2.3,1030,195.0,6.8,848,77.0,734,71.0,1691,1048,21.8,74.1,1.915,0,0,0,0,0,0,1
2,1.7,950,141.0,5.0,762,60.0,827,69.0,1616,959,21.9,72.8,1.8944,0,0,0,0,0,0,1
4,1.66667,893,105.66667,3.4,676,45.0,930,55.0,1567,859,21.4,75.5,1.9033,0,0,0,0,0,0,1
5,0.7,938,115.0,4.4,734,65.0,847,57.0,1607,947,21.4,75.5,1.9069,0,0,0,0,0,0,1
6,1.2,1065,231.0,7.7,889,94.0,722,56.0,1760,1081,21.9,74.9,1.9396,0,0,0,0,0,0,1
7,2.3,1240,228.33333,13.6,1102,205.0,588,72.0,1989,1257,22.0,75.9,1.9817,0,0,0,0,0,0,1
8,3.0,1307,590.66667,19.1,1270,240.0,516,84.0,2191,1404,22.5,74.9,2.019,0,0,0,0,0,0,1
9,2.9,1229,476.33333,16.3,1188,237.0,557,97.0,2033,1412,24.5,66.2,2.0011,0,0,0,0,0,0,1
10,2.6,1220,446.0,14.2,1122,245.0,601,107.0,1974,1428,25.6,61.2,1.9808,0,0,0,0,0,0,1
11,2.6,1218,490.0,15.6,1168,206.0,607,117.0,2000,1451,29.3,48.4,1.9367,0,0,0,0,0,0,1
12,2.6,1171,368.0,14.4,1129,156.0,631,120.0,1911,1346,33.5,36.0,1.8395,0,0,0,0,0,0,1
13,2.1,1067,360.66667,10.5,995,126.0,717,110.0,1730,1093,35.6,29.8,1.7045,0,0,0,0,0,0,1
14,1.7,1054,194.33333,10.2,985,108.0,735,104.0,1742,940,33.7,33.4,1.7186,0,0,0,0,0,0,1
15,1.9,1051,157.0,10.7,1003,102.0,711,110.0,1715,909,34.1,33.3,1.7509,0,0,0,0,0,0,1
16,2.5,1103,197.0,11.6,1035,110.0,672,111.0,1834,1005,31.5,43.5,1.9797,0,0,0,0,0,0,1
17,1.1,970,191.33333,7.9,894,57.0,761,64.0,1649,756,32.5,40.6,1.9481,0,0,0,0,0,0,1
18,2.1,1100,216.0,11.7,1038,109.0,668,92.0,1873,1080,29.8,45.2,1.8642,0,0,0,0,0,0,1
19,2.6,1129,200.33333,14.6,1137,151.0,606,114.0,1952,1220,27.7,49.9,1.8189,0,0,0,0,0,0,1
20,2.6,1126,291.0,13.2,1089,153.0,620,116.0,1886,1208,26.4,54.6,1.8459,0,0,0,0,0,0,1
21,1.7,1019,215.66667,9.8,971,103.0,692,94.0,1760,1057,25.5,58.0,1.8611,0,0,0,0,0,0,1
22,1.5,1011,254.33333,8.8,930,76.0,728,77.0,1723,1009,25.1,59.9,1.8797,0,0,0,0,0,0,1
23,1.8,1039,192.33333,10.4,991,93.0,685,74.0,1820,1088,24.1,63.5,1.8828,0,0,0,0,0,0,1
0,1.4,974,148.33333,8.5,920,75.0,718,62.0,1755,1062,23.8,65.0,1.8897,1,0,0,0,0,0,0
1,1.2,925,113.33333,6.4,831,57.0,789,57.0,1662,975,23.4,64.9,1.843,1,0,0,0,0,0,0
2,0.7,810,67.66667,3.4,674,32.0,976,45.0,1530,793,24.4,58.6,1.7714,1,0,0,0,0,0,0
4,0.7,813,45.0,2.9,645,42.0,990,49.0,1530,802,21.9,67.1,1.7414,1,0,0,0,0,0,0
5,0.5,788,65.0,2.3,604,37.0,1068,45.0,1507,754,23.6,61.2,1.7588,1,0,0,0,0,0,0
6,0.6,815,45.66667,3.3,670,44.0,971,44.0,1538,774,22.6,63.4,1.7136,1,0,0,0,0,0,0
7,0.9,868,95.0,5.1,771,51.0,840,43.0,1608,860,22.9,62.6,1.7253,1,0,0,0,0,0,0
8,1.2,951,173.0,7.7,886,74.0,742,51.0,1705,988,23.3,61.8,1.7504,1,0,0,0,0,0,0
9,2.0,1075,222.33333,10.5,996,115.0,649,84.0,1838,1113,25.4,56.2,1.7961,1,0,0,0,0,0,0
10,1.9,1058,171.33333,10.9,1012,109.0,676,96.0,1782,1063,30.6,41.9,1.8104,1,0,0,0,0,0,0
11,1.7,1012,170.0,8.4,914,80.0,760,88.0,1653,858,33.5,34.0,1.73,1,0,0,0,0,0,0
12,1.2,929,115.0,6.0,811,57.0,862,67.0,1541,642,35.5,29.8,1.7004,1,0,0,0,0,0,0
13,1.1,902,74.66667,6.0,813,56.0,875,64.0,1518,588,37.5,24.7,1.5637,1,0,0,0,0,0,0
14,1.0,836,65.66667,4.7,750,43.0,960,54.0,1390,484,35.1,25.2,1.402,1,0,0,0,0,0,0
15,1.0,858,61.33333,5.3,776,43.0,947,56.0,1431,498,38.1,21.1,1.3863,1,0,0,0,0,0,0
16,1.0,886,85.0,5.8,803,51.0,939,68.0,1460,538,38.5,21.8,1.4653,1,0,0,0,0,0,0
17,1.2,974,96.66667,6.5,833,46.0,864,67.0,1577,565,36.8,29.5,1.8037,1,0,0,0,0,0,0
18,1.6,1008,87.33333,8.4,915,71.0,783,95.0,1643,672,34.9,33.4,1.8384,1,0,0,0,0,0,0
19,1.6,990,112.66667,8.3,912,65.0,777,86.0,1648,689,32.2,37.4,1.7655,1,0,0,0,0,0,0
20,1.6,981,216.66667,8.4,917,78.0,740,93.0,1649,714,29.7,41.7,1.7081,1,0,0,0,0,0,0
21,1.3,954,202.66667,6.4,828,51.0,793,68.0,1589,631,27.7,47.4,1.7344,1,0,0,0,0,0,0
22,1.9,1030,231.66667,10.3,988,84.0,686,95.0,1751,829,27.3,49.4,1.7602,1,0,0,0,0,0,0
23,1.9,1033,221.33333,10.9,1011,89.0,681,93.0,1768,875,26.3,51.3,1.7251,1,0,0,0,0,0,0
0,1.5,963,166.66667,7.4,872,65.0,767,69.0,1617,803,25.7,54.1,1.7546,0,1,0,0,0,0,0
1,1.1,918,84.66667,5.8,805,43.0,816,55.0,1571,759,25.4,55.1,1.7628,0,1,0,0,0,0,0
2,0.8,868,71.66667,4.5,736,32.0,894,39.0,1548,638,24.9,57.3,1.7822,0,1,0,0,0,0,0
4,0.6,813,74.66667,2.4,609,22.0,1017,33.0,1473,615,23.9,61.2,1.7871,0,1,0,0,0,0,0
5,0.6,815,40.0,2.4,616,21.0,1080,29.0,1532,596,23.8,61.3,1.7881,0,1,0,0,0,0,0
6,0.7,815,45.66667,2.6,627,27.0,1049,36.0,1518,650,23.4,61.7,1.7495,0,1,0,0,0,0,0
7,0.6,835,40.66667,2.8,638,31.0,1024,38.0,1506,655,24.3,58.4,1.7508,0,1,0,0,0,0,0
8,1.0,921,135.66667,4.5,738,46.0,901,47.0,1585,779,25.1,56.6,1.7798,0,1,0,0,0,0,0
9,1.2,963,127.66667,5.2,774,62.0,839,64.0,1621,758,27.3,51.3,1.835,0,1,0,0,0,0,0
10,1.0,935,71.0,4.2,724,43.0,936,49.0,1574,598,29.5,45.9,1.8662,0,1,0,0,0,0,0
11,1.3,1007,79.66667,4.8,751,53.0,849,64.0,1649,643,27.6,52.4,1.9055,0,1,0,0,0,0,0
12,1.4,1032,129.33333,4.6,744,87.0,813,79.0,1695,778,25.4,68.0,2.1806,0,1,0,0,0,0,0
13,0.8,901,103.66667,3.6,689,36.0,964,45.0,1543,522,32.2,40.3,1.8999,0,1,0,0,0,0,0
14,0.6,851,58.0,2.6,627,21.0,1129,30.0,1433,419,31.6,38.9,1.7838,0,1,0,0,0,0,0
15,0.7,877,60.66667,3.0,655,27.0,1061,35.0,1471,444,33.0,37.3,1.8481,0,1,0,0,0,0,0
16,0.8,909,87.66667,3.6,690,29.0,1039,37.0,1488,474,35.1,32.1,1.7841,0,1,0,0,0,0,0
17,0.9,908,51.33333,4.1,715,38.0,988,46.0,1479,495,35.0,31.1,1.7173,0,1,0,0,0,0,0
18,1.0,926,62.33333,5.0,763,41.0,949,54.0,1491,504,33.8,32.1,1.6596,0,1,0,0,0,0,0
19,1.5,1010,105.66667,6.5,836,66.0,848,79.0,1577,616,31.1,38.8,1.7295,0,1,0,0,0,0,0
20,1.5,1031,157.0,7.3,868,63.0,798,79.0,1634,690,29.0,46.1,1.8141,0,1,0,0,0,0,0
21,1.7,1070,241.33333,8.1,905,88.0,745,98.0,1702,846,28.1,50.6,1.8969,0,1,0,0,0,0,0
22,1.9,1124,217.0,10.4,992,87.0,660,93.0,1791,1013,27.1,54.7,1.9284,0,1,0,0,0,0,0
23,1.7,1066,192.33333,9.0,940,86.0,683,89.0,1744,978,26.6,56.4,1.9349,0,1,0,0,0,0,0
0,1.2,1001,101.33333,6.5,836,49.0,771,57.0,1662,821,25.8,60.4,1.9759,0,0,1,0,0,0,0
1,1.1,967,113.33333,6.3,824,40.0,774,51.0,1637,862,25.5,61.6,1.9804,0,0,1,0,0,0,0
2,0.8,901,64.0,4.4,733,27.0,888,39.0,1605,755,24.9,63.5,1.9647,0,0,1,0,0,0,0
4,1.03333,820,62.66667,2.2,598,23.0,1065,30.0,1511,684,23.8,65.7,1.9079,0,0,1,0,0,0,0
5,0.7,896,71.66667,3.7,694,58.0,941,46.0,1583,853,23.2,68.0,1.9045,0,0,1,0,0,0,0
6,1.2,996,59.66667,7.4,872,87.0,756,55.0,1727,990,23.2,67.5,1.899,0,0,1,0,0,0,0
7,2.3,1159,239.66667,15.1,1151,143.0,579,63.0,2005,1206,24.3,63.3,1.8929,0,0,1,0,0,0,0
8,2.5,1185,322.0,15.1,1152,96.0,578,42.0,2003,1274,25.5,59.7,1.9193,0,0,1,0,0,0,0
9,2.4,1168,350.33333,14.7,1138,16.0,585,5.0,1946,1336,27.7,52.5,1.9138,0,0,1,0,0,0,0
10,1.4,1044,268.0,9.8,970,54.0,715,39.0,1751,1068,31.8,38.9,1.8005,0,0,1,0,0,0,0
11,1.2,983,115.33333,8.0,897,42.0,800,39.0,1608,804,32.7,34.1,1.6592,0,0,1,0,0,0,0
12,1.6,1032,172.66667,8.3,912,72.0,764,71.0,1661,826,34.3,31.5,1.6745,0,0,1,0,0,0,0
13,1.4,1019,126.33333,7.7,889,54.0,787,65.0,1630,745,34.2,31.5,1.6675,0,0,1,0,0,0,0
14,1.2,982,100.33333,6.7,844,52.0,835,71.0,1567,638,33.9,32.3,1.6809,0,0,1,0,0,0,0
15,1.5,1016,119.33333,7.5,880,64.0,783,72.0,1617,684,34.4,31.9,1.7005,0,0,1,0,0,0,0
20,1.9,1091,111.33333,8.6,925,81.0,730,95.0,1685,1020,29.8,41.7,1.7167,0,0,1,0,0,0,0
21,1.6,1109,133.0,9.7,965,59.0,696,74.0,1742,1100,28.8,45.9,1.7884,0,0,1,0,0,0,0
22,1.5,1098,184.33333,9.1,944,69.0,687,76.0,1772,1086,28.2,51.1,1.9221,0,0,1,0,0,0,0
23,1.4,1088,222.33333,9.1,945,58.0,674,66.0,1765,1060,27.5,54.4,1.9705,0,0,1,0,0,0,0
0,1.0,1035,222.33333,7.0,859,33.0,732,49.0,1680,996,27.4,55.0,1.9827,0,0,0,1,0,0,0
1,0.7,942,181.33333,4.9,758,17.0,824,29.0,1567,856,28.1,51.6,1.9269,0,0,0,1,0,0,0
2,0.5,902,116.33333,3.5,680,6.0,919,11.0,1535,722,26.3,56.5,1.9027,0,0,0,1,0,0,0
4,0.5,875,69.66667,3.2,665,20.0,919,25.0,1559,772,24.4,63.6,1.9218,0,0,0,1,0,0,0
5,0.7,927,123.33333,4.7,747,58.0,830,34.0,1633,910,23.5,67.4,1.9305,0,0,0,1,0,0,0
6,1.2,1032,81.33333,7.6,883,106.0,718,42.0,1742,1051,23.4,65.7,1.872,0,0,0,1,0,0,0
7,2.2,1193,195.0,14.7,1139,143.0,563,47.0,2009,1257,24.5,61.3,1.8522,0,0,0,1,0,0,0
8,2.9,1268,322.0,18.7,1259,167.0,519,62.0,2114,1410,26.0,55.8,1.8536,0,0,0,1,0,0,0
9,2.6,1238,360.0,14.8,1144,188.0,565,81.0,1939,1433,28.5,48.5,1.8607,0,0,0,1,0,0,0
10,2.6,1230,323.66667,14.5,1133,164.0,604,90.0,1909,1413,33.6,35.7,1.8229,0,0,0,1,0,0,0
11,2.2,1161,253.33333,12.7,1074,128.0,646,95.0,1777,1206,36.5,28.9,1.7359,0,0,0,1,0,0,0
12,1.5,1048,137.66667,9.2,949,88.0,764,86.0,1607,831,39.0,23.7,1.6346,0,0,0,1,0,0,0
13,0.9,929,87.0,4.8,752,51.0,955,64.0,1385,544,38.8,23.7,1.6093,0,0,0,1,0,0,0
14,1.0,950,71.66667,5.4,783,52.0,914,62.0,1443,525,38.0,24.0,1.5686,0,0,0,1,0,0,0
15,1.1,1013,74.66667,7.2,864,59.0,819,75.0,1544,644,40.5,23.3,1.7416,0,0,0,1,0,0,0
16,1.2,1034,60.33333,6.7,845,67.0,841,88.0,1566,702,39.8,25.4,1.8213,0,0,0,1,0,0,0
17,1.8,1082,92.0,9.7,965,105.0,760,126.0,1649,844,39.6,23.3,1.6535,0,0,0,1,0,0,0
18,1.8,1110,106.0,10.9,1012,91.0,720,96.0,1725,905,38.8,24.7,1.6772,0,0,0,1,0,0,0
19,1.7,1118,222.33333,10.6,999,69.0,706,79.0,1766,878,34.7,35.9,1.9528,0,0,0,1,0,0,0
20,1.7,1136,241.33333,9.7,967,65.0,703,67.0,1801,927,32.3,43.6,2.07,0,0,0,1,0,0,0
21,1.6,1106,162.0,8.6,924,58.0,725,62.0,1757,910,30.7,48.1,2.0821,0,0,0,1,0,0,0
22,1.7,1151,192.33333,10.2,984,67.0,678,64.0,1823,1024,29.5,50.6,2.0492,0,0,0,1,0,0,0
23,1.8,1144,148.33333,10.5,997,64.0,669,63.0,1816,1021,28.8,52.0,2.0297,0,0,0,1,0,0,0
0,1.5,1118,130.33333,8.8,930,65.0,697,60.0,1748,1027,28.2,55.0,2.0697,0,0,0,0,1,0,0
1,1.2,1066,116.0,6.6,839,47.0,740,49.0,1700,993,27.2,59.1,2.0997,0,0,0,0,1,0,0
2,0.8,991,104.66667,5.3,778,29.0,797,36.0,1665,910,26.7,60.7,2.0977,0,0,0,0,1,0,0
4,0.5,903,53.66667,3.2,662,16.0,932,24.0,1590,760,26.4,61.6,2.0931,0,0,0,0,1,0,0
5,0.7,941,110.0,3.5,685,50.0,895,32.0,1632,834,25.9,63.6,2.102,0,0,0,0,1,0,0
6,1.1,1074,249.0,7.2,866,78.0,717,42.0,1768,1075,26.1,63.7,2.117,0,0,0,0,1,0,0
7,1.4,1114,239.66667,9.5,958,89.0,663,42.0,1836,1167,26.8,60.5,2.1008,0,0,0,0,1,0,0
8,1.7,1162,350.33333,11.1,1019,97.0,622,51.0,1904,1178,27.9,56.5,2.0895,0,0,0,0,1,0,0
9,1.8,1165,181.0,9.7,967,93.0,651,58.0,1825,1120,29.8,51.1,2.1054,0,0,0,0,1,0,0
10,1.8,1179,234.0,9.5,957,105.0,680,67.0,1819,1131,33.6,41.0,2.0995,0,0,0,0,1,0,0
11,1.7,1144,111.66667,8.3,913,89.0,715,68.0,1782,972,35.1,38.1,2.1144,0,0,0,0,1,0,0
12,1.3,1066,126.66667,6.0,813,63.0,792,56.0,1657,764,36.2,34.9,2.0578,0,0,0,0,1,0,0
13,1.3,1056,67.66667,5.8,802,52.0,824,47.0,1620,670,38.0,30.7,2.0022,0,0,0,0,1,0,0
14,1.0,995,81.33333,5.1,769,48.0,882,46.0,1576,615,36.6,30.8,1.8617,0,0,0,0,1,0,0
15,1.0,967,81.33333,4.5,740,50.0,926,50.0,1526,557,38.8,25.4,1.7282,0,0,0,0,1,0,0
16,1.4,1048,76.33333,6.6,839,80.0,845,65.0,1607,700,38.7,25.8,1.7426,0,0,0,0,1,0,0
17,1.6,1092,145.0,8.0,901,78.0,777,69.0,1691,734,37.4,29.9,1.8848,0,0,0,0,1,0,0
18,1.4,1056,132.33333,7.6,883,64.0,799,63.0,1672,684,36.2,31.1,1.8371,0,0,0,0,1,0,0
19,1.7,1100,186.0,10.1,982,84.0,720,69.0,1760,823,33.8,34.5,1.7788,0,0,0,0,1,0,0
20,1.4,1057,168.66667,7.8,890,72.0,778,57.0,1701,801,31.4,40.7,1.8377,0,0,0,0,1,0,0
21,1.5,1068,241.33333,8.4,917,70.0,736,59.0,1728,916,30.8,45.0,1.9733,0,0,0,0,1,0,0
22,1.4,1050,217.0,7.7,887,59.0,770,54.0,1696,820,29.4,50.0,2.0181,0,0,0,0,1,0,0
23,1.5,1074,189.0,7.6,884,63.0,764,57.0,1726,838,28.1,54.1,2.029,0,0,0,0,1,0,0
0,1.6,1053,166.66667,7.9,895,58.0,745,46.0,1727,882,27.3,57.8,2.0646,0,0,0,0,0,1,0
1,1.2,1003,100.66667,6.3,825,68.0,794,65.0,1716,801,26.7,60.6,2.0942,0,0,0,0,0,1,0
2,0.9,933,67.66667,3.8,701,57.0,906,62.0,1638,690,25.9,64.5,2.1247,0,0,0,0,0,1,0
4,0.86667,864,56.0,2.5,617,15.0,1027,25.0,1561,622,26.7,61.0,2.101,0,0,0,0,0,1,0
5,0.7,931,74.66667,4.2,721,47.0,888,37.0,1651,799,25.8,64.6,2.1195,0,0,0,0,0,1,0
6,0.7,921,168.66667,4.5,738,39.0,893,41.0,1623,818,26.5,60.6,2.063,0,0,0,0,0,1,0
7,1.7,1139,186.0,11.0,1013,87.0,672,60.0,1932,1034,26.4,61.7,2.0929,0,0,0,0,0,1,0
8,2.2,1205,515.33333,14.1,1118,122.0,585,65.0,2019,1189,27.5,60.1,2.1719,0,0,0,0,0,1,0
9,1.9,1126,186.0,9.5,957,122.0,694,71.0,1841,1034,29.4,53.1,2.1362,0,0,0,0,0,1,0
10,1.5,1066,163.66667,6.9,855,101.0,803,61.0,1712,929,33.4,39.9,2.0177,0,0,0,0,0,1,0
11,1.6,1069,182.33333,7.2,867,92.0,785,65.0,1717,880,33.2,39.2,1.9642,0,0,0,0,0,1,0
12,1.3,975,80.0,5.5,788,70.0,851,54.0,1629,701,34.5,35.1,1.8856,0,0,0,0,0,1,0
13,1.1,955,80.33333,5.1,766,58.0,898,58.0,1597,620,37.1,30.5,1.8962,0,0,0,0,0,1,0
14,1.0,949,81.33333,5.0,764,44.0,898,56.0,1579,573,35.9,32.1,1.8697,0,0,0,0,0,1,0
15,1.0,941,82.33333,5.6,792,44.0,897,60.0,1582,544,37.3,28.0,1.7537,0,0,0,0,0,1,0
16,1.1,942,85.33333,5.7,800,52.0,877,69.0,1567,581,38.1,26.3,1.7252,0,0,0,0,0,1,0
17,1.3,974,110.33333,7.0,855,53.0,836,67.0,1607,610,37.1,27.2,1.6844,0,0,0,0,0,1,0
18,1.5,1012,116.33333,8.1,904,65.0,794,79.0,1653,695,35.2,31.2,1.7485,0,0,0,0,0,1,0
19,1.6,1017,185.0,8.7,929,67.0,772,86.0,1702,709,32.1,38.7,1.819,0,0,0,0,0,1,0
20,1.5,1006,185.33333,7.9,896,67.0,797,79.0,1697,736,30.3,45.1,1.9129,0,0,0,0,0,1,0
21,1.3,1008,231.0,7.5,878,53.0,792,67.0,1691,722,29.3,50.2,2.0127,0,0,0,0,0,1,0
22,1.2,989,169.66667,6.0,814,53.0,845,65.0,1657,680,28.6,53.7,2.0691,0,0,0,0,0,1,0
23,1.6,1080,189.0,8.5,920,60.0,739,67.0,1761,772,27.8,57.4,2.1107,0,0,0,0,0,1,0
0,1.4,1033,166.66667,7.0,856,60.0,774,62.0,1736,769,27.4,59.4,2.1395,0,0,0,0,0,0,1
1,1.1,968,75.0,5.6,794,39.0,836,48.0,1688,654,27.2,59.3,2.1059,0,0,0,0,0,0,1
2,0.7,853,57.33333,2.6,626,22.0,1045,33.0,1557,516,26.7,61.0,2.1005,0,0,0,0,0,0,1
4,0.5,817,41.66667,1.7,558,7.0,1232,11.0,1485,452,25.4,63.1,2.0184,0,0,0,0,0,0,1
5,0.5,840,63.66667,2.0,586,25.0,1154,34.0,1499,492,26.1,60.3,2.012,0,0,0,0,0,0,1
6,0.8,940,136.33333,4.0,709,47.0,956,52.0,1641,588,25.2,67.1,2.1164,0,0,0,0,0,0,1
7,1.6,1076,184.33333,8.6,924,101.0,720,80.0,1806,909,26.0,61.9,2.0511,0,0,0,0,0,0,1
8,1.6,1086,184.33333,10.1,981,100.0,688,86.0,1818,1007,27.0,57.5,2.0183,0,0,0,0,0,0,1
9,1.4,1031,222.33333,8.7,929,79.0,759,77.0,1722,809,30.5,44.4,1.9076,0,0,0,0,0,0,1
10,1.5,1016,197.33333,7.9,896,91.0,766,93.0,1704,820,33.4,35.1,1.781,0,0,0,0,0,0,1
11,1.2,953,122.0,5.8,801,83.0,868,109.0,1573,657,35.7,29.0,1.6716,0,0,0,0,0,0,1
12,1.1,918,80.33333,5.3,779,65.0,896,89.0,1537,551,35.8,27.7,1.6041,0,0,0,0,0,0,1
13,0.8,892,61.0,4.2,724,55.0,971,71.0,1490,511,36.3,27.4,1.6264,0,0,0,0,0,0,1
14,0.7,841,81.33333,3.3,673,40.0,1061,56.0,1394,451,33.6,28.8,1.4695,0,0,0,0,0,0,1
15,0.7,799,44.66667,4.0,709,48.0,1078,68.0,1332,462,35.2,20.5,1.1418,0,0,0,0,0,0,1
16,0.7,838,40.66667,4.3,726,46.0,1056,61.0,1382,440,35.0,22.4,1.2371,0,0,0,0,0,0,1
17,1.0,870,85.0,4.6,745,54.0,998,70.0,1400,472,34.0,25.2,1.314,0,0,0,0,0,0,1
18,1.0,892,61.0,5.1,771,55.0,965,76.0,1465,494,32.0,28.2,1.3204,0,0,0,0,0,0,1
19,1.2,926,83.0,5.9,805,60.0,901,78.0,1511,524,29.4,34.4,1.3899,0,0,0,0,0,0,1
20,1.1,919,115.0,5.7,796,62.0,870,80.0,1538,560,28.1,41.1,1.535,0,0,0,0,0,0,1
21,1.0,932,202.66667,4.7,746,51.0,912,71.0,1528,534,26.9,47.5,1.6595,0,0,0,0,0,0,1
22,1.2,957,118.33333,5.1,767,57.0,867,74.0,1534,577,26.6,50.4,1.724,0,0,0,0,0,0,1
23,1.4,994,133.66667,5.9,806,72.0,830,90.0,1580,674,25.9,52.9,1.7478,0,0,0,0,0,0,1
0,1.3,984,131.33333,5.6,795,63.0,838,78.0,1570,676,25.4,54.6,1.7483,1,0,0,0,0,0,0
1,1.0,919,74.33333,4.5,737,49.0,899,63.0,1534,611,25.1,55.7,1.7471,1,0,0,0,0,0,0
2,0.6,847,56.0,2.5,618,30.0,1075,42.0,1442,529,25.1,55.3,1.733,1,0,0,0,0,0,0
4,0.4,795,56.66667,1.8,569,18.0,1178,27.0,1426,497,25.2,55.0,1.7405,1,0,0,0,0,0,0
5,0.4,809,68.66667,1.9,578,22.0,1170,29.0,1445,513,25.6,53.5,1.7291,1,0,0,0,0,0,0
6,0.5,835,48.33333,2.6,626,39.0,1088,41.0,1471,563,24.7,55.9,1.7114,1,0,0,0,0,0,0
7,1.1,967,98.66667,6.3,826,68.0,821,61.0,1639,822,24.0,57.2,1.6835,1,0,0,0,0,0,0
8,1.2,969,183.66667,6.8,849,84.0,800,68.0,1626,890,25.0,53.2,1.663,1,0,0,0,0,0,0
9,0.9,913,119.33333,4.7,749,54.0,911,58.0,1535,742,28.0,43.4,1.6162,1,0,0,0,0,0,0
10,0.9,933,80.66667,4.7,748,51.0,948,52.0,1551,629,31.6,35.5,1.6269,1,0,0,0,0,0,0
11,1.0,922,76.0,4.0,712,52.0,924,57.0,1494,609,35.0,29.0,1.6017,1,0,0,0,0,0,0
12,0.8,914,80.33333,4.3,726,44.0,959,51.0,1496,534,35.3,27.6,1.5512,1,0,0,0,0,0,0
13,0.8,873,74.0,3.8,699,47.0,999,53.0,1413,528,36.2,24.1,1.4235,1,0,0,0,0,0,0
14,0.7,831,68.66667,3.4,676,37.0,1041,49.0,1350,463,34.8,24.5,1.3373,1,0,0,0,0,0,0
15,0.7,840,42.33333,3.6,685,33.0,1051,44.0,1339,462,38.2,19.6,1.2915,1,0,0,0,0,0,0
16,0.7,874,70.0,3.6,686,36.0,1032,48.0,1402,501,38.9,20.3,1.382,1,0,0,0,0,0,0
17,0.7,896,44.66667,3.6,687,33.0,1006,46.0,1438,493,36.9,27.1,1.6683,1,0,0,0,0,0,0
18,0.9,964,86.66667,5.1,769,40.0,873,56.0,1546,572,35.2,32.1,1.7898,1,0,0,0,0,0,0
19,1.2,1001,122.66667,6.6,838,56.0,801,73.0,1614,668,32.0,38.2,1.788,1,0,0,0,0,0,0
20,1.4,1005,183.66667,7.3,868,71.0,779,85.0,1633,771,29.8,41.8,1.7269,1,0,0,0,0,0,0
21,1.2,979,208.66667,6.1,818,57.0,797,72.0,1590,732,28.2,45.9,1.7272,1,0,0,0,0,0,0
22,1.0,935,169.66667,5.2,774,43.0,825,53.0,1562,687,27.1,48.2,1.7075,1,0,0,0,0,0,0
23,0.9,939,133.66667,4.9,758,40.0,858,47.0,1544,664,26.7,49.5,1.7048,1,0,0,0,0,0,0
0,0.7,878,72.33333,3.5,684,26.0,947,37.0,1475,588,26.1,50.8,1.6917,0,1,0,0,0,0,0
1,0.5,848,73.66667,3.0,650,24.0,989,34.0,1479,610,25.7,52.5,1.7077,0,1,0,0,0,0,0
2,0.5,826,53.0,2.7,631,24.0,1028,33.0,1473,593,24.8,55.4,1.7054,0,1,0,0,0,0,0
4,0.96667,789,68.66667,2.0,584,18.0,1107,27.0,1457,571,22.4,62.2,1.6648,0,1,0,0,0,0,0
5,0.4,785,48.0,2.4,612,18.0,1054,27.0,1443,614,22.5,61.8,1.6654,0,1,0,0,0,0,0
6,0.4,772,41.0,2.0,584,19.0,1149,27.0,1414,566,22.7,59.2,1.6139,0,1,0,0,0,0,0
7,0.5,796,60.66667,2.5,623,22.0,1064,28.0,1425,594,23.0,58.4,1.6223,0,1,0,0,0,0,0
8,0.7,875,72.0,3.5,682,34.0,983,36.0,1457,611,23.9,56.3,1.6489,0,1,0,0,0,0,0
9,1.1,955,133.66667,6.0,811,61.0,841,59.0,1562,759,26.3,50.1,1.6889,0,1,0,0,0,0,0
10,1.0,938,109.0,5.3,778,46.0,896,56.0,1520,700,32.1,34.0,1.6039,0,1,0,0,0,0,0
11,1.2,954,115.33333,6.3,826,56.0,870,70.0,1531,691,35.8,25.7,1.4861,0,1,0,0,0,0,0
12,1.1,875,94.66667,4.8,753,31.0,978,36.0,1402,579,38.3,19.8,1.3067,0,1,0,0,0,0,0
13,0.6,810,62.33333,3.2,664,11.0,1123,17.0,1312,478,37.3,20.5,1.286,0,1,0,0,0,0,0
14,0.4,746,42.66667,2.6,624,8.0,1227,14.0,1209,410,36.3,18.4,1.0976,0,1,0,0,0,0,0
15,0.4,738,43.33333,2.4,610,14.0,1281,24.0,1204,404,36.8,16.9,1.0347,0,1,0,0,0,0,0
16,0.5,771,58.33333,3.0,652,21.0,1223,36.0,1239,440,37.9,15.9,1.0296,0,1,0,0,0,0,0
17,0.6,799,44.66667,3.1,658,26.0,1216,43.0,1254,461,36.7,17.1,1.0398,0,1,0,0,0,0,0
18,0.8,831,45.66667,3.4,679,37.0,1143,60.0,1291,526,33.8,21.9,1.1303,0,1,0,0,0,0,0
19,1.0,885,61.66667,4.6,743,53.0,1016,81.0,1379,647,32.6,24.6,1.1885,0,1,0,0,0,0,0
20,1.1,883,87.33333,4.4,731,56.0,988,87.0,1384,693,30.6,28.4,1.2247,0,1,0,0,0,0,0
21,1.1,906,144.33333,5.5,790,51.0,936,85.0,1430,729,29.4,30.5,1.2288,0,1,0,0,0,0,0
22,1.6,982,147.33333,8.2,906,79.0,784,91.0,1561,1002,28.4,34.4,1.314,0,1,0,0,0,0,0
23,0.9,892,178.0,5.0,766,38.0,880,55.0,1399,797,28.3,34.1,1.2951,0,1,0,0,0,0,0
0,0.7,841,69.0,4.0,711,25.0,956,42.0,1367,685,27.8,35.2,1.2968,0,0,1,0,0,0,0
1,0.7,859,71.66667,3.7,693,24.0,988,43.0,1377,710,25.3,39.7,1.2656,0,0,1,0,0,0,0
2,0.5,810,74.66667,3.1,657,11.0,1016,20.0,1337,629,24.5,41.5,1.2589,0,0,1,0,0,0,0
4,0.3,749,35.66667,1.5,543,16.0,1238,23.0,1244,462,23.3,41.9,1.1856,0,0,1,0,0,0,0
5,0.4,766,40.33333,2.4,616,43.0,1163,43.0,1306,530,21.5,45.6,1.1558,0,0,1,0,0,0,0
6,0.9,865,48.0,5.4,783,86.0,893,68.0,1446,838,21.3,47.0,1.1793,0,0,1,0,0,0,0
7,1.3,924,173.0,8.5,920,92.0,767,62.0,1534,946,22.2,45.0,1.1867,0,0,1,0,0,0,0
8,1.6,973,200.66667,10.9,1010,102.0,722,65.0,1616,1014,23.6,40.8,1.1746,0,0,1,0,0,0,0
9,2.1,1028,253.33333,12.0,1048,171.0,719,93.0,1624,1135,27.1,32.4,1.1462,0,0,1,0,0,0,0
10,2.0,979,208.33333,10.6,999,148.0,796,110.0,1515,1027,33.4,20.1,1.0142,0,0,1,0,0,0,0
11,1.4,892,84.33333,7.4,874,119.0,923,106.0,1369,749,35.3,17.0,0.9546,0,0,1,0,0,0,0
12,1.4,892,80.0,7.3,869,71.0,953,77.0,1363,632,37.4,14.7,0.9295,0,0,1,0,0,0,0
13,0.9,836,48.33333,4.6,741,53.0,1065,60.0,1277,479,38.6,14.6,0.9821,0,0,1,0,0,0,0
14,0.8,824,42.33333,4.0,708,61.0,1091,67.0,1256,463,35.8,17.8,1.0274,0,0,1,0,0,0,0
15,0.8,825,52.33333,3.8,702,53.0,1077,57.0,1267,458,38.4,16.4,1.0957,0,0,1,0,0,0,0
16,1.0,871,51.33333,5.0,761,61.0,1015,60.0,1346,520,39.7,15.3,1.0963,0,0,1,0,0,0,0
17,1.3,903,75.33333,6.9,853,72.0,930,69.0,1420,606,38.8,15.8,1.0706,0,0,1,0,0,0,0
18,1.3,944,118.66667,7.0,857,67.0,880,77.0,1463,631,35.2,22.3,1.2467,0,0,1,0,0,0,0
19,1.3,969,94.0,6.8,850,70.0,857,77.0,1503,695,31.7,28.2,1.2962,0,0,1,0,0,0,0
20,1.6,1005,169.33333,8.5,919,81.0,788,87.0,1543,871,30.4,30.9,1.3219,0,0,1,0,0,0,0
21,1.4,972,141.66667,8.0,898,79.0,807,88.0,1508,879,29.5,32.1,1.3005,0,0,1,0,0,0,0
22,1.3,960,180.66667,5.7,798,73.0,854,84.0,1459,780,28.0,34.9,1.2989,0,0,1,0,0,0,0
23,1.0,946,171.0,5.1,767,57.0,870,65.0,1443,728,28.2,36.6,1.3722,0,0,1,0,0,0,0
0,0.9,959,127.0,5.5,787,45.0,830,54.0,1460,821,26.5,40.7,1.3873,0,0,0,1,0,0,0
1,0.6,877,55.66667,3.1,658,25.0,964,37.0,1349,663,28.3,36.7,1.3878,0,0,0,1,0,0,0
2,0.5,867,67.66667,2.9,645,23.0,1001,36.0,1385,656,25.7,43.8,1.4233,0,0,0,1,0,0,0
4,0.4,820,53.66667,2.2,597,18.0,1069,29.0,1346,603,24.3,48.3,1.4449,0,0,0,1,0,0,0
5,0.4,828,42.33333,2.5,618,23.0,1039,25.0,1354,560,23.6,49.2,1.4153,0,0,0,1,0,0,0
6,1.0,929,119.0,5.6,791,59.0,841,41.0,1493,789,22.2,53.9,1.4201,0,0,0,1,0,0,0
7,2.2,1118,239.66667,12.9,1079,135.0,638,68.0,1761,1145,22.5,52.3,1.41,0,0,0,1,0,0,0
8,2.5,1155,515.33333,16.0,1181,167.0,580,82.0,1850,1302,24.3,47.8,1.4321,0,0,0,1,0,0,0
9,2.3,1112,186.0,12.2,1058,190.0,654,137.0,1695,1297,27.3,40.7,1.4548,0,0,0,1,0,0,0
10,2.0,1094,231.33333,10.0,979,142.0,717,119.0,1633,1192,33.3,28.2,1.4189,0,0,0,1,0,0,0
16,1.4,1023,192.0,7.4,875,83.0,785,71.0,1590,711,36.4,27.1,1.6226,0,0,0,0,1,0,0
17,1.7,1064,136.33333,9.1,942,94.0,735,78.0,1650,801,36.8,26.2,1.5984,0,0,0,0,1,0,0
18,1.5,1042,169.66667,8.9,936,84.0,759,72.0,1630,770,36.4,26.8,1.6038,0,0,0,0,1,0,0
19,1.7,1059,192.0,9.2,947,90.0,733,74.0,1671,813,33.3,32.8,1.6527,0,0,0,0,1,0,0
20,1.6,1050,116.66667,8.5,921,91.0,743,70.0,1683,851,31.3,39.5,1.7798,0,0,0,0,1,0,0
21,1.4,1025,110.33333,7.9,896,70.0,738,55.0,1693,823,29.9,44.7,1.8511,0,0,0,0,1,0,0
22,1.4,1029,116.33333,6.1,816,75.0,804,54.0,1624,778,29.1,48.4,1.9186,0,0,0,0,1,0,0
23,1.4,1055,87.33333,6.4,831,72.0,769,53.0,1686,827,28.0,52.9,1.964,0,0,0,0,1,0,0
0,1.2,1001,104.0,5.7,799,59.0,800,46.0,1642,753,27.7,53.0,1.9423,0,0,0,0,0,1,0
1,0.9,936,91.0,4.4,730,48.0,864,38.0,1551,726,27.7,52.6,1.9202,0,0,0,0,0,1,0
2,0.6,863,54.0,2.3,608,41.0,1035,30.0,1465,597,28.3,49.5,1.8782,0,0,0,0,0,1,0
4,0.5,841,60.33333,1.9,578,11.0,1144,16.0,1464,463,27.7,52.5,1.923,0,0,0,0,0,1,0
5,0.5,871,64.33333,2.4,611,11.0,1077,12.0,1494,526,27.5,53.0,1.9097,0,0,0,0,0,1,0
6,0.8,962,72.33333,4.7,747,37.0,862,38.0,1605,712,27.1,54.4,1.9168,0,0,0,0,0,1,0
7,1.4,1083,90.33333,7.8,889,72.0,725,56.0,1734,918,27.6,52.1,1.8936,0,0,0,0,0,1,0
8,1.2,1061,136.66667,7.8,891,53.0,721,57.0,1697,894,29.0,48.5,1.9133,0,0,0,0,0,1,0
9,1.0,1012,89.66667,6.3,824,31.0,803,39.0,1612,710,31.0,42.9,1.8909,0,0,0,0,0,1,0
10,1.2,1031,239.66667,6.5,834,47.0,793,47.0,1640,737,32.5,39.4,1.8982,0,0,0,0,0,1,0
11,1.1,1011,188.66667,6.1,816,33.0,830,35.0,1614,680,36.9,30.9,1.8934,0,0,0,0,0,1,0
12,1.2,1009,161.0,6.3,824,35.0,822,44.0,1606,670,36.2,30.6,1.8105,0,0,0,0,0,1,0
13,1.1,980,109.33333,5.6,793,32.0,858,43.0,1549,654,37.7,27.7,1.778,0,0,0,0,0,1,0
14,1.0,961,116.66667,5.8,803,23.0,852,34.0,1552,618,37.1,27.2,1.6874,0,0,0,0,0,1,0
15,1.0,966,124.33333,5.4,784,27.0,870,36.0,1530,652,39.5,24.3,1.7216,0,0,0,0,0,1,0
16,1.2,1022,127.33333,6.8,849,32.0,813,44.0,1583,732,39.9,23.8,1.7127,0,0,0,0,0,1,0
17,1.7,1091,166.66667,9.3,953,51.0,723,63.0,1688,853,39.6,24.3,1.7255,0,0,0,0,0,1,0
18,1.7,1063,170.66667,8.5,919,46.0,735,60.0,1676,821,37.2,29.1,1.8185,0,0,0,0,0,1,0
19,1.7,1116,206.33333,9.3,952,62.0,702,66.0,1759,895,33.9,37.1,1.9264,0,0,0,0,0,1,0
20,1.7,1101,185.33333,7.4,875,65.0,722,68.0,1748,927,31.6,43.6,1.9944,0,0,0,0,0,1,0
9,2.0,1011,231.0,12.0,1051,111.0,702,124.33333,1659,1087,25.3,41.7,1.3243,0,0,1,0,0,0,0
11,1.6,937,165.33333,8.2,908,86.0,822,83.0,1466,826,32.9,24.9,1.2269,0,0,1,0,0,0,0
12,1.3,902,80.33333,5.9,808,57.0,912,64.0,1408,632,34.4,23.5,1.2541,0,0,1,0,0,0,0
13,1.0,860,62.66667,4.7,748,39.0,955,50.0,1344,532,34.3,22.5,1.1974,0,0,1,0,0,0,0
14,0.9,843,41.33333,4.1,716,41.0,1005,53.0,1305,496,33.4,21.6,1.0927,0,0,1,0,0,0,0
15,1.0,872,43.33333,4.9,760,47.0,979,57.0,1314,513,36.1,18.4,1.0827,0,0,1,0,0,0,0
16,1.1,857,58.0,5.2,775,45.0,979,55.0,1258,512,37.3,15.4,0.9692,0,0,1,0,0,0,0
17,1.5,922,64.66667,7.5,878,60.0,880,70.0,1363,615,36.8,16.2,0.9922,0,0,1,0,0,0,0
18,1.5,951,60.66667,7.4,875,51.0,856,68.0,1406,600,34.9,20.9,1.1463,0,0,1,0,0,0,0
19,1.6,962,135.66667,7.8,891,53.0,813,73.0,1442,634,30.8,26.5,1.1603,0,0,1,0,0,0,0
20,1.7,957,198.33333,8.6,926,72.0,758,92.0,1480,830,28.9,28.3,1.1078,0,0,1,0,0,0,0
21,1.4,928,141.66667,6.5,837,62.0,808,80.0,1410,871,27.0,30.7,1.079,0,0,1,0,0,0,0
22,1.2,895,101.33333,6.8,846,41.0,819,60.0,1371,787,26.6,30.6,1.0459,0,0,1,0,0,0,0
23,1.1,902,127.33333,5.7,797,32.0,845,49.0,1355,841,26.0,33.1,1.0955,0,0,1,0,0,0,0
0,1.1,904,109.0,5.8,801,44.0,852,53.0,1400,862,24.1,37.9,1.1204,0,0,0,1,0,0,0
1,1.2,919,75.0,5.7,799,29.0,844,50.0,1409,881,22.2,43.1,1.1396,0,0,0,1,0,0,0
2,0.7,812,98.33333,3.2,663,18.0,982,34.0,1265,709,22.8,41.3,1.1284,0,0,0,1,0,0,0
4,0.4,762,50.33333,1.7,563,12.0,1181,21.0,1208,492,21.7,42.6,1.0907,0,0,0,1,0,0,0
5,0.7,786,57.33333,2.8,642,39.0,1057,48.0,1270,592,20.2,47.1,1.1021,0,0,0,1,0,0,0
6,1.1,868,106.33333,5.7,798,83.0,866,71.0,1392,824,20.1,47.8,1.1093,0,0,0,1,0,0,0
7,1.6,965,184.33333,10.0,977,149.0,725,94.0,1515,1014,20.6,45.5,1.0925,0,0,0,1,0,0,0
8,2.3,1049,239.66667,14.5,1133,216.0,630,118.0,1662,1208,22.4,41.1,1.0979,0,0,0,1,0,0,0
9,1.6,1008,186.0,9.9,973,153.0,714,105.0,1509,1178,25.0,36.6,1.143,0,0,0,1,0,0,0
10,2.0,1008,152.66667,11.2,1021,177.0,714,122.0,1549,1176,29.9,26.2,1.0891,0,0,0,1,0,0,0
11,1.6,973,135.0,8.3,911,126.0,800,121.0,1441,891,32.9,21.8,1.0714,0,0,0,1,0,0,0
12,1.6,964,138.0,9.5,959,96.0,787,115.0,1438,731,35.0,17.9,0.99,0,0,0,1,0,0,0
13,1.3,923,72.66667,7.1,862,92.0,875,107.0,1363,626,34.6,18.2,0.9832,0,0,0,1,0,0,0
14,1.0,934,81.33333,6.0,811,75.0,896,86.0,1343,553,33.8,22.8,1.1781,0,0,0,1,0,0,0
15,1.6,1036,124.33333,9.1,943,109.0,770,118.0,1509,770,36.3,19.5,1.1539,0,0,0,1,0,0,0
16,2.0,1076,170.33333,10.4,994,133.0,723,129.0,1549,938,38.3,17.9,1.181,0,0,0,1,0,0,0
17,1.7,1055,110.33333,8.7,927,87.0,757,90.0,1520,716,36.9,20.9,1.2864,0,0,0,1,0,0,0
18,1.7,1081,105.66667,9.0,938,80.0,728,87.0,1568,714,33.9,30.0,1.56,0,0,0,1,0,0,0
19,1.4,1072,101.66667,6.8,850,70.0,737,65.0,1604,702,29.8,43.4,1.7988,0,0,0,1,0,0,0
20,1.3,1038,151.33333,5.2,773,67.0,749,61.0,1568,687,27.5,50.4,1.8274,0,0,0,1,0,0,0
21,1.3,1059,132.0,5.7,800,66.0,740,62.0,1604,739,27.5,50.4,1.8284,0,0,0,1,0,0,0
22,1.6,1070,201.33333,6.9,852,97.0,704,85.0,1639,867,28.1,48.0,1.7933,0,0,0,1,0,0,0
23,1.8,1093,214.66667,7.8,893,90.0,677,83.0,1678,927,26.9,49.6,1.7299,0,0,0,1,0,0,0
0,1.5,1016,158.33333,6.8,849,99.0,729,84.0,1609,872,26.0,48.0,1.5899,0,0,0,0,1,0,0
1,1.3,988,84.66667,6.3,825,71.0,756,71.0,1559,848,24.9,50.6,1.5747,0,0,0,0,1,0,0
2,1.1,930,94.33333,4.7,749,59.0,823,62.0,1464,777,23.7,53.2,1.5418,0,0,0,0,1,0,0
4,0.6,884,68.0,3.6,686,26.0,908,40.0,1439,651,22.9,56.1,1.5492,0,0,0,0,1,0,0
5,0.7,913,149.66667,4.4,730,47.0,883,50.0,1493,774,23.3,55.5,1.5636,0,0,0,0,1,0,0
6,1.1,994,159.33333,6.4,829,108.0,784,78.0,1581,982,23.6,54.2,1.5583,0,0,0,0,1,0,0
7,1.9,1173,203.33333,11.9,1047,160.0,631,89.0,1815,1175,24.9,52.9,1.643,0,0,0,0,1,0,0
8,3.5,1314,643.66667,21.0,1325,204.0,499,106.0,2143,1390,26.4,50.8,1.7166,0,0,0,0,1,0,0
9,2.9,1252,641.33333,15.6,1168,193.0,557,107.0,1938,1352,28.1,47.4,1.7753,0,0,0,0,1,0,0
10,2.2,1151,252.0,12.1,1053,146.0,623,93.0,1835,1152,30.2,43.2,1.823,0,0,0,0,1,0,0
11,2.0,1122,252.66667,9.3,951,126.0,687,95.0,1729,1022,31.2,41.9,1.871,0,0,0,0,1,0,0
12,1.7,1111,181.0,8.7,927,90.0,707,78.0,1715,922,33.9,36.0,1.8692,0,0,0,0,1,0,0
13,1.6,1058,225.66667,7.9,894,84.0,736,76.0,1648,825,33.9,34.1,1.7754,0,0,0,0,1,0,0
14,1.3,972,198.66667,6.2,820,60.0,811,66.0,1535,630,34.4,30.6,1.6402,0,0,0,0,1,0,0
15,1.3,985,143.66667,6.3,826,66.0,808,71.0,1544,621,35.3,28.5,1.6034,0,0,0,0,1,0,0
16,1.3,1004,120.66667,6.0,814,57.0,808,61.0,1520,602,36.3,28.3,1.6851,0,0,0,0,1,0,0
17,1.6,1030,154.33333,7.9,897,71.0,733,73.0,1592,668,35.3,29.4,1.6577,0,0,0,0,1,0,0
18,1.3,965,84.66667,5.8,802,51.0,821,54.0,1504,564,32.5,34.1,1.6453,0,0,0,0,1,0,0
19,1.4,987,73.66667,6.3,824,49.0,793,53.0,1541,581,29.1,42.1,1.6695,0,0,0,0,1,0,0
20,1.4,923,168.66667,6.0,811,59.0,804,69.0,1434,604,27.8,35.6,1.3116,0,0,0,0,1,0,0
21,1.3,872,180.0,6.3,824,66.0,853,77.0,1346,590,27.0,30.0,1.0542,0,0,0,0,1,0,0
22,1.4,939,118.33333,6.8,849,72.0,804,83.0,1479,650,26.3,37.3,1.2555,0,0,0,0,1,0,0
23,1.5,954,137.0,7.0,855,89.0,792,94.0,1474,745,25.2,40.8,1.2877,0,0,0,0,1,0,0
0,1.5,969,137.66667,7.0,857,75.0,753,84.0,1485,821,24.3,43.3,1.2973,0,0,0,0,0,1,0
1,0.9,882,74.33333,5.0,763,38.0,879,55.0,1388,656,23.3,45.3,1.2794,0,0,0,0,0,1,0
2,0.6,805,67.66667,2.8,637,24.0,1048,35.0,1276,520,24.1,44.0,1.3034,0,0,0,0,0,1,0
4,0.8,779,56.66667,1.7,560,19.0,1189,31.0,1231,487,23.0,47.7,1.3232,0,0,0,0,0,1,0
5,0.5,842,81.33333,2.8,640,40.0,1070,45.0,1293,595,23.7,46.7,1.3501,0,0,0,0,0,1,0
4,0.6,792,74.33333,2.5,621,40.0,1015,56.0,1322,714,20.0,59.3,1.3681,1,0,0,0,0,0,0
5,0.4,749,66.0,1.7,559,25.0,1145,33.0,1255,584,22.5,48.6,1.3077,1,0,0,0,0,0,0
6,0.5,803,71.33333,3.4,676,38.0,975,39.0,1303,676,19.5,57.0,1.2739,1,0,0,0,0,0,0
7,0.7,818,105.66667,4.3,726,38.0,921,43.0,1330,685,19.6,56.1,1.2651,1,0,0,0,0,0,0
8,1.2,932,87.33333,7.1,861,75.0,767,62.0,1483,894,20.7,53.3,1.287,1,0,0,0,0,0,0
9,1.7,977,234.66667,8.3,913,104.0,744,81.0,1512,977,24.7,41.8,1.2839,1,0,0,0,0,0,0
10,1.8,1011,183.0,9.1,945,134.0,733,102.0,1570,1034,29.9,30.5,1.2616,1,0,0,0,0,0,0
11,1.5,975,200.66667,7.7,887,85.0,829,86.0,1478,737,32.3,27.2,1.2933,1,0,0,0,0,0,0
12,1.2,958,123.66667,7.2,867,30.0,828,37.0,1468,660,34.3,24.5,1.3021,1,0,0,0,0,0,0
13,1.1,903,74.66667,5.8,805,49.0,886,64.0,1361,581,33.4,22.5,1.1398,1,0,0,0,0,0,0
15,1.9,1058,160.0,11.0,1016,209.0,673,101.0,1625,832,33.8,25.8,1.3338,0,0,0,1,0,0,0
16,1.4,1040,132.0,7.6,882,132.0,756,71.0,1560,635,34.5,28.6,1.5393,0,0,0,1,0,0,0
17,2.0,1093,135.0,10.1,981,166.0,666,82.0,1676,733,32.7,33.0,1.5987,0,0,0,1,0,0,0
18,2.7,1184,216.0,14.1,1119,243.0,594,104.0,1806,912,31.4,35.4,1.5972,0,0,0,1,0,0,0
19,2.8,1180,219.66667,14.1,1121,247.0,568,105.0,1816,947,27.7,43.5,1.592,0,0,0,1,0,0,0
20,2.0,1079,241.33333,10.3,988,165.0,633,87.0,1694,899,26.2,47.8,1.5979,0,0,0,1,0,0,0
21,2.1,1095,288.33333,11.5,1032,187.0,621,98.0,1730,984,25.7,48.7,1.5825,0,0,0,1,0,0,0
22,2.0,1073,192.33333,10.9,1009,206.0,639,105.0,1655,955,25.2,50.1,1.58,0,0,0,1,0,0,0
23,1.8,1063,160.0,10.4,991,200.0,655,104.0,1672,966,24.4,53.4,1.6031,0,0,0,1,0,0,0
0,1.9,1046,139.33333,9.5,960,189.0,671,96.0,1637,899,23.7,55.4,1.6031,0,0,0,0,1,0,0
1,1.3,953,175.66667,7.0,858,136.0,742,79.0,1544,780,22.8,58.5,1.5992,0,0,0,0,1,0,0
2,0.7,864,82.33333,3.3,673,83.0,947,61.0,1412,636,22.8,58.5,1.5985,0,0,0,0,1,0,0
4,0.5,838,84.33333,2.8,639,72.0,963,48.0,1391,596,20.8,64.9,1.571,0,0,0,0,1,0,0
5,0.6,913,120.0,4.3,728,121.0,802,63.0,1418,887,19.7,66.8,1.5184,0,0,0,0,1,0,0
6,1.3,1039,188.0,8.5,921,268.0,687,92.0,1556,1115,19.8,64.3,1.4678,0,0,0,0,1,0,0
7,3.6,1252,322.0,20.9,1320,451.0,499,99.0,2001,1374,20.6,62.3,1.4915,0,0,0,0,1,0,0
8,4.9,1410,578.0,35.2,1669,458.0,393,117.0,2555,1644,23.2,54.0,1.5143,0,0,0,0,1,0,0
9,3.9,1217,616.66667,18.7,1261,487.0,533,142.0,1941,1375,26.3,43.1,1.4542,0,0,0,0,1,0,0
10,2.2,1114,195.33333,12.8,1077,319.0,633,121.0,1705,1199,29.1,35.4,1.4008,0,0,0,0,1,0,0
11,1.9,1026,200.0,11.2,1020,269.0,689,122.0,1603,992,30.0,31.6,1.3176,0,0,0,0,1,0,0
12,2.2,1051,149.33333,13.3,1094,224.0,646,108.0,1675,966,32.4,26.3,1.2594,0,0,0,0,1,0,0
13,2.0,1027,150.33333,11.3,1024,162.0,700,80.0,1588,814,31.3,29.1,1.3054,0,0,0,0,1,0,0
14,1.7,996,158.66667,10.4,992,189.0,722,93.0,1580,727,31.1,28.6,1.2718,0,0,0,0,1,0,0
15,2.0,1028,241.33333,12.3,1060,213.0,686,108.0,1601,806,33.3,24.4,1.232,0,0,0,0,1,0,0
16,2.1,1030,196.33333,12.3,1060,245.0,705,118.0,1588,852,35.5,21.2,1.2022,0,0,0,0,1,0,0
17,3.2,1133,354.0,19.4,1280,341.0,595,149.0,1791,1093,34.6,22.0,1.189,0,0,0,0,1,0,0
18,4.0,1180,633.66667,21.5,1339,382.0,567,171.0,1868,1211,33.3,23.6,1.1842,0,0,0,0,1,0,0
19,4.4,1261,574.33333,25.7,1446,358.0,528,154.0,2061,1346,30.0,28.5,1.1896,0,0,0,0,1,0,0
20,3.0,1093,341.0,14.5,1133,288.0,599,122.0,1708,1200,28.0,33.0,1.2264,0,0,0,0,1,0,0
21,2.2,1068,136.0,11.4,1029,252.0,650,126.0,1612,1192,27.2,37.4,1.3279,0,0,0,0,1,0,0
22,1.7,1031,178.33333,9.5,958,201.0,700,121.0,1560,1074,26.6,39.9,1.3657,0,0,0,0,1,0,0
23,1.9,1055,146.0,11.6,1037,225.0,635,125.0,1632,1161,25.3,41.7,1.3247,0,0,0,0,1,0,0
0,2.0,1060,79.0,11.4,1029,242.0,622,126.0,1663,1210,24.3,44.7,1.3432,0,0,0,0,0,1,0
1,1.5,962,70.33333,7.5,880,167.0,726,96.0,1484,1050,24.4,45.6,1.3779,0,0,0,0,0,1,0
2,0.8,874,54.33333,5.3,776,99.0,846,73.0,1416,873,23.1,49.9,1.3891,0,0,0,0,0,1,0
4,0.6,834,64.33333,4.0,709,87.0,907,65.0,1348,835,21.8,54.1,1.4004,0,0,0,0,0,1,0
5,0.7,865,37.0,4.6,745,164.0,866,90.0,1394,901,21.0,56.9,1.3999,0,0,0,0,0,1,0
6,0.8,903,49.66667,5.8,803,87.0,819,58.0,1471,853,21.8,55.5,1.4323,0,0,0,0,0,1,0
7,2.9,1236,168.66667,20.0,1297,93.0,542,27.0,1997,1321,21.6,57.2,1.4607,0,0,0,0,0,1,0
8,5.2,1464,522.33333,30.0,1552,417.0,419,67.0,2366,1738,22.8,54.2,1.4886,0,0,0,0,0,1,0
9,3.3,1258,651.33333,18.7,1261,406.0,514,96.0,1940,1603,26.2,45.0,1.5098,0,0,0,0,0,1,0
6,1.3,1016,239.0,7.7,888,169.0,776,64.0,1485,1040,23.1,47.0,1.3122,0,0,0,1,0,0,0
7,2.5,1228,141.0,13.9,1113,231.0,628,72.0,1719,1324,23.7,46.2,1.3376,0,0,0,1,0,0,0
8,3.4,1311,310.66667,22.0,1350,232.0,529,73.0,1957,1486,25.8,41.9,1.3688,0,0,0,1,0,0,0
9,2.1,1081,188.33333,10.2,983,145.0,703,64.0,1546,1079,27.3,38.3,1.3669,0,0,0,1,0,0,0
10,2.2,1104,205.66667,10.4,993,170.0,705,74.0,1539,1081,31.0,29.1,1.2885,0,0,0,1,0,0,0
11,1.7,991,156.66667,8.0,898,214.0,787,89.0,1412,806,31.6,25.5,1.1638,0,0,0,1,0,0,0
18,4.0,1325,260.33333,18.9,1266,477.0,926,188.0,1441,1543,32.4,19.8,0.9484,0,0,0,0,1,0,0
19,4.7,1383,420.0,24.1,1406,502.0,824,176.0,1582,1678,29.9,22.3,0.9235,0,0,0,0,1,0,0
20,3.8,1254,310.33333,18.1,1241,420.0,873,163.0,1463,1431,28.2,24.8,0.936,0,0,0,0,1,0,0
21,2.8,1221,295.66667,15.8,1174,344.0,874,155.0,1481,1413,26.8,28.9,1.0019,0,0,0,0,1,0,0
22,2.6,1226,152.33333,14.6,1138,307.0,862,146.0,1481,1419,25.1,32.3,1.0131,0,0,0,0,1,0,0
23,2.0,1100,135.0,10.6,999,251.0,984,131.0,1361,1145,25.4,30.5,0.9722,0,0,0,0,1,0,0
0,1.4,999,103.66667,7.5,879,180.0,1114,119.0,1261,960,24.9,28.3,0.8775,0,0,0,0,0,1,0
1,1.2,980,77.66667,7.4,873,141.0,1088,98.0,1258,949,23.2,30.5,0.8558,0,0,0,0,0,1,0
2,0.6,859,74.66667,3.8,698,105.0,1254,89.0,1157,819,22.3,33.6,0.8959,0,0,0,0,0,1,0
4,0.2,806,40.66667,2.3,605,74.0,1366,68.0,1132,725,21.4,35.7,0.8982,0,0,0,0,0,1,0
5,0.4,813,42.33333,2.7,631,91.0,1327,65.0,1108,710,21.7,33.4,0.8545,0,0,0,0,0,1,0
6,0.6,889,80.66667,4.9,760,143.0,1224,81.0,1213,806,20.3,35.5,0.8342,0,0,0,0,0,1,0
7,3.0,1200,306.0,18.2,1246,553.0,798,136.0,1574,1416,19.7,37.5,0.8501,0,0,0,0,0,1,0
8,3.2,1289,506.66667,21.4,1335,542.0,724,130.0,1681,1521,21.0,35.6,0.8736,0,0,0,0,0,1,0
9,3.5,1355,553.33333,21.3,1333,590.0,741,157.0,1691,1605,25.0,28.9,0.9025,0,0,0,0,0,1,0
10,3.1,1277,246.66667,19.9,1292,590.0,800,171.0,1626,1481,31.0,21.9,0.9708,0,0,0,0,0,1,0
11,2.2,1156,176.0,14.8,1142,387.0,907,143.0,1490,1188,34.9,18.5,1.0189,0,0,0,0,0,1,0
12,1.7,1054,179.66667,12.6,1071,252.0,1006,116.0,1380,940,37.1,15.0,0.9297,0,0,0,0,0,1,0
13,2.0,1096,126.33333,13.0,1083,310.0,971,129.0,1430,986,35.0,17.3,0.9542,0,0,0,0,0,1,0
14,2.5,1160,327.66667,16.2,1185,396.0,873,168.0,1522,1162,35.1,17.5,0.9733,0,0,0,0,0,1,0
15,2.4,1148,161.0,15.0,1149,329.0,924,152.0,1473,1047,35.4,16.6,0.9385,0,0,0,0,0,1,0
16,2.9,1166,167.33333,16.2,1186,393.0,878,175.0,1500,1180,38.4,13.8,0.9221,0,0,0,0,0,1,0
17,4.2,1315,376.66667,22.7,1370,522.0,794,212.0,1689,1399,37.6,14.5,0.9277,0,0,0,0,0,1,0
18,5.4,1425,369.66667,32.3,1605,631.0,660,220.0,1920,2321,35.2,16.6,0.9242,0,0,0,0,0,1,0
19,4.3,1329,457.66667,22.3,1360,435.0,704,175.0,1768,1894,31.2,25.5,1.1379,0,0,0,0,0,1,0
20,3.6,1299,244.33333,16.6,1197,407.0,763,165.0,1688,1606,29.3,30.7,1.229,0,0,0,0,0,1,0
21,2.0,1123,208.0,11.0,1015,255.0,845,136.0,1470,1297,28.3,30.1,1.1392,0,0,0,0,0,1,0
22,1.5,1089,125.0,11.3,1024,180.0,831,111.0,1452,1182,27.4,31.5,1.133,0,0,0,0,0,1,0
23,1.5,1081,121.0,9.3,950,186.0,876,114.0,1434,1138,26.2,35.7,1.1929,0,0,0,0,0,1,0
0,1.2,1031,94.66667,7.3,871,147.0,950,96.0,1393,972,25.2,38.1,1.2049,0,0,0,0,0,0,1
1,1.0,969,70.66667,5.5,787,101.0,1035,75.0,1350,799,24.4,39.1,1.1784,0,0,0,0,0,0,1
2,0.5,881,30.66667,3.5,680,69.0,1175,58.0,1251,630,23.7,39.1,1.1289,0,0,0,0,0,0,1
4,0.4,866,37.0,2.9,644,49.0,1162,41.0,1218,629,24.5,38.5,1.1688,0,0,0,0,0,0,1
5,0.5,895,37.0,3.6,689,91.0,1134,55.0,1250,709,22.4,43.5,1.1624,0,0,0,0,0,0,1
6,0.7,933,49.0,5.5,786,144.0,1018,73.0,1306,858,22.3,43.8,1.1631,0,0,0,0,0,0,1
7,2.4,1209,304.66667,15.5,1163,430.0,762,108.0,1606,1300,21.4,45.8,1.1515,0,0,0,0,0,0,1
8,4.1,1417,613.33333,28.3,1511,606.0,587,147.0,1975,1676,22.9,41.3,1.1383,0,0,0,0,0,0,1
9,3.0,1227,540.33333,17.8,1233,519.0,739,150.0,1594,1384,26.6,30.3,1.0378,0,0,0,0,0,0,1
10,2.0,1093,200.33333,12.8,1076,353.0,871,131.0,1457,1125,30.3,23.0,0.977,0,0,0,0,0,0,1
11,2.5,1135,149.33333,15.7,1170,429.0,867,144.0,1523,1189,32.8,18.9,0.9234,0,0,0,0,0,0,1
12,2.4,1112,197.33333,15.4,1161,345.0,866,151.0,1499,1088,34.3,17.7,0.9416,0,0,0,0,0,0,1
13,2.6,1147,225.66667,15.6,1168,417.0,858,165.0,1492,1118,33.3,18.9,0.9536,0,0,0,0,0,0,1
14,1.9,1086,167.66667,12.6,1070,276.0,907,135.0,1423,924,33.0,20.1,0.9959,0,0,0,0,0,0,1
15,2.1,1077,191.33333,12.2,1056,280.0,908,143.0,1406,935,33.6,19.6,1.0029,0,0,0,0,0,0,1
16,2.5,1110,306.66667,13.4,1098,365.0,882,153.0,1450,1009,34.9,18.4,1.0106,0,0,0,0,0,0,1
17,2.7,1146,277.0,14.3,1125,363.0,846,149.0,1511,1016,33.4,20.3,1.027,0,0,0,0,0,0,1
18,3.3,1211,529.66667,16.5,1194,393.0,797,164.0,1599,1188,31.6,22.7,1.041,0,0,0,0,0,0,1
19,3.2,1218,421.0,17.4,1221,385.0,755,180.0,1599,1290,29.2,26.9,1.0709,0,0,0,0,0,0,1
20,2.6,1136,229.33333,12.9,1082,307.0,824,159.0,1478,1130,27.7,30.1,1.0991,0,0,0,0,0,0,1
21,1.4,1017,80.66667,8.2,908,194.0,932,119.0,1354,880,27.1,31.0,1.0991,0,0,0,0,0,0,1
22,1.6,1063,117.33333,9.2,946,205.0,886,127.0,1391,996,26.0,33.4,1.1071,0,0,0,0,0,0,1
23,1.7,1083,147.33333,9.3,951,223.0,880,131.0,1393,1054,25.1,35.7,1.1222,0,0,0,0,0,0,1
0,1.6,1077,89.0,10.4,994,176.0,829,101.0,1429,1081,24.3,38.5,1.1525,1,0,0,0,0,0,0
10,3.1,1372,301.66667,18.4,1251,475.0,609,138.0,1890,1588,25.4,53.0,1.6963,0,0,1,0,0,0,0
11,2.9,1320,615.66667,16.3,1190,395.0,655,138.0,1825,1482,30.0,41.6,1.7324,0,0,1,0,0,0,0
12,3.0,1346,429.33333,18.2,1246,353.0,639,138.0,1907,1458,32.6,34.8,1.6872,0,0,1,0,0,0,0
13,3.0,1307,317.66667,17.9,1236,397.0,649,137.0,1869,1356,32.2,34.2,1.6145,0,0,1,0,0,0,0
14,2.2,1157,297.0,12.6,1069,274.0,737,120.0,1653,1100,32.1,33.5,1.569,0,0,1,0,0,0,0
15,2.0,1154,258.66667,11.3,1026,505.0,773,208.0,1623,1212,32.6,31.8,1.5361,0,0,1,0,0,0,0
16,2.3,1172,158.0,14.9,1145,275.0,735,128.0,1676,1049,35.2,25.2,1.4111,0,0,1,0,0,0,0
17,3.1,1241,183.66667,18.5,1254,360.0,693,145.0,1735,1149,34.3,24.7,1.3154,0,0,1,0,0,0,0
19,6.2,1570,743.33333,35.9,1684,597.0,494,168.0,2289,1716,29.0,36.6,1.4452,0,0,1,0,0,0,0
20,4.7,1418,688.0,26.7,1471,728.0,542,177.0,2064,1600,27.1,42.2,1.4949,0,0,1,0,0,0,0
21,3.0,1317,440.33333,19.9,1295,891.0,593,172.0,1883,1592,26.1,46.4,1.5445,0,0,1,0,0,0,0
22,2.1,1204,368.33333,14.6,1136,346.0,648,112.0,1782,1491,25.1,49.4,1.548,0,0,1,0,0,0,0
23,1.0,1014,153.33333,6.9,853,98.0,843,39.0,1499,1084,26.0,46.4,1.5375,0,0,1,0,0,0,0
0,0.8,956,72.33333,5.6,794,144.0,896,68.0,1456,1007,24.7,49.2,1.5116,0,0,0,1,0,0,0
1,0.7,891,75.66667,3.9,708,110.0,1005,51.0,1382,823,24.8,49.0,1.5092,0,0,0,1,0,0,0
17,3.3,1299,163.33333,17.3,1220,341.0,624,112.0,1929,1319,26.9,53.1,1.8557,0,0,0,0,1,0,0
18,6.1,1546,635.0,28.6,1519,622.0,493,170.0,2265,1649,26.5,50.8,1.7334,0,0,0,0,1,0,0
19,6.7,1571,833.66667,31.8,1593,615.0,469,173.0,2409,1686,25.1,55.8,1.7511,0,0,0,0,1,0,0
20,4.4,1312,517.66667,20.1,1299,443.0,580,135.0,2016,1380,23.9,58.9,1.7276,0,0,0,0,1,0,0
21,1.9,1074,138.66667,9.2,946,219.0,767,93.0,1635,1079,23.1,62.8,1.7562,0,0,0,0,1,0,0
22,1.8,1127,118.0,10.3,989,203.0,752,74.0,1724,1096,22.1,67.3,1.7671,0,0,0,0,1,0,0
23,1.5,1040,194.33333,8.6,923,165.0,769,69.0,1640,1049,22.1,66.5,1.7441,0,0,0,0,1,0,0
0,1.6,1060,204.66667,8.6,925,339.0,772,109.0,1649,1161,21.1,70.1,1.7366,0,0,0,0,0,1,0
1,0.8,911,145.33333,4.8,753,103.0,934,55.0,1496,865,21.9,67.1,1.7394,0,0,0,0,0,1,0
2,0.5,853,128.0,2.6,623,74.0,1107,49.0,1421,768,21.7,67.4,1.7262,0,0,0,0,0,1,0
4,0.6,897,125.33333,4.5,738,72.0,936,42.0,1471,843,19.1,76.0,1.6668,0,0,0,0,0,1,0
5,0.9,976,252.66667,6.6,840,180.0,844,50.0,1562,964,19.4,75.4,1.6802,0,0,0,0,0,1,0
6,1.4,1066,222.66667,10.1,982,239.0,740,53.0,1699,1065,19.7,74.4,1.6829,0,0,0,0,0,1,0
7,4.2,1435,638.0,23.4,1387,664.0,544,86.0,2140,1467,19.9,74.3,1.7083,0,0,0,0,0,1,0
8,4.1,1420,561.33333,25.0,1430,525.0,512,81.0,2194,1510,20.4,72.8,1.7198,0,0,0,0,0,1,0
9,3.6,1365,400.0,21.6,1341,543.0,549,96.0,2033,1518,21.6,67.7,1.7254,0,0,0,0,0,1,0
10,2.5,1171,294.66667,13.0,1083,390.0,695,96.0,1758,1276,22.9,59.1,1.633,0,0,0,0,0,1,0
11,1.3,982,159.33333,6.8,850,217.0,888,79.0,1505,873,18.7,73.1,1.5608,0,0,0,0,0,1,0
12,1.7,1021,180.0,10.0,979,248.0,798,95.0,1580,958,21.1,58.3,1.4444,0,0,0,0,0,1,0
13,2.1,1044,185.0,11.7,1039,333.0,771,127.0,1609,1076,23.3,47.1,1.3281,0,0,0,0,0,1,0
14,1.7,1005,135.0,9.8,972,279.0,834,102.0,1514,952,22.9,47.9,1.3208,0,0,0,0,0,1,0
15,1.9,1021,274.66667,10.2,985,339.0,816,107.0,1524,977,23.3,46.2,1.301,0,0,0,0,0,1,0
16,2.3,1064,263.0,12.0,1048,315.0,772,110.0,1574,1059,23.7,45.4,1.315,0,0,0,0,0,1,0
17,3.3,1167,382.0,17.7,1231,365.0,659,124.0,1745,1199,23.8,46.1,1.3373,0,0,0,0,0,1,0
18,3.5,1167,651.0,18.8,1263,338.0,640,113.0,1790,1212,23.0,49.3,1.3689,0,0,0,0,0,1,0
19,3.6,1164,278.66667,17.6,1227,318.0,658,104.0,1800,1193,21.9,53.1,1.3787,0,0,0,0,0,1,0
20,2.9,1092,212.33333,13.8,1110,302.0,725,117.0,1641,1105,21.3,54.8,1.3742,0,0,0,0,0,1,0
21,2.0,997,119.66667,9.4,955,214.0,845,94.0,1528,926,21.2,55.2,1.3699,0,0,0,0,0,1,0
0,1.1,944,133.66667,10.7,1005,363.0,874,109.0,1633,1094,21.3,55.8,1.3974,0,0,0,0,0,0,1
1,0.8,834,64.33333,6.1,817,178.0,1022,72.0,1408,774,21.4,52.1,1.3125,0,0,0,0,0,0,1
2,0.5,796,43.66667,3.2,667,55.0,1162,40.0,1295,558,20.6,56.6,1.3583,0,0,0,0,0,0,1
4,0.3,752,42.33333,1.2,521,32.0,1451,23.0,1247,471,19.7,61.9,1.4017,0,0,0,0,0,0,1
5,0.3,755,33.0,1.3,528,35.0,1472,24.0,1234,471,19.6,59.1,1.3346,0,0,0,0,0,0,1
6,0.5,800,65.0,2.2,598,84.0,1336,41.0,1278,529,19.8,56.7,1.2941,0,0,0,0,0,0,1
7,2.4,1147,239.66667,14.6,1136,456.0,737,99.0,1708,1114,20.2,55.6,1.3043,0,0,0,0,0,0,1
8,2.2,1036,353.33333,9.7,965,342.0,854,91.0,1544,987,19.7,57.8,1.3112,0,0,0,0,0,0,1
9,1.4,926,194.0,6.7,845,239.0,979,81.0,1398,851,20.2,53.1,1.2442,0,0,0,0,0,0,1
10,1.6,961,133.0,7.6,881,337.0,932,95.0,1417,901,22.0,47.0,1.2259,0,0,0,0,0,0,1
11,1.6,951,128.33333,8.6,926,351.0,902,113.0,1460,949,23.5,41.6,1.1884,0,0,0,0,0,0,1
12,1.6,962,214.66667,9.0,940,209.0,889,89.0,1441,855,22.8,41.8,1.1417,0,0,0,0,0,0,1
13,2.1,1004,199.0,10.7,1004,257.0,832,88.0,1490,911,23.4,40.4,1.15,0,0,0,0,0,0,1
14,1.1,893,118.33333,6.3,828,169.0,988,81.0,1357,672,23.2,42.8,1.2017,0,0,0,0,0,0,1
15,1.6,990,252.0,9.4,956,216.0,872,82.0,1476,826,23.6,43.2,1.2433,0,0,0,0,0,0,1
16,2.4,1071,163.66667,12.5,1068,303.0,798,115.0,1556,988,23.9,40.8,1.1937,0,0,0,0,0,0,1
17,2.9,1140,328.0,15.2,1155,320.0,733,112.0,1660,1105,23.6,42.8,1.23,0,0,0,0,0,0,1
18,2.7,1103,382.0,14.8,1143,310.0,741,116.0,1647,1089,23.2,43.3,1.2161,0,0,0,0,0,0,1
19,3.1,1082,316.33333,15.9,1178,341.0,733,129.0,1605,1077,22.8,42.5,1.1608,0,0,0,0,0,0,1
20,2.2,991,270.0,10.0,977,272.0,872,110.0,1448,923,22.3,42.2,1.1209,0,0,0,0,0,0,1
21,1.5,935,95.33333,6.9,852,229.0,978,105.0,1344,824,22.1,43.0,1.1271,0,0,0,0,0,0,1
22,1.2,908,84.0,5.5,790,168.0,1046,90.0,1317,717,22.2,42.7,1.1237,0,0,0,0,0,0,1
23,1.3,927,91.0,6.3,826,173.0,1021,94.0,1331,734,22.1,42.8,1.1265,0,0,0,0,0,0,1
0,1.4,936,65.33333,6.7,844,186.0,978,96.0,1365,776,22.1,43.5,1.1443,1,0,0,0,0,0,0
1,0.9,847,67.0,3.7,694,112.0,1153,70.0,1240,594,21.5,45.6,1.1528,1,0,0,0,0,0,0
2,0.7,812,27.0,3.2,664,79.0,1212,57.0,1215,518,21.1,44.5,1.098,1,0,0,0,0,0,0
4,0.8,793,60.33333,2.7,636,62.0,1213,45.0,1195,514,20.6,45.9,1.0993,1,0,0,0,0,0,0
5,0.5,775,42.66667,2.3,609,58.0,1319,42.0,1190,468,20.2,46.7,1.0899,1,0,0,0,0,0,0
6,0.8,835,42.0,3.6,690,122.0,1183,71.0,1257,621,20.1,47.8,1.1144,1,0,0,0,0,0,0
7,1.2,913,109.0,6.4,830,173.0,980,82.0,1371,757,20.0,50.7,1.1724,1,0,0,0,0,0,0
8,1.1,903,177.0,5.0,765,176.0,1035,81.0,1317,712,20.7,49.7,1.197,1,0,0,0,0,0,0
9,1.6,982,158.66667,7.9,895,233.0,892,89.0,1413,859,24.3,39.5,1.1842,1,0,0,0,0,0,0
10,1.4,925,107.66667,6.6,838,210.0,949,83.0,1324,728,25.4,34.8,1.1119,1,0,0,0,0,0,0
11,1.2,895,86.33333,5.2,776,178.0,1024,82.0,1274,640,26.6,30.7,1.0501,1,0,0,0,0,0,0
12,1.4,930,137.0,6.6,838,189.0,957,78.0,1319,680,27.7,28.1,1.0272,1,0,0,0,0,0,0
13,1.6,953,124.66667,7.6,881,210.0,926,79.0,1339,704,27.6,28.7,1.0406,1,0,0,0,0,0,0
14,1.1,885,71.0,5.0,765,162.0,1017,78.0,1268,619,27.6,29.2,1.0594,1,0,0,0,0,0,0
15,1.1,903,95.0,5.3,779,137.0,1010,73.0,1278,583,28.1,28.6,1.0715,1,0,0,0,0,0,0
16,1.3,927,93.0,5.3,781,165.0,994,73.0,1267,594,29.1,26.8,1.0648,1,0,0,0,0,0,0
17,1.5,979,71.0,6.5,835,204.0,936,100.0,1338,700,28.4,28.3,1.0798,1,0,0,0,0,0,0
18,2.0,1050,98.0,9.2,947,266.0,832,122.0,1447,912,26.6,32.1,1.102,1,0,0,0,0,0,0
19,2.4,1091,219.33333,11.6,1037,299.0,770,132.0,1512,1038,25.3,35.3,1.1262,1,0,0,0,0,0,0
20,2.0,1040,202.66667,9.2,946,234.0,827,116.0,1424,952,24.7,37.1,1.1397,1,0,0,0,0,0,0
21,1.5,997,170.33333,7.5,879,181.0,885,109.0,1404,887,23.5,40.6,1.1588,1,0,0,0,0,0,0
22,1.7,1042,276.66667,9.0,938,210.0,816,109.0,1456,1004,22.8,43.4,1.1915,1,0,0,0,0,0,0
23,2.5,1191,214.66667,12.1,1055,304.0,707,116.0,1563,1221,22.2,47.9,1.2626,1,0,0,0,0,0,0
0,2.2,1149,140.0,10.5,996,255.0,754,104.0,1534,1177,21.3,50.5,1.2652,0,1,0,0,0,0,0
1,1.4,973,84.66667,7.1,862,149.0,850,81.0,1436,957,20.6,53.2,1.2742,0,1,0,0,0,0,0
2,1.2,940,77.33333,6.2,823,112.0,891,64.0,1415,853,19.6,56.6,1.2797,0,1,0,0,0,0,0
4,0.9,830,74.66667,3.8,699,90.0,1012,54.0,1339,736,18.8,59.5,1.2758,0,1,0,0,0,0,0
5,0.5,773,40.66667,2.3,609,46.0,1169,35.0,1256,590,19.3,57.0,1.2603,0,1,0,0,0,0,0
6,0.6,811,55.66667,2.9,644,76.0,1144,44.0,1289,655,18.2,60.8,1.2567,0,1,0,0,0,0,0
7,1.0,901,51.33333,4.8,754,139.0,936,62.0,1351,854,16.8,66.8,1.2721,0,1,0,0,0,0,0
8,1.3,969,121.66667,7.7,886,179.0,863,68.0,1451,953,18.6,60.0,1.2757,0,1,0,0,0,0,0
9,1.7,1027,135.33333,8.8,933,224.0,806,85.0,1465,1050,22.2,48.0,1.2678,0,1,0,0,0,0,0
10,2.2,1094,203.0,10.6,1002,272.0,755,110.0,1536,1114,26.5,35.7,1.2149,0,1,0,0,0,0,0
11,2.1,1083,234.0,10.2,984,251.0,784,115.0,1485,1049,30.0,28.5,1.1883,0,1,0,0,0,0,0
12,2.2,1098,109.66667,11.0,1015,250.0,754,129.0,1508,996,32.2,24.7,1.1696,0,1,0,0,0,0,0
13,2.0,1059,136.66667,11.9,1047,178.0,761,106.0,1549,841,29.6,28.6,1.1628,0,1,0,0,0,0,0
14,2.0,1021,182.66667,10.8,1009,137.0,771,87.0,1545,769,29.8,28.5,1.1809,0,1,0,0,0,0,0
15,1.2,925,70.66667,5.1,768,119.0,987,70.0,1289,541,31.1,26.1,1.163,0,1,0,0,0,0,0
16,1.8,1045,123.33333,8.3,910,193.0,878,106.0,1385,742,34.6,22.4,1.212,0,1,0,0,0,0,0
17,4.3,1303,204.0,20.7,1317,329.0,631,151.0,1816,1196,33.2,25.4,1.2722,0,1,0,0,0,0,0
18,3.8,1254,350.33333,16.8,1204,413.0,668,179.0,1655,1338,30.0,31.4,1.3074,0,1,0,0,0,0,0
19,4.4,1345,326.66667,20.4,1306,489.0,587,188.0,1806,1416,27.5,38.1,1.3756,0,1,0,0,0,0,0
20,3.8,1273,328.33333,15.3,1159,470.0,645,187.0,1704,1341,26.2,42.5,1.423,0,1,0,0,0,0,0
21,1.9,1096,262.33333,8.8,931,228.0,766,121.0,1506,1019,24.7,46.4,1.4206,0,1,0,0,0,0,0
22,1.7,1077,151.0,8.5,920,169.0,778,99.0,1509,935,23.6,50.0,1.4383,0,1,0,0,0,0,0
23,1.8,1084,155.66667,8.7,929,189.0,751,100.0,1517,1081,22.7,53.6,1.4632,0,1,0,0,0,0,0
0,1.1,980,115.33333,5.7,800,100.0,863,79.0,1407,903,22.7,53.8,1.4666,0,0,1,0,0,0,0
1,0.8,882,83.66667,4.0,713,71.0,978,57.0,1343,731,22.8,53.0,1.4577,0,0,1,0,0,0,0
2,0.7,851,76.0,3.0,655,52.0,1051,43.0,1301,625,21.4,57.6,1.4469,0,0,1,0,0,0,0
4,0.5,804,82.0,2.2,601,57.0,1122,50.0,1281,646,19.5,63.5,1.4269,0,0,1,0,0,0,0
5,0.5,823,67.0,2.7,631,69.0,1090,47.0,1304,671,20.2,60.8,1.4243,0,0,1,0,0,0,0
6,0.9,903,51.33333,4.7,748,126.0,937,60.0,1373,801,19.4,63.5,1.4139,0,0,1,0,0,0,0
7,3.5,1310,381.66667,21.7,1344,376.0,573,91.0,2026,1353,18.7,65.6,1.4039,0,0,1,0,0,0,0
9,5.7,1479,615.66667,27.5,1490,737.0,494,159.0,2146,1749,23.5,49.7,1.4156,0,0,1,0,0,0,0
10,3.5,1285,510.0,18.1,1243,481.0,599,173.0,1815,1582,26.4,41.9,1.4237,0,0,1,0,0,0,0
11,3.7,1262,490.33333,18.6,1258,425.0,597,174.0,1835,1484,29.9,34.0,1.4096,0,0,1,0,0,0,0
12,3.1,1225,366.0,17.6,1227,330.0,643,165.0,1774,1321,31.5,30.8,1.4017,0,0,1,0,0,0,0
13,3.0,1162,398.33333,16.3,1188,303.0,676,136.0,1681,1125,30.2,30.2,1.2744,0,0,1,0,0,0,0
14,2.6,1103,287.0,11.8,1044,283.0,757,125.0,1523,967,30.5,29.3,1.2612,0,0,1,0,0,0,0
15,2.4,1120,179.33333,11.9,1045,264.0,752,122.0,1563,975,31.8,27.4,1.2673,0,0,1,0,0,0,0
16,2.6,1169,278.33333,15.5,1163,280.0,708,124.0,1639,1025,34.3,23.2,1.2326,0,0,1,0,0,0,0
17,5.0,1386,242.0,28.8,1522,505.0,560,184.0,1990,1469,34.1,23.0,1.2081,0,0,1,0,0,0,0
18,5.6,1426,366.0,31.1,1577,566.0,521,200.0,2080,1648,30.5,29.2,1.2585,0,0,1,0,0,0,0
19,6.5,1476,710.0,34.9,1663,681.0,473,225.0,2167,1785,28.1,32.4,1.2173,0,0,1,0,0,0,0
20,4.1,1167,393.0,19.5,1282,448.0,633,168.0,1685,1371,26.5,31.7,1.0787,0,0,1,0,0,0,0
21,2.1,1032,139.33333,11.7,1039,231.0,761,118.0,1455,1071,24.8,33.7,1.0377,0,0,1,0,0,0,0
22,2.0,1034,106.0,9.9,972,230.0,747,115.0,1437,1118,23.9,38.1,1.1123,0,0,1,0,0,0,0
23,1.4,986,101.33333,7.7,885,146.0,835,94.0,1407,931,23.0,43.0,1.1897,0,0,1,0,0,0,0
0,0.8,908,86.66667,4.4,732,77.0,966,62.0,1311,722,23.5,44.7,1.2755,0,0,0,1,0,0,0
1,0.8,891,58.0,4.1,714,82.0,957,68.0,1295,773,22.3,47.7,1.2643,0,0,0,1,0,0,0
2,0.6,843,57.0,3.1,656,55.0,1042,50.0,1271,665,22.1,49.8,1.3094,0,0,0,1,0,0,0
4,0.4,814,28.0,2.1,589,42.0,1119,36.0,1246,565,20.8,55.9,1.3581,0,0,0,1,0,0,0
5,0.6,869,47.0,3.3,673,102.0,1033,53.0,1307,688,18.8,63.0,1.3582,0,0,0,1,0,0,0
6,1.4,1013,59.33333,8.1,905,231.0,804,79.0,1499,974,18.3,65.5,1.3686,0,0,0,1,0,0,0
7,5.6,1515,585.66667,31.4,1584,699.0,496,133.0,2288,1591,18.2,66.1,1.3679,0,0,0,1,0,0,0
8,7.3,1587,937.33333,41.2,1795,738.0,425,148.0,2531,1820,19.6,60.7,1.3713,0,0,0,1,0,0,0
9,5.3,1490,557.66667,27.3,1487,665.0,508,161.0,2115,1807,22.6,51.4,1.392,0,0,0,1,0,0,0
10,4.4,1435,543.0,24.2,1408,598.0,537,191.0,1991,1704,25.8,44.2,1.4512,0,0,0,1,0,0,0
11,3.1,1246,201.66667,17.0,1209,340.0,632,158.0,1792,1270,28.5,39.0,1.4928,0,0,0,1,0,0,0
12,3.3,1266,304.33333,17.7,1231,374.0,615,157.0,1768,1265,30.1,35.1,1.4782,0,0,0,1,0,0,0
13,3.8,1277,410.66667,19.3,1277,401.0,586,188.0,1846,1226,29.4,36.4,1.4718,0,0,0,1,0,0,0
14,2.3,1142,211.66667,12.7,1073,275.0,671,143.0,1635,987,29.2,37.9,1.5116,0,0,0,1,0,0,0
15,2.6,1207,274.66667,14.6,1136,278.0,645,152.0,1696,1024,30.5,34.9,1.5015,0,0,0,1,0,0,0
16,3.2,1252,213.66667,17.8,1233,342.0,618,168.0,1759,1127,31.5,31.4,1.431,0,0,0,1,0,0,0
17,5.0,1399,338.66667,26.6,1468,479.0,531,205.0,2072,1442,31.2,31.4,1.3987,0,0,0,1,0,0,0
18,5.6,1464,656.0,30.3,1559,553.0,485,204.0,2158,1639,28.5,37.2,1.4282,0,0,0,1,0,0,0
19,5.4,1422,561.66667,28.7,1520,531.0,494,210.0,2087,1624,26.7,42.3,1.4618,0,0,0,1,0,0,0
20,4.4,1308,373.66667,20.0,1297,428.0,567,173.0,1899,1454,24.8,49.0,1.5092,0,0,0,1,0,0,0
21,2.4,1137,218.66667,11.9,1047,229.0,680,123.0,1620,1138,23.6,53.6,1.5374,0,0,0,1,0,0,0
22,1.5,1040,96.33333,8.1,903,145.0,782,92.0,1494,951,23.0,55.8,1.548,0,0,0,1,0,0,0
23,1.3,1018,103.0,7.7,885,112.0,809,77.0,1491,864,22.1,58.4,1.5393,0,0,0,1,0,0,0
0,1.1,962,76.66667,5.9,808,99.0,866,74.0,1430,868,22.6,56.3,1.5233,0,0,0,0,1,0,0
1,1.0,930,63.0,5.1,768,98.0,916,74.0,1409,825,21.0,61.3,1.5031,0,0,0,0,1,0,0
2,0.6,812,42.33333,2.4,613,54.0,1133,47.0,1302,626,23.0,54.0,1.501,0,0,0,0,1,0,0
4,0.6,878,64.33333,3.8,702,59.0,949,44.0,1373,822,18.3,70.8,1.4794,0,0,0,0,1,0,0
5,0.8,922,32.0,5.0,764,162.0,892,69.0,1415,905,18.1,72.5,1.4876,0,0,0,0,1,0,0
6,1.5,1047,43.0,9.7,965,268.0,737,79.0,1606,1075,18.3,71.0,1.4807,0,0,0,0,1,0,0
7,4.1,1376,475.66667,25.9,1452,531.0,521,108.0,2123,1541,18.5,68.9,1.4565,0,0,0,0,1,0,0
8,5.5,1514,673.0,34.3,1648,517.0,457,119.0,2400,1749,20.1,62.7,1.461,0,0,0,0,1,0,0
9,5.5,1494,664.0,29.0,1528,701.0,479,165.0,2201,1798,23.5,52.0,1.4833,0,0,0,0,1,0,0
10,3.7,1316,469.0,20.0,1298,510.0,562,172.0,1888,1584,26.8,42.7,1.4864,0,0,0,0,1,0,0
11,3.3,1269,366.0,18.3,1247,415.0,597,180.0,1813,1441,29.1,36.7,1.4543,0,0,0,0,1,0,0
12,2.5,1152,329.33333,13.4,1099,243.0,674,130.0,1631,1093,30.8,32.0,1.4014,0,0,0,0,1,0,0
13,2.6,1138,287.0,14.0,1117,267.0,657,120.0,1646,1019,27.9,37.0,1.372,0,0,0,0,1,0,0
14,2.2,1132,179.33333,12.1,1052,233.0,680,117.0,1609,944,28.5,37.3,1.4291,0,0,0,0,1,0,0
15,2.6,1186,175.0,15.3,1159,295.0,640,141.0,1701,1046,30.2,32.9,1.3865,0,0,0,0,1,0,0
16,2.9,1228,266.66667,16.1,1184,309.0,657,151.0,1724,1089,32.9,27.7,1.3622,0,0,0,0,1,0,0
17,5.0,1424,449.66667,27.3,1486,506.0,523,218.0,2084,1537,32.2,28.8,1.3624,0,0,0,0,1,0,0
18,5.1,1427,729.0,26.2,1458,479.0,507,213.0,2049,1566,28.8,39.0,1.5203,0,0,0,0,1,0,0
19,5.2,1387,578.33333,26.7,1473,460.0,508,194.0,2065,1510,26.7,43.3,1.4881,0,0,0,0,1,0,0
20,3.8,1284,323.0,18.3,1249,363.0,582,167.0,1842,1300,24.6,54.0,1.6461,0,0,0,0,1,0,0
21,2.2,1110,149.66667,11.9,1045,213.0,688,115.0,1638,1058,23.4,59.9,1.6992,0,0,0,0,1,0,0
22,2.1,1110,149.0,11.5,1032,183.0,702,98.0,1650,1002,22.5,62.6,1.6883,0,0,0,0,1,0,0
23,1.8,1077,135.33333,9.6,964,163.0,749,93.0,1571,923,22.9,62.0,1.7127,0,0,0,0,1,0,0
0,1.6,1037,79.66667,8.0,898,152.0,793,87.0,1539,836,22.2,64.9,1.719,0,0,0,0,0,1,0
1,1.4,1002,81.66667,6.9,854,104.0,818,71.0,1513,779,21.4,68.5,1.7261,0,0,0,0,0,1,0
2,0.8,865,54.33333,3.7,694,61.0,989,49.0,1385,678,22.2,63.0,1.6673,0,0,0,0,0,1,0
4,0.83333,824,53.33333,2.2,602,54.0,1138,44.0,1337,593,21.1,63.8,1.5817,0,0,0,0,0,1,0
5,0.5,847,32.66667,2.5,620,84.0,1085,58.0,1339,670,22.9,57.5,1.5879,0,0,0,0,0,1,0
6,0.9,961,49.0,6.3,828,132.0,892,66.0,1491,837,21.3,63.2,1.5794,0,0,0,0,0,1,0
7,3.2,1336,515.33333,21.6,1340,422.0,540,112.0,2049,1400,21.3,63.5,1.5941,0,0,0,0,0,1,0
8,2.8,1251,663.66667,18.8,1264,282.0,582,104.0,1897,1393,23.7,54.4,1.5765,0,0,0,0,0,1,0
9,2.7,1290,297.0,18.1,1244,293.0,604,103.0,1853,1415,25.0,50.8,1.5903,0,0,0,0,0,1,0
10,2.4,1215,273.33333,14.8,1141,334.0,631,118.0,1766,1285,26.3,48.1,1.6199,0,0,0,0,0,1,0
11,2.7,1248,366.0,15.9,1177,324.0,608,129.0,1784,1230,26.4,47.3,1.6006,0,0,0,0,0,1,0
12,2.8,1233,321.33333,16.1,1184,294.0,610,127.0,1775,1147,29.3,39.5,1.5855,0,0,0,0,0,1,0
13,2.9,1229,358.0,17.2,1217,273.0,599,130.0,1795,1107,29.0,39.6,1.5581,0,0,0,0,0,1,0
14,2.6,1206,200.0,15.8,1175,275.0,618,130.0,1746,1068,29.8,38.0,1.5642,0,0,0,0,0,1,0
15,2.6,1215,277.66667,15.1,1150,282.0,608,118.0,1733,1115,30.4,37.2,1.588,0,0,0,0,0,1,0
16,3.2,1330,291.33333,18.9,1264,323.0,586,146.0,1860,1362,31.5,34.9,1.5903,0,0,0,0,0,1,0
17,4.6,1446,395.33333,25.2,1434,442.0,522,190.0,2075,1619,31.6,34.8,1.5925,0,0,0,0,0,1,0
18,4.9,1446,572.66667,26.1,1458,431.0,501,189.0,2059,1572,29.0,40.5,1.5949,0,0,0,0,0,1,0
19,4.7,1421,462.66667,25.6,1444,402.0,510,173.0,2056,1446,27.2,45.9,1.6302,0,0,0,0,0,1,0
20,3.3,1247,347.0,16.9,1206,313.0,600,148.0,1785,1233,26.2,48.7,1.6256,0,0,0,0,0,1,0
21,2.3,1168,164.33333,12.6,1070,228.0,667,116.0,1646,1102,25.1,50.5,1.584,0,0,0,0,0,1,0
22,2.1,1111,160.66667,10.3,991,218.0,721,109.0,1559,1028,24.1,50.7,1.4959,0,0,0,0,0,1,0
23,1.7,1071,152.66667,8.9,934,179.0,763,94.0,1504,942,22.5,53.7,1.4486,0,0,0,0,0,1,0
0,1.0,969,72.66667,6.5,835,97.0,859,64.0,1437,773,22.7,53.7,1.458,0,0,0,0,0,0,1
1,0.9,942,48.66667,5.3,780,83.0,915,59.0,1419,737,21.5,57.9,1.4658,0,0,0,0,0,0,1
2,0.7,923,64.33333,4.6,744,80.0,908,64.0,1394,815,22.3,55.8,1.4828,0,0,0,0,0,0,1
4,0.4,851,46.0,2.5,618,66.0,1099,52.0,1351,642,21.1,59.9,1.4789,0,0,0,0,0,0,1
5,0.5,868,43.0,2.8,639,109.0,1093,55.0,1367,610,20.4,63.0,1.4946,0,0,0,0,0,0,1
6,1.3,1062,145.66667,8.4,915,232.0,792,83.0,1579,929,20.8,62.2,1.5119,0,0,0,0,0,0,1
7,3.5,1418,569.0,21.1,1328,535.0,546,114.0,2017,1427,21.3,61.6,1.5452,0,0,0,0,0,0,1
8,5.5,1600,777.33333,34.0,1641,684.0,440,137.0,2430,1776,21.9,60.2,1.56,0,0,0,0,0,0,1
9,5.6,1583,664.0,29.4,1538,803.0,461,160.0,2214,1788,23.0,56.4,1.5614,0,0,0,0,0,0,1
10,3.4,1338,490.33333,20.3,1305,539.0,543,138.0,1929,1521,25.1,49.5,1.5572,0,0,0,0,0,0,1
11,3.2,1285,394.33333,18.4,1252,364.0,581,134.0,1866,1293,26.6,44.3,1.5229,0,0,0,0,0,0,1
12,3.7,1376,445.0,22.3,1359,422.0,530,143.0,1998,1435,26.2,46.0,1.5422,0,0,0,0,0,0,1
13,4.6,1467,539.0,26.9,1477,483.0,491,153.0,2114,1592,25.4,48.7,1.5594,0,0,0,0,0,0,1
14,4.2,1442,378.66667,24.0,1403,496.0,518,145.0,2026,1551,25.6,48.3,1.558,0,0,0,0,0,0,1
15,3.3,1358,318.33333,19.3,1277,403.0,563,123.0,1892,1429,25.7,47.8,1.5548,0,0,0,0,0,0,1
16,2.7,1222,274.33333,14.5,1133,282.0,624,96.0,1698,1195,24.9,49.2,1.5251,0,0,0,0,0,0,1
17,2.2,1134,258.66667,11.1,1017,268.0,724,107.0,1632,981,18.3,75.4,1.5682,0,0,0,0,0,0,1
18,2.8,1120,357.0,10.4,993,306.0,725,119.0,1565,962,16.3,73.9,1.3601,0,0,0,0,0,0,1
19,2.9,1103,361.0,10.5,997,293.0,736,109.0,1552,914,15.6,75.7,1.3345,0,0,0,0,0,0,1
20,2.0,985,218.66667,5.8,805,240.0,895,107.0,1390,785,15.4,76.6,1.3334,0,0,0,0,0,0,1
21,0.7,795,62.66667,2.2,596,93.0,1227,57.0,1188,482,14.0,75.4,1.1988,0,0,0,0,0,0,1
22,0.6,787,57.33333,2.0,584,99.0,1317,60.0,1129,446,14.9,60.5,1.0213,0,0,0,0,0,0,1
23,1.2,839,92.0,3.8,701,55.0,1128,22.0,1156,553,15.5,50.9,0.888,0,0,0,0,0,0,1
0,1.2,835,88.0,3.9,705,19.0,1117,2.0,1161,592,15.6,50.0,0.8773,1,0,0,0,0,0,0
1,1.1,837,45.33333,3.7,693,26.0,1096,7.0,1178,584,15.4,53.6,0.9326,1,0,0,0,0,0,0
2,0.6,761,45.66667,1.7,563,26.0,1316,8.0,1106,451,15.4,53.9,0.9334,1,0,0,0,0,0,0
4,0.3,724,27.66667,1.0,495,42.0,1531,27.0,1071,391,15.3,53.1,0.9181,1,0,0,0,0,0,0
5,0.3,718,22.66667,0.9,486,32.0,1531,14.0,1072,398,15.4,53.7,0.9295,1,0,0,0,0,0,0
6,0.4,744,34.0,1.3,525,25.0,1434,3.0,1097,430,15.5,53.3,0.9308,1,0,0,0,0,0,0
7,0.6,782,56.33333,2.1,591,28.0,1287,9.0,1130,461,15.4,52.7,0.9178,1,0,0,0,0,0,0
8,0.7,798,53.33333,2.5,619,41.0,1204,14.0,1138,500,15.7,51.1,0.9056,1,0,0,0,0,0,0
9,1.0,867,98.0,4.6,744,130.0,1067,52.0,1207,594,16.9,47.7,0.9142,1,0,0,0,0,0,0
10,1.1,862,45.66667,4.3,729,173.0,1103,64.0,1171,603,18.2,41.9,0.8674,1,0,0,0,0,0,0
11,1.5,915,48.33333,6.5,834,168.0,1006,66.0,1243,686,19.1,37.0,0.8104,1,0,0,0,0,0,0
12,1.4,857,64.0,6.0,813,51.0,1040,14.0,1183,622,19.3,34.8,0.771,1,0,0,0,0,0,0
13,1.4,837,73.33333,6.0,812,31.0,1065,9.0,1171,624,19.8,31.2,0.7127,1,0,0,0,0,0,0
14,1.0,805,55.0,4.5,740,41.0,1161,12.0,1117,565,19.8,31.1,0.7104,1,0,0,0,0,0,0
15,0.9,781,44.66667,3.9,705,41.0,1203,14.0,1068,514,20.2,28.6,0.6717,1,0,0,0,0,0,0
16,1.1,815,55.33333,4.6,743,54.0,1183,21.0,1095,536,22.1,24.8,0.6514,1,0,0,0,0,0,0
17,1.3,877,76.33333,6.7,844,112.0,1048,43.0,1193,669,21.1,27.7,0.6853,1,0,0,0,0,0,0
18,1.8,926,77.0,8.9,935,178.0,931,62.0,1262,786,20.1,30.3,0.7045,1,0,0,0,0,0,0
19,2.4,987,133.0,9.8,971,218.0,876,68.0,1312,891,19.5,33.0,0.7384,1,0,0,0,0,0,0
20,2.7,1004,153.33333,10.8,1007,241.0,848,81.0,1321,926,19.3,32.3,0.7163,1,0,0,0,0,0,0
21,1.7,897,160.0,7.4,875,223.0,937,88.0,1227,902,18.4,33.2,0.6975,1,0,0,0,0,0,0
22,2.2,1002,231.66667,10.3,989,279.0,840,99.0,1358,1011,17.8,36.5,0.7366,1,0,0,0,0,0,0
23,2.8,1126,253.33333,13.8,1111,330.0,746,98.0,1473,1249,17.8,39.9,0.8035,1,0,0,0,0,0,0
0,2.4,1067,162.33333,10.9,1013,330.0,794,97.0,1350,1133,17.0,43.0,0.8242,0,1,0,0,0,0,0
1,2.5,1063,173.33333,11.7,1040,341.0,739,101.0,1413,1166,15.5,52.2,0.9136,0,1,0,0,0,0,0
2,1.4,915,126.0,7.8,893,205.0,872,90.0,1287,953,15.6,51.9,0.9135,0,1,0,0,0,0,0
4,1.23333,844,80.66667,5.5,786,130.0,969,61.0,1226,831,13.4,59.9,0.9173,0,1,0,0,0,0,0
5,0.9,816,59.66667,4.5,739,102.0,999,55.0,1188,793,12.5,63.2,0.9146,0,1,0,0,0,0,0
6,0.6,768,58.33333,3.3,671,79.0,1128,46.0,1153,700,13.6,57.6,0.8941,0,1,0,0,0,0,0
7,1.0,835,48.0,5.4,785,148.0,989,56.0,1224,780,12.2,63.2,0.8964,0,1,0,0,0,0,0
8,1.6,944,120.0,8.2,908,261.0,865,83.0,1321,931,14.6,56.4,0.9319,0,1,0,0,0,0,0
9,0.9,810,79.66667,3.0,651,107.0,1170,55.0,1117,575,19.8,38.6,0.8831,0,1,0,0,0,0,0
10,0.9,819,48.66667,3.0,655,103.0,1222,47.0,1104,507,21.6,33.4,0.8519,0,1,0,0,0,0,0
11,1.0,844,60.0,3.5,680,122.0,1147,61.0,1129,518,22.0,32.2,0.8407,0,1,0,0,0,0,0
12,1.0,846,55.33333,3.6,688,127.0,1127,58.0,1138,518,22.7,30.2,0.8217,0,1,0,0,0,0,0
13,0.9,842,48.0,4.0,711,110.0,1077,59.0,1160,516,22.3,30.4,0.8063,0,1,0,0,0,0,0
14,0.9,840,53.0,4.2,722,98.0,1048,54.0,1169,507,22.1,30.5,0.7981,0,1,0,0,0,0,0
15,0.9,815,34.33333,3.1,657,146.0,1166,69.0,1098,490,22.1,29.5,0.7761,0,1,0,0,0,0,0
16,0.9,838,37.0,3.5,685,119.0,1176,54.0,1121,465,23.4,27.1,0.7681,0,1,0,0,0,0,0
17,2.7,992,72.66667,10.3,987,234.0,823,95.0,1327,781,23.1,27.0,0.7538,0,1,0,0,0,0,0
18,2.2,990,99.66667,7.8,891,261.0,908,99.0,1278,765,21.5,31.4,0.7943,0,1,0,0,0,0,0
19,3.3,1066,115.33333,10.7,1004,371.0,795,127.0,1384,1006,20.3,35.5,0.833,0,1,0,0,0,0,0
20,2.1,971,124.0,7.3,870,266.0,911,98.0,1287,798,19.6,36.3,0.8193,0,1,0,0,0,0,0
21,1.8,963,208.66667,7.7,887,268.0,853,112.0,1311,938,18.7,39.7,0.8482,0,1,0,0,0,0,0
22,1.9,1010,110.0,8.6,925,294.0,829,115.0,1351,996,18.0,42.7,0.8745,0,1,0,0,0,0,0
23,2.3,1054,187.0,10.0,978,303.0,768,114.0,1398,1109,17.1,47.6,0.9208,0,1,0,0,0,0,0
0,1.9,998,149.0,8.5,920,241.0,802,103.0,1365,1042,16.6,51.3,0.9634,0,0,1,0,0,0,0
1,1.3,919,112.66667,5.8,802,142.0,891,81.0,1265,940,15.9,55.2,0.9881,0,0,1,0,0,0,0
2,1.0,884,78.66667,5.0,764,110.0,921,75.0,1247,900,14.9,58.9,0.9891,0,0,1,0,0,0,0
4,0.6,820,117.0,3.4,674,104.0,1024,64.0,1188,790,14.0,62.6,0.9948,0,0,1,0,0,0,0
5,0.9,894,136.33333,5.6,794,179.0,889,71.0,1266,908,14.1,61.7,0.9844,0,0,1,0,0,0,0
6,1.5,988,206.66667,9.0,941,361.0,801,99.0,1399,1035,14.4,60.3,0.9802,0,0,1,0,0,0,0
7,5.5,1372,378.66667,26.9,1477,799.0,542,132.0,1973,1556,15.0,57.7,0.9778,0,0,1,0,0,0,0
8,4.0,1209,663.66667,18.8,1262,614.0,618,135.0,1708,1392,16.9,50.3,0.958,0,0,1,0,0,0,0
9,1.8,951,188.0,8.2,908,275.0,873,94.0,1314,904,19.7,40.2,0.9108,0,0,1,0,0,0,0
10,1.9,992,215.33333,9.1,943,325.0,847,103.0,1351,936,22.2,33.6,0.8886,0,0,1,0,0,0,0
11,1.7,964,103.33333,9.2,947,327.0,862,123.0,1328,907,23.7,29.6,0.8537,0,0,1,0,0,0,0
12,1.6,917,129.33333,8.3,910,252.0,886,95.0,1275,744,21.9,30.7,0.7961,0,0,1,0,0,0,0
13,1.9,937,146.0,9.1,942,226.0,852,90.0,1276,773,22.3,29.5,0.7838,0,0,1,0,0,0,0
14,1.6,961,118.33333,9.2,949,230.0,853,99.0,1306,812,23.8,27.0,0.7845,0,0,1,0,0,0,0
15,1.8,969,265.0,9.6,962,244.0,829,107.0,1316,856,23.3,28.3,0.8012,0,0,1,0,0,0,0
16,2.0,1020,151.33333,11.8,1042,251.0,788,112.0,1401,927,24.2,27.2,0.8128,0,0,1,0,0,0,0
17,3.1,1107,367.33333,17.3,1219,346.0,683,132.0,1582,1131,25.1,25.8,0.8065,0,0,1,0,0,0,0
18,3.9,1119,592.0,17.8,1233,407.0,670,148.0,1539,1270,22.3,29.2,0.7773,0,0,1,0,0,0,0
19,4.3,1173,549.66667,20.9,1322,490.0,633,158.0,1679,1365,20.8,32.5,0.7873,0,0,1,0,0,0,0
20,3.5,1097,371.33333,14.9,1144,434.0,702,145.0,1517,1274,19.1,36.8,0.8066,0,0,1,0,0,0,0
21,2.4,1018,215.66667,11.3,1024,345.0,758,128.0,1400,1169,18.1,39.9,0.8232,0,0,1,0,0,0,0
22,1.5,932,147.33333,8.4,914,192.0,837,105.0,1298,1000,17.4,42.8,0.8463,0,0,1,0,0,0,0
23,1.3,897,90.0,6.8,849,157.0,891,90.0,1253,910,16.7,46.6,0.8793,0,0,1,0,0,0,0
0,1.0,840,57.66667,4.9,758,148.0,994,85.0,1189,829,17.1,46.8,0.9054,0,0,0,1,0,0,0
1,0.8,802,57.66667,3.5,680,105.0,1091,73.0,1137,756,15.3,51.9,0.8982,0,0,0,1,0,0,0
2,0.5,765,43.0,2.8,637,141.0,1138,74.0,1113,742,15.0,52.8,0.8929,0,0,0,1,0,0,0
4,0.5,748,70.66667,2.2,595,107.0,1208,61.0,1089,677,12.8,59.8,0.8801,0,0,0,1,0,0,0
5,0.7,791,102.0,3.9,704,166.0,1057,69.0,1154,748,11.9,62.7,0.8726,0,0,0,1,0,0,0
6,1.2,875,76.33333,7.3,871,241.0,890,82.0,1253,890,12.1,62.6,0.8825,0,0,0,1,0,0,0
7,2.4,1085,148.0,15.5,1164,368.0,707,120.0,1503,1155,13.5,58.2,0.8944,0,0,0,1,0,0,0
8,4.3,1268,452.0,27.1,1482,498.0,550,135.0,1849,1533,14.4,55.7,0.9087,0,0,0,1,0,0,0
9,4.1,1236,651.33333,21.3,1332,641.0,601,152.0,1683,1550,17.8,45.7,0.9224,0,0,0,1,0,0,0
10,3.7,1274,618.0,19.9,1294,667.0,615,177.0,1595,2236,21.0,37.2,0.9155,0,0,0,1,0,0,0
11,3.4,1250,539.66667,19.4,1280,550.0,618,181.0,1663,2178,24.5,29.8,0.9008,0,0,0,1,0,0,0
12,3.8,1224,560.0,21.8,1347,483.0,602,176.0,1670,1901,26.4,26.4,0.8969,0,0,0,1,0,0,0
13,4.1,1220,431.66667,21.7,1344,524.0,605,163.0,1676,1743,25.2,26.8,0.8451,0,0,0,1,0,0,0
14,3.4,1166,300.0,18.9,1265,481.0,640,174.0,1570,1502,26.1,24.8,0.8283,0,0,0,1,0,0,0
15,2.3,1050,226.33333,13.0,1084,305.0,748,117.0,1402,1153,26.2,24.4,0.8174,0,0,0,1,0,0,0
16,3.2,1174,262.0,18.8,1264,396.0,670,145.0,1598,1287,28.9,21.3,0.8382,0,0,0,1,0,0,0
17,4.8,1323,376.66667,26.8,1474,501.0,554,173.0,1854,1547,28.0,23.3,0.8681,0,0,0,1,0,0,0
18,6.7,1432,541.66667,36.9,1706,702.0,488,204.0,2098,1842,24.7,27.9,0.8559,0,0,0,1,0,0,0
19,7.5,1479,549.33333,39.3,1756,755.0,466,209.0,2165,1908,23.0,33.6,0.9302,0,0,0,1,0,0,0
20,4.5,1309,621.66667,23.1,1379,524.0,555,175.0,1841,1693,20.9,45.8,1.1159,0,0,0,1,0,0,0
21,2.1,1089,174.0,11.6,1037,247.0,707,129.0,1480,1336,19.8,48.6,1.113,0,0,0,1,0,0,0
22,1.5,1009,107.0,8.3,911,196.0,788,111.0,1359,1177,19.8,47.7,1.0885,0,0,0,1,0,0,0
23,1.1,930,123.66667,5.7,796,135.0,883,85.0,1263,977,18.6,49.1,1.0435,0,0,0,1,0,0,0
0,1.1,929,86.33333,5.9,805,146.0,879,86.0,1270,974,17.2,53.9,1.0498,0,0,0,0,1,0,0
1,0.9,872,57.66667,4.1,718,106.0,981,71.0,1223,872,16.3,56.8,1.047,0,0,0,0,1,0,0
2,0.5,790,57.0,2.2,601,70.0,1150,60.0,1157,734,17.4,53.4,1.0541,0,0,0,0,1,0,0
4,0.66667,789,42.66667,2.2,596,62.0,1145,48.0,1161,698,14.6,62.1,1.0236,0,0,0,0,1,0,0
5,0.4,769,29.66667,2.0,586,60.0,1221,45.0,1134,650,17.1,52.5,1.013,0,0,0,0,1,0,0
6,0.7,852,53.33333,4.0,713,92.0,1029,53.0,1203,749,15.2,58.3,0.9986,0,0,0,0,1,0,0
7,2.0,1100,143.66667,13.4,1097,277.0,739,94.0,1516,1106,14.9,59.2,0.9985,0,0,0,0,1,0,0
8,4.2,1326,544.66667,28.0,1504,600.0,510,122.0,1968,1609,15.1,59.0,1.0086,0,0,0,0,1,0,0
9,5.2,1433,777.33333,28.6,1518,693.0,499,170.0,1973,1770,19.0,47.8,1.0434,0,0,0,0,1,0,0
10,3.8,1310,513.33333,21.4,1334,617.0,573,174.0,1747,1633,22.4,38.8,1.04,0,0,0,0,1,0,0
11,3.7,1304,466.33333,19.1,1272,569.0,593,191.0,1673,1583,25.4,33.3,1.0679,0,0,0,0,1,0,0
12,3.4,1286,453.66667,19.6,1286,409.0,593,179.0,1728,1449,27.2,30.4,1.081,0,0,0,0,1,0,0
13,3.1,1217,343.0,15.8,1175,335.0,621,148.0,1644,1451,25.5,34.8,1.1152,0,0,0,0,1,0,0
14,2.4,1104,204.66667,13.5,1099,290.0,698,129.0,1483,1147,26.4,28.5,0.9658,0,0,0,0,1,0,0
15,2.8,1143,185.66667,15.9,1176,312.0,677,148.0,1551,1108,27.7,25.1,0.9158,0,0,0,0,1,0,0
16,3.6,1205,196.66667,19.9,1295,440.0,626,184.0,1613,1267,28.6,23.2,0.8917,0,0,0,0,1,0,0
17,4.0,1276,440.66667,21.6,1340,450.0,597,188.0,1677,1303,27.2,26.3,0.9317,0,0,0,0,1,0,0
18,5.6,1440,533.33333,31.0,1573,578.0,491,204.0,1997,1643,25.3,33.0,1.0473,0,0,0,0,1,0,0
19,6.3,1467,725.33333,34.1,1643,615.0,467,201.0,2088,1749,23.2,36.9,1.0346,0,0,0,0,1,0,0
20,4.7,1339,667.33333,22.8,1373,536.0,541,165.0,1797,1585,21.6,43.3,1.1019,0,0,0,0,1,0,0
21,1.9,1108,352.66667,12.3,1061,238.0,685,133.0,1454,1315,21.1,44.8,1.1088,0,0,0,0,1,0,0
22,1.9,1116,183.0,10.9,1012,249.0,699,125.0,1445,1290,19.7,49.3,1.1148,0,0,0,0,1,0,0
23,1.2,981,154.66667,7.1,860,150.0,812,101.0,1298,1059,20.3,47.8,1.1281,0,0,0,0,1,0,0
0,0.9,947,99.33333,5.7,798,108.0,869,79.0,1276,943,19.4,50.3,1.1201,0,0,0,0,0,1,0
13,1.7,1200,89.0,11.2,1021,223.0,678,101.0,1510,1157,24.6,44.1,1.3477,0,0,0,0,0,1,0
14,2.2,1290,88.33333,15.1,1151,267.0,613,113.0,1638,1219,25.6,43.4,1.4049,0,0,0,0,0,1,0
15,2.8,1366,77.66667,17.4,1223,308.0,578,121.0,1744,1288,26.1,42.6,1.4172,0,0,0,0,0,1,0
16,3.9,1505,317.66667,23.4,1388,422.0,516,146.0,1978,1503,25.8,44.8,1.4644,0,0,0,0,0,1,0
17,6.5,1728,430.66667,35.9,1683,623.0,419,188.0,2365,1861,25.4,47.9,1.5346,0,0,0,0,0,1,0
18,6.3,1673,580.0,34.0,1643,572.0,436,182.0,2259,1781,24.6,50.0,1.5241,0,0,0,0,0,1,0
19,5.7,1636,544.66667,30.1,1553,514.0,449,166.0,2130,1745,23.6,54.4,1.5687,0,0,0,0,0,1,0
20,4.4,1468,216.66667,20.0,1296,414.0,529,142.0,1854,1590,22.6,59.5,1.6155,0,0,0,0,0,1,0
21,1.6,1180,225.66667,10.5,997,143.0,677,84.0,1549,1127,22.1,61.3,1.6133,0,0,0,0,0,1,0
22,1.5,1138,119.33333,9.0,938,147.0,700,87.0,1500,1098,22.1,61.3,1.6053,0,0,0,0,0,1,0
23,1.7,1192,125.33333,10.7,1004,159.0,665,91.0,1577,1176,21.1,64.7,1.5956,0,0,0,0,0,1,0
0,1.9,1176,113.0,10.4,993,206.0,659,91.0,1572,1178,20.3,66.4,1.5591,0,0,0,0,0,0,1
1,1.6,1137,90.0,9.7,967,140.0,687,74.0,1557,1091,19.4,69.3,1.5418,0,0,0,0,0,0,1
2,1.3,1035,124.0,6.9,851,132.0,764,69.0,1465,1002,19.0,70.8,1.5417,0,0,0,0,0,0,1
4,0.6,904,64.33333,3.0,655,81.0,968,54.0,1326,824,19.8,67.2,1.5322,0,0,0,0,0,0,1
5,0.7,966,59.33333,4.3,726,120.0,872,60.0,1371,892,19.0,70.3,1.5308,0,0,0,0,0,0,1
6,1.6,1124,190.0,9.8,972,279.0,674,69.0,1568,1092,18.8,71.8,1.5372,0,0,0,0,0,0,1
7,2.9,1348,364.66667,17.2,1217,392.0,559,91.0,1816,1413,20.2,66.3,1.555,0,0,0,0,0,0,1
8,4.1,1499,694.66667,27.9,1501,433.0,469,97.0,2130,1565,20.8,64.3,1.563,0,0,0,0,0,0,1
9,3.7,1427,671.33333,20.5,1311,531.0,503,114.0,1900,1594,22.3,59.3,1.5705,0,0,0,0,0,0,1
10,3.6,1473,435.66667,21.2,1330,619.0,497,129.0,1908,1677,23.2,56.6,1.5929,0,0,0,0,0,0,1
11,3.4,1440,377.66667,19.9,1294,522.0,506,137.0,1879,1616,23.8,54.7,1.587,0,0,0,0,0,0,1
12,3.7,1474,452.0,21.1,1326,505.0,485,134.0,1943,1610,23.5,56.2,1.6048,0,0,0,0,0,0,1
13,4.1,1485,486.0,22.3,1359,465.0,477,132.0,2005,1614,23.9,54.4,1.5963,0,0,0,0,0,0,1
15,2.4,1306,219.66667,12.9,1079,278.0,603,105.0,1668,1286,25.4,47.4,1.517,0,0,0,0,0,0,1
16,3.4,1464,245.33333,18.4,1251,372.0,530,136.0,1853,1487,26.4,45.4,1.54,0,0,0,0,0,0,1
17,5.6,1629,301.0,26.5,1466,540.0,458,169.0,2130,1703,25.8,46.9,1.5375,0,0,0,0,0,0,1
16,2.9,1342,225.66667,15.3,1157,267.0,572,87.0,1707,1195,28.6,37.6,1.4468,0,0,0,0,0,1,0
17,5.4,1623,417.33333,28.8,1522,398.0,447,111.0,2110,1618,28.0,38.5,1.437,0,0,0,0,0,1,0
18,5.3,1576,401.0,26.1,1458,418.0,463,119.0,2024,1637,25.2,45.8,1.4464,0,0,0,0,0,1,0
19,6.7,1747,520.0,37.1,1709,515.0,399,128.0,2370,1876,24.0,50.6,1.4892,0,0,0,0,0,1,0
20,7.0,1757,656.66667,35.7,1680,669.0,396,117.0,2280,1959,23.2,54.7,1.5296,0,0,0,0,0,1,0
21,2.8,1331,313.33333,16.5,1194,326.0,559,92.0,1715,1477,22.3,57.1,1.5219,0,0,0,0,0,1,0
22,1.7,1182,187.66667,11.0,1016,209.0,658,73.0,1572,1210,21.8,58.2,1.5036,0,0,0,0,0,1,0
23,1.7,1162,214.33333,10.8,1008,183.0,658,60.0,1556,1160,20.9,61.3,1.4923,0,0,0,0,0,1,0
0,1.7,1147,122.33333,9.6,964,165.0,668,60.0,1517,1116,20.6,62.0,1.4827,0,0,0,0,0,0,1
1,1.2,1040,111.33333,6.5,836,111.0,762,53.0,1423,974,20.3,62.5,1.472,0,0,0,0,0,0,1
2,0.7,920,117.33333,3.6,688,67.0,920,47.0,1317,820,20.5,62.1,1.4771,0,0,0,0,0,0,1
4,0.8,954,122.0,4.4,731,88.0,865,43.0,1360,839,18.2,70.3,1.4498,0,0,0,0,0,0,1
5,0.9,981,79.33333,5.5,790,147.0,817,47.0,1390,898,18.2,70.1,1.4552,0,0,0,0,0,0,1
6,1.7,1147,192.66667,10.8,1009,279.0,653,50.0,1589,1096,18.2,70.0,1.4519,0,0,0,0,0,0,1
7,5.7,1606,642.33333,31.2,1578,665.0,440,81.0,2205,1786,19.4,66.5,1.4801,0,0,0,0,0,0,1
8,4.3,1490,601.0,24.8,1424,592.0,465,75.0,2033,1604,19.5,66.9,1.4999,0,0,0,0,0,0,1
9,3.9,1473,321.0,24.2,1409,557.0,483,87.0,1984,1637,21.1,61.1,1.5056,0,0,0,0,0,0,1
10,5.1,1582,396.0,29.5,1539,693.0,435,128.0,2141,1827,23.2,54.7,1.5349,0,0,0,0,0,0,1
11,3.7,1468,195.0,21.0,1323,530.0,496,105.0,1913,1641,24.4,52.5,1.5807,0,0,0,0,0,0,1
12,3.3,1413,293.66667,19.6,1285,412.0,518,101.0,1883,1505,26.4,45.8,1.553,0,0,0,0,0,0,1
13,3.6,1400,349.0,21.2,1331,366.0,520,100.0,1916,1465,27.7,39.2,1.4356,0,0,0,0,0,0,1
14,3.2,1361,390.0,18.0,1238,344.0,548,98.0,1805,1368,28.0,39.6,1.4738,0,0,0,0,0,0,1
15,3.5,1389,395.33333,20.5,1311,339.0,525,98.0,1845,1748,28.7,38.4,1.486,0,0,0,0,0,0,1
16,2.4,1305,304.0,15.6,1167,297.0,586,98.0,1690,1301,28.5,39.4,1.5147,0,0,0,0,0,0,1
17,2.9,1354,328.0,19.2,1275,294.0,543,90.0,1799,1338,28.4,39.8,1.5191,0,0,0,0,0,0,1
18,2.3,1352,429.66667,20.0,1296,211.0,534,84.0,1846,1337,26.4,45.9,1.5572,0,0,0,0,0,0,1
19,3.1,1472,590.0,21.1,1327,323.0,497,101.0,1895,1516,25.2,49.5,1.5665,0,0,0,0,0,0,1
20,2.9,1412,509.0,18.6,1256,333.0,525,98.0,1797,1435,24.9,50.9,1.5856,0,0,0,0,0,0,1
21,1.5,1221,215.33333,12.3,1061,163.0,619,76.0,1615,1178,24.6,52.2,1.5951,0,0,0,0,0,0,1
22,1.5,1230,159.0,10.3,990,151.0,652,71.0,1559,1111,24.0,54.4,1.6049,0,0,0,0,0,0,1
23,1.7,1247,208.0,9.6,961,167.0,666,71.0,1569,1112,23.8,56.1,1.6298,0,0,0,0,0,0,1
0,1.6,1217,127.0,9.9,975,174.0,665,66.0,1565,1109,22.3,60.6,1.608,1,0,0,0,0,0,0
1,1.3,1158,110.0,8.6,923,142.0,673,62.0,1519,1072,21.9,61.5,1.5967,1,0,0,0,0,0,0
2,1.4,1150,107.0,7.3,871,155.0,697,58.0,1502,1030,21.1,64.5,1.594,1,0,0,0,0,0,0
4,0.9,1062,83.0,5.1,770,96.0,780,48.0,1450,922,21.3,63.9,1.5951,1,0,0,0,0,0,0
5,1.3,1157,147.33333,7.8,890,154.0,681,53.0,1549,1054,20.8,66.7,1.6201,1,0,0,0,0,0,0
6,1.3,1167,214.66667,8.2,907,211.0,681,55.0,1548,1082,20.6,67.5,1.621,1,0,0,0,0,0,0
7,2.9,1403,350.33333,17.6,1229,381.0,523,63.0,1872,1365,20.9,66.3,1.6165,1,0,0,0,0,0,0
8,3.2,1453,483.33333,20.1,1298,470.0,489,69.0,1940,1497,21.5,63.7,1.6186,1,0,0,0,0,0,0
9,3.4,1455,433.0,18.7,1260,464.0,502,84.0,1868,1540,23.7,56.0,1.6238,1,0,0,0,0,0,0
10,3.6,1512,498.66667,19.5,1282,450.0,498,95.0,1899,1554,26.0,48.2,1.598,1,0,0,0,0,0,0
11,2.3,1331,276.66667,13.0,1082,274.0,588,80.0,1689,1252,28.5,42.4,1.6286,1,0,0,0,0,0,0
12,3.1,1472,333.33333,18.2,1246,306.0,512,87.0,1873,1455,28.1,45.3,1.6957,1,0,0,0,0,0,0
13,3.3,1430,331.66667,16.2,1187,308.0,539,94.0,1812,1339,29.0,43.9,1.7309,1,0,0,0,0,0,0
14,1.9,1264,203.66667,11.0,1016,186.0,624,76.0,1650,1062,28.9,44.3,1.7392,1,0,0,0,0,0,0
15,2.6,1378,248.33333,15.9,1177,238.0,548,92.0,1775,1266,29.6,42.3,1.7248,1,0,0,0,0,0,0
16,2.7,1377,216.66667,14.2,1123,249.0,578,94.0,1716,1223,29.4,42.9,1.7308,1,0,0,0,0,0,0
17,3.7,1527,429.66667,19.9,1293,378.0,502,110.0,1907,1469,28.7,45.1,1.7468,1,0,0,0,0,0,0
18,3.8,1573,656.0,21.7,1343,386.0,470,109.0,1990,1553,27.0,51.2,1.7928,1,0,0,0,0,0,0
19,4.8,1674,437.66667,25.7,1447,461.0,448,122.0,2065,1689,26.5,52.7,1.7966,1,0,0,0,0,0,0
20,3.5,1455,507.0,17.3,1218,394.0,535,107.0,1796,1387,26.2,51.7,1.7334,1,0,0,0,0,0,0
21,2.2,1242,157.0,11.2,1022,266.0,630,83.0,1641,1139,24.8,56.4,1.7447,1,0,0,0,0,0,0
22,1.5,1181,176.66667,8.9,935,158.0,701,62.0,1565,960,24.9,56.0,1.7367,1,0,0,0,0,0,0
23,3.4,1468,223.66667,15.2,1155,319.0,565,89.0,1738,1293,24.5,57.5,1.7433,1,0,0,0,0,0,0
0,3.7,1520,169.0,17.2,1217,409.0,552,103.0,1812,1357,24.7,56.9,1.7438,0,1,0,0,0,0,0
1,2.0,1203,84.0,11.9,1046,223.0,621,74.0,1664,1103,23.9,59.2,1.7327,0,1,0,0,0,0,0
2,1.4,1096,79.0,8.1,903,107.0,732,52.0,1560,857,23.8,60.2,1.7515,0,1,0,0,0,0,0
4,1.36667,941,79.0,3.6,686,50.0,942,38.0,1406,549,22.8,64.0,1.7507,0,1,0,0,0,0,0
5,0.7,952,41.66667,3.7,695,56.0,910,39.0,1429,627,22.2,65.6,1.7355,0,1,0,0,0,0,0
6,1.2,1082,132.33333,6.3,825,163.0,753,59.0,1526,930,21.3,69.1,1.7275,0,1,0,0,0,0,0
7,1.3,1095,96.0,7.7,886,187.0,705,56.0,1574,1001,21.3,68.2,1.7127,0,1,0,0,0,0,0
8,1.1,1049,148.66667,6.3,826,150.0,765,51.0,1521,917,22.2,65.2,1.7256,0,1,0,0,0,0,0
9,1.0,1055,141.0,5.6,795,103.0,807,51.0,1494,834,24.1,59.0,1.7449,0,1,0,0,0,0,0
10,1.2,1074,178.0,5.1,767,143.0,814,58.0,1489,796,24.3,61.6,1.8468,0,1,0,0,0,0,0
11,1.9,1229,193.0,9.0,941,220.0,680,68.0,1653,1040,24.8,59.6,1.8351,0,1,0,0,0,0,0
12,2.3,1228,166.33333,9.3,952,301.0,668,81.0,1622,1110,24.5,58.8,1.7838,0,1,0,0,0,0,0
13,1.6,1107,150.0,5.9,807,214.0,768,73.0,1546,836,21.0,76.8,1.8881,0,1,0,0,0,0,0
14,1.3,1031,91.66667,4.4,732,162.0,872,69.0,1476,704,19.8,78.0,1.7879,0,1,0,0,0,0,0
15,1.8,1155,105.66667,5.8,804,232.0,815,81.0,1510,773,19.4,80.5,1.7917,0,1,0,0,0,0,0
16,1.7,1131,142.33333,6.6,841,254.0,784,82.0,1531,811,19.6,79.1,1.7877,0,1,0,0,0,0,0
17,1.8,1143,148.33333,7.8,890,224.0,744,71.0,1578,848,20.8,73.1,1.7695,0,1,0,0,0,0,0
18,2.0,1145,109.33333,8.4,915,247.0,733,81.0,1586,892,21.1,68.6,1.7014,0,1,0,0,0,0,0
19,2.2,1169,181.0,8.3,910,334.0,726,87.0,1563,992,21.1,68.3,1.6914,0,1,0,0,0,0,0
20,1.6,1105,158.0,8.1,905,239.0,734,72.0,1576,950,21.2,67.7,1.6848,0,1,0,0,0,0,0
21,1.3,1049,188.33333,6.1,817,168.0,806,63.0,1517,882,20.8,68.6,1.6719,0,1,0,0,0,0,0
22,1.5,1069,287.0,6.7,844,185.0,767,63.0,1527,883,20.8,68.1,1.6585,0,1,0,0,0,0,0
23,1.5,1073,137.66667,6.6,838,178.0,768,63.0,1549,892,20.7,68.4,1.6507,0,1,0,0,0,0,0
0,1.3,1039,107.0,6.1,817,132.0,799,55.0,1502,836,20.1,70.5,1.6384,0,0,1,0,0,0,0
1,1.4,1021,113.33333,6.0,811,135.0,794,52.0,1502,837,20.2,67.9,1.5901,0,0,1,0,0,0,0
2,0.5,825,41.66667,1.4,536,39.0,1203,32.0,1302,498,19.4,70.4,1.5663,0,0,1,0,0,0,0
4,0.4,847,41.66667,1.9,576,33.0,1139,29.0,1321,507,17.9,77.7,1.5795,0,0,1,0,0,0,0
5,0.6,903,54.33333,3.4,679,90.0,956,44.0,1385,660,18.2,76.9,1.5945,0,0,1,0,0,0,0
6,1.1,1041,87.0,7.2,865,164.0,757,53.0,1486,902,18.6,74.9,1.5918,0,0,1,0,0,0,0
7,2.9,1314,260.66667,19.0,1267,336.0,559,62.0,1888,1240,19.6,70.3,1.5821,0,0,1,0,0,0,0
8,3.5,1326,607.0,24.5,1416,366.0,499,68.0,1971,1395,20.2,66.6,1.5567,0,0,1,0,0,0,0
9,4.6,1464,638.66667,25.6,1444,565.0,475,85.0,2049,1625,19.7,68.9,1.5638,0,0,1,0,0,0,0
10,3.4,1313,402.66667,17.1,1213,536.0,564,88.0,1789,1359,19.2,73.4,1.6192,0,0,1,0,0,0,0
11,2.3,1202,326.0,12.3,1058,416.0,647,82.0,1623,1152,20.0,69.6,1.607,0,0,1,0,0,0,0
12,2.7,1225,460.0,15.2,1155,379.0,607,91.0,1738,1159,21.1,64.0,1.5795,0,0,1,0,0,0,0
13,3.1,1257,314.0,18.3,1248,368.0,557,87.0,1837,1179,20.2,67.4,1.5832,0,0,1,0,0,0,0
14,3.2,1271,172.0,17.2,1217,444.0,566,90.0,1810,1227,20.2,68.9,1.6074,0,0,1,0,0,0,0
15,2.5,1179,153.0,14.1,1120,352.0,634,97.0,1667,1119,21.9,57.6,1.4942,0,0,1,0,0,0,0
16,3.4,1278,166.33333,18.3,1248,375.0,574,99.0,1814,1243,23.2,52.0,1.4642,0,0,1,0,0,0,0
17,4.8,1435,341.0,25.0,1429,479.0,499,109.0,2072,1449,21.7,59.1,1.5115,0,0,1,0,0,0,0
18,4.5,1326,327.33333,22.2,1356,448.0,525,95.0,1966,1405,20.8,61.4,1.4898,0,0,1,0,0,0,0
19,4.0,1324,419.0,21.4,1335,388.0,537,80.0,1920,1444,19.9,64.2,1.4711,0,0,1,0,0,0,0
20,3.2,1206,399.33333,16.2,1185,376.0,592,76.0,1751,1386,19.7,65.1,1.4769,0,0,1,0,0,0,0
21,1.9,1052,130.33333,10.3,987,224.0,700,62.0,1556,1102,20.0,63.3,1.4672,0,0,1,0,0,0,0
22,1.9,1057,84.0,8.9,934,206.0,743,57.0,1525,1041,19.0,66.1,1.4415,0,0,1,0,0,0,0
23,1.3,952,106.33333,6.5,833,143.0,846,57.0,1381,881,18.8,60.9,1.3032,0,0,1,0,0,0,0
0,1.1,911,90.0,5.1,769,113.0,919,54.0,1340,791,18.9,60.7,1.311,0,0,0,1,0,0,0
1,1.0,898,54.66667,4.6,742,93.0,915,50.0,1345,796,18.1,65.2,1.343,0,0,0,1,0,0,0
2,0.5,809,33.0,2.1,593,58.0,1134,44.0,1277,647,18.3,65.1,1.3529,0,0,0,1,0,0,0
4,0.5,814,43.66667,3.2,666,56.0,1029,34.0,1311,719,17.8,67.5,1.3674,0,0,0,1,0,0,0
5,0.8,857,80.66667,3.9,705,105.0,982,44.0,1312,733,16.9,66.7,1.2772,0,0,0,1,0,0,0
6,1.2,935,126.33333,6.0,810,243.0,881,74.0,1356,835,17.8,60.6,1.2276,0,0,0,1,0,0,0
7,2.7,1159,169.33333,13.8,1110,492.0,671,101.0,1650,1094,17.6,60.8,1.2151,0,0,0,1,0,0,0
8,3.0,1102,112.0,14.8,1141,435.0,648,103.0,1594,1114,17.9,57.8,1.1751,0,0,0,1,0,0,0
9,1.5,896,95.0,5.9,809,286.0,882,78.0,1257,788,15.4,53.2,0.9246,0,0,0,0,1,0,0
10,1.2,882,98.0,5.3,776,281.0,932,72.0,1222,760,16.5,49.9,0.9289,0,0,0,0,1,0,0
16,4.7,1597,524.66667,30.9,1573,652.0,424,167.0,2307,1956,24.8,57.7,1.7765,0,0,0,0,1,0,0
17,8.0,1884,794.33333,43.7,1846,895.0,348,194.0,2595,2203,24.6,58.9,1.8005,0,0,0,0,1,0,0
18,7.7,1835,734.0,40.0,1770,826.0,358,172.0,2474,2073,23.9,61.8,1.8088,0,0,0,0,1,0,0
19,6.8,1759,590.33333,35.9,1684,648.0,373,134.0,2378,1923,23.0,65.9,1.8319,0,0,0,0,1,0,0
20,6.0,1666,674.33333,30.1,1553,629.0,409,130.0,2170,1780,22.4,67.7,1.8161,0,0,0,0,1,0,0
21,4.7,1506,478.0,22.3,1360,529.0,458,113.0,1944,1609,22.0,69.2,1.8061,0,0,0,0,1,0,0
22,3.4,1378,533.33333,17.7,1229,405.0,511,99.0,1820,1466,21.8,69.6,1.79,0,0,0,0,1,0,0
23,3.9,1448,370.33333,19.5,1283,461.0,496,109.0,1877,1504,21.9,68.3,1.7699,0,0,0,0,1,0,0
0,4.4,1481,683.0,22.3,1359,486.0,467,105.0,1957,1518,21.7,69.7,1.7872,0,0,0,0,0,1,0
1,3.3,1289,358.0,15.4,1161,335.0,552,91.0,1765,1289,21.3,70.3,1.7574,0,0,0,0,0,1,0
2,2.0,1109,234.33333,9.3,951,210.0,664,77.0,1570,1076,20.8,71.7,1.7415,0,0,0,0,0,1,0
4,1.83333,1015,178.33333,6.6,839,99.0,754,59.0,1473,970,21.4,69.3,1.7515,0,0,0,0,0,1,0
5,0.8,966,131.0,5.1,771,149.0,830,60.0,1420,900,21.3,69.5,1.7447,0,0,0,0,0,1,0
6,1.3,1088,307.66667,8.8,932,203.0,706,72.0,1565,1034,21.5,67.5,1.708,0,0,0,0,0,1,0
7,2.7,1303,280.33333,16.6,1198,332.0,578,83.0,1791,1235,21.9,64.8,1.683,0,0,0,0,0,1,0
8,3.6,1440,639.0,24.3,1412,446.0,494,104.0,2016,1455,22.6,61.4,1.6645,0,0,0,0,0,1,0
9,3.6,1392,506.33333,20.6,1313,524.0,517,119.0,1866,1478,22.6,61.5,1.6636,0,0,0,0,0,1,0
10,2.6,1248,321.33333,15.6,1167,347.0,572,105.0,1704,1393,25.5,52.3,1.6796,0,0,0,0,0,1,0
11,2.0,1197,248.33333,12.2,1058,273.0,634,91.0,1626,1237,27.0,47.6,1.67,0,0,0,0,0,1,0
12,3.3,1357,309.66667,17.7,1230,404.0,542,103.0,1834,1373,25.2,53.3,1.6834,0,0,0,0,0,1,0
14,2.1,1261,374.0,15.0,1148,312.0,585,111.0,1733,1287,27.2,48.5,1.7172,0,0,0,0,0,1,0
15,2.9,1382,214.0,16.7,1200,369.0,539,101.0,1807,1413,26.9,50.0,1.7507,0,0,0,0,0,1,0
16,3.0,1400,158.33333,17.7,1230,362.0,519,102.0,1864,1483,26.5,52.2,1.7769,0,0,0,0,0,1,0
17,3.2,1443,250.66667,20.9,1322,335.0,488,101.0,1933,1539,27.0,51.0,1.7936,0,0,0,0,0,1,0
18,4.4,1630,311.33333,28.7,1520,447.0,427,118.0,2166,1691,25.9,55.8,1.8347,0,0,0,0,0,1,0
19,6.0,1720,369.66667,34.8,1661,576.0,382,120.0,2403,1846,25.1,59.4,1.8632,0,0,0,0,0,1,0
20,5.0,1600,521.0,27.5,1492,486.0,432,107.0,2160,1665,24.7,58.7,1.8001,0,0,0,0,0,1,0
21,4.3,1525,610.0,24.9,1427,439.0,450,104.0,2085,1577,23.6,62.2,1.7863,0,0,0,0,0,1,0
22,4.3,1544,383.33333,24.2,1409,462.0,448,91.0,2048,1603,22.4,67.1,1.794,0,0,0,0,0,1,0
23,4.2,1455,231.33333,22.2,1357,441.0,466,91.0,1964,1530,21.6,69.2,1.763,0,0,0,0,0,1,0
0,2.2,1203,171.0,13.2,1090,223.0,593,74.0,1655,1205,21.3,68.5,1.7164,0,0,0,0,0,0,1
1,1.3,1038,84.0,7.9,895,126.0,714,63.0,1474,999,21.2,68.6,1.7046,0,0,0,0,0,0,1
2,1.0,975,59.33333,5.9,807,116.0,788,57.0,1423,904,20.3,70.6,1.6659,0,0,0,0,0,0,1
4,0.93333,930,63.0,4.6,741,125.0,849,48.0,1392,843,19.6,71.3,1.612,0,0,0,0,0,0,1
5,0.9,960,72.0,5.8,804,198.0,802,49.0,1435,886,18.7,74.4,1.5861,0,0,0,0,0,0,1
6,1.0,982,80.33333,6.5,834,185.0,770,55.0,1435,911,19.8,69.2,1.5808,0,0,0,0,0,0,1
7,2.8,1359,307.66667,19.5,1282,425.0,541,78.0,1912,1319,19.8,69.4,1.5859,0,0,0,0,0,0,1
8,4.1,1500,642.0,28.0,1503,465.0,437,91.0,2158,1927,20.4,66.7,1.5781,0,0,0,0,0,0,1
9,2.9,1315,546.33333,18.7,1261,341.0,535,88.0,1830,1554,22.3,60.6,1.6069,0,0,0,0,0,0,1
10,2.7,1307,338.66667,18.3,1248,316.0,525,83.0,1787,1565,22.6,59.9,1.6246,0,0,0,0,0,0,1
11,2.1,1235,262.0,14.3,1125,241.0,574,81.0,1704,1462,24.5,54.5,1.6514,0,0,0,0,0,0,1
12,2.4,1310,399.0,16.5,1194,266.0,538,83.0,1781,1487,24.4,55.4,1.6712,0,0,0,0,0,0,1
13,3.8,1459,431.66667,22.9,1375,412.0,467,111.0,2007,1690,26.0,51.9,1.7148,0,0,0,0,0,0,1
14,3.7,1461,288.33333,22.3,1358,394.0,474,112.0,2033,1603,26.8,49.1,1.7101,0,0,0,0,0,0,1
15,3.7,1476,243.66667,22.0,1352,365.0,474,112.0,1996,1568,26.4,49.8,1.6928,0,0,0,0,0,0,1
16,5.5,1612,409.0,27.7,1496,548.0,429,137.0,2127,1743,26.9,48.6,1.7017,0,0,0,0,0,0,1
17,5.4,1654,376.66667,29.8,1546,494.0,435,152.0,2176,2007,26.2,48.9,1.634,0,0,0,0,0,0,1
18,8.4,1808,407.33333,40.0,1771,686.0,373,163.0,2486,2235,24.3,54.3,1.6276,0,0,0,0,0,0,1
19,6.8,1681,501.33333,35.1,1666,556.0,397,135.0,2339,1998,23.3,58.1,1.6457,0,0,0,0,0,0,1
20,4.5,1494,643.33333,25.5,1443,467.0,454,119.0,2020,1795,22.3,62.5,1.6616,0,0,0,0,0,0,1
21,2.5,1251,170.33333,13.7,1107,297.0,579,91.0,1657,1407,21.3,66.1,1.6556,0,0,0,0,0,0,1
22,1.6,1132,106.66667,9.7,965,164.0,669,74.0,1502,1211,21.2,65.7,1.6319,0,0,0,0,0,0,1
23,1.7,1158,104.66667,9.8,970,196.0,664,73.0,1509,1202,20.3,68.1,1.6009,0,0,0,0,0,0,1
0,1.7,1146,77.66667,10.1,983,201.0,673,71.0,1518,1136,20.4,66.7,1.583,1,0,0,0,0,0,0
1,1.1,993,55.66667,6.0,813,132.0,792,57.0,1413,946,19.9,67.5,1.5544,1,0,0,0,0,0,0
2,1.0,989,53.0,6.0,814,146.0,800,51.0,1418,915,19.1,70.0,1.5331,1,0,0,0,0,0,0
4,0.83333,910,55.66667,4.0,712,94.0,872,42.0,1341,836,19.6,66.9,1.5125,1,0,0,0,0,0,0
5,0.7,925,49.33333,4.6,742,127.0,876,43.0,1381,842,18.1,72.1,1.4834,1,0,0,0,0,0,0
6,1.2,1039,54.66667,7.6,882,217.0,724,52.0,1473,1002,18.1,72.3,1.4927,1,0,0,0,0,0,0
7,2.3,1208,106.33333,13.6,1104,394.0,598,65.0,1699,1165,17.6,74.8,1.491,1,0,0,0,0,0,0
8,3.0,1268,387.0,16.0,1179,511.0,545,69.0,1753,1294,18.2,72.8,1.5048,1,0,0,0,0,0,0
9,3.3,1353,634.33333,18.9,1265,523.0,507,91.0,1833,1475,20.2,65.8,1.5374,1,0,0,0,0,0,0
10,2.8,1317,362.66667,15.7,1171,471.0,542,92.0,1727,1436,21.6,61.4,1.5696,1,0,0,0,0,0,0
11,3.0,1356,406.0,16.2,1187,441.0,534,102.0,1738,1465,23.3,57.5,1.6169,1,0,0,0,0,0,0
12,3.4,1414,436.0,19.4,1279,414.0,504,118.0,1854,1583,25.0,52.4,1.6356,1,0,0,0,0,0,0
13,3.0,1326,499.33333,16.9,1206,317.0,533,111.0,1785,1432,25.4,50.8,1.6275,1,0,0,0,0,0,0
14,2.3,1211,344.66667,12.5,1067,230.0,609,101.0,1608,1270,26.1,47.1,1.5724,1,0,0,0,0,0,0
15,3.1,1324,266.33333,15.8,1173,365.0,564,119.0,1749,1354,27.0,44.2,1.549,1,0,0,0,0,0,0
16,3.0,1324,263.66667,16.0,1181,360.0,565,115.0,1747,1318,27.2,43.0,1.5246,1,0,0,0,0,0,0
17,3.3,1361,399.33333,16.3,1189,420.0,549,120.0,1776,1351,25.6,48.3,1.5641,1,0,0,0,0,0,0
18,4.0,1475,480.66667,21.0,1324,475.0,490,115.0,1925,1530,23.3,57.9,1.6376,1,0,0,0,0,0,0
19,4.6,1537,538.0,23.1,1381,526.0,469,118.0,2016,1615,22.2,63.6,1.6763,1,0,0,0,0,0,0
20,4.1,1413,624.0,17.7,1231,460.0,520,117.0,1853,1415,21.6,67.7,1.7228,1,0,0,0,0,0,0
21,2.3,1229,299.0,12.2,1055,255.0,607,96.0,1668,1219,21.0,69.3,1.7058,1,0,0,0,0,0,0
22,2.6,1297,194.0,14.6,1136,283.0,567,89.0,1725,1307,20.3,70.5,1.6599,1,0,0,0,0,0,0
23,2.6,1302,223.66667,13.1,1088,271.0,594,84.0,1639,1297,20.0,69.5,1.6109,1,0,0,0,0,0,0
0,2.9,1347,203.66667,15.5,1165,315.0,573,97.0,1741,1321,19.7,70.1,1.5891,0,1,0,0,0,0,0
1,2.1,1165,134.0,11.8,1042,227.0,631,68.0,1621,1133,19.5,70.7,1.5851,0,1,0,0,0,0,0
2,2.1,1155,110.33333,10.9,1012,243.0,633,66.0,1577,1124,19.4,71.4,1.5959,0,1,0,0,0,0,0
4,1.3,1035,107.0,7.0,855,142.0,731,51.0,1467,952,18.7,73.8,1.5704,0,1,0,0,0,0,0
5,1.4,1057,47.66667,8.6,925,139.0,684,48.0,1503,972,18.0,75.4,1.5441,0,1,0,0,0,0,0
6,1.2,1029,81.33333,7.5,880,182.0,709,47.0,1451,965,17.3,78.4,1.532,0,1,0,0,0,0,0
7,1.5,1037,160.0,8.1,902,196.0,704,48.0,1481,984,17.5,76.6,1.5174,0,1,0,0,0,0,0
8,0.9,920,177.0,4.8,755,108.0,853,45.0,1359,880,20.0,66.7,1.5401,0,1,0,0,0,0,0
9,1.4,1080,158.66667,7.8,891,175.0,732,59.0,1477,1001,19.1,70.0,1.5366,0,1,0,0,0,0,0
10,2.1,1152,225.33333,9.7,966,266.0,661,84.0,1542,1137,21.4,61.7,1.5547,0,1,0,0,0,0,0
11,1.6,1085,172.33333,8.4,918,179.0,721,72.0,1467,1023,24.6,50.4,1.5363,0,1,0,0,0,0,0
12,1.5,1071,120.33333,7.6,882,154.0,745,68.0,1431,962,25.0,49.1,1.5295,0,1,0,0,0,0,0
13,1.1,1000,80.0,5.9,807,95.0,811,52.0,1376,825,25.3,46.7,1.4874,0,1,0,0,0,0,0
14,1.4,1058,126.0,7.4,875,151.0,756,70.0,1421,877,24.8,47.9,1.4819,0,1,0,0,0,0,0
15,2.0,1184,226.0,10.1,983,230.0,667,90.0,1537,1046,25.3,48.0,1.5249,0,1,0,0,0,0,0
16,2.0,1189,154.33333,9.7,965,239.0,670,87.0,1533,1060,26.5,44.9,1.5278,0,1,0,0,0,0,0
17,2.5,1277,207.66667,11.8,1043,306.0,614,99.0,1631,1155,25.0,50.1,1.563,0,1,0,0,0,0,0
18,4.3,1482,206.33333,20.3,1305,472.0,503,128.0,1874,1464,22.9,57.6,1.5885,0,1,0,0,0,0,0
19,5.2,1555,395.66667,24.3,1410,532.0,464,127.0,1971,2185,21.7,62.9,1.6117,0,1,0,0,0,0,0
20,3.4,1324,487.33333,15.6,1168,375.0,568,99.0,1716,1959,21.8,63.0,1.619,0,1,0,0,0,0,0
21,1.3,1015,147.66667,7.3,869,147.0,747,72.0,1439,1375,21.2,63.4,1.5748,0,1,0,0,0,0,0
22,1.2,1010,203.0,7.1,860,118.0,768,62.0,1450,1212,20.2,65.8,1.535,0,1,0,0,0,0,0
23,1.7,1081,177.0,9.0,938,181.0,697,62.0,1517,1273,18.4,71.5,1.5038,0,1,0,0,0,0,0
0,1.7,1071,122.66667,8.9,936,209.0,695,63.0,1516,1249,17.9,72.4,1.4758,0,0,1,0,0,0,0
1,1.4,1014,129.66667,7.2,864,167.0,745,56.0,1474,1097,16.9,75.4,1.4393,0,0,1,0,0,0,0
2,0.9,891,100.66667,4.4,735,112.0,878,44.0,1353,933,16.5,75.5,1.4056,0,0,1,0,0,0,0
4,1.56667,882,116.66667,4.3,729,108.0,875,37.0,1319,870,15.5,78.6,1.37,0,0,1,0,0,0,0
5,0.9,940,74.66667,5.9,806,181.0,800,48.0,1392,1013,16.2,76.9,1.4029,0,0,1,0,0,0,0
6,1.2,1020,193.0,7.2,866,253.0,749,59.0,1440,1087,15.8,79.6,1.417,0,0,1,0,0,0,0
7,3.2,1316,542.66667,18.5,1253,521.0,527,77.0,1780,1566,16.0,76.3,1.3772,0,0,1,0,0,0,0
8,4.4,1423,622.0,25.0,1429,649.0,467,88.0,1998,1631,16.3,74.3,1.3644,0,0,1,0,0,0,0
9,3.5,1314,557.0,18.8,1262,516.0,531,111.0,1754,1564,18.7,66.3,1.414,0,0,1,0,0,0,0
10,3.2,1317,338.33333,19.5,1283,487.0,518,114.0,1812,1601,20.5,60.2,1.4346,0,0,1,0,0,0,0
11,3.0,1305,262.0,18.2,1245,529.0,524,108.0,1742,1539,19.3,66.2,1.4706,0,0,1,0,0,0,0
12,3.5,1351,295.33333,20.0,1298,565.0,498,111.0,1821,1577,20.0,63.9,1.4805,0,0,1,0,0,0,0
13,4.0,1438,341.33333,24.8,1425,558.0,451,126.0,1971,1732,21.4,59.4,1.4928,0,0,1,0,0,0,0
14,3.8,1454,396.66667,23.1,1380,568.0,457,117.0,1947,1672,21.5,60.9,1.5398,0,0,1,0,0,0,0
15,4.2,1512,243.66667,25.5,1441,605.0,432,119.0,2034,1744,21.6,60.9,1.5551,0,0,1,0,0,0,0
16,5.0,1584,313.0,32.0,1597,666.0,392,125.0,2176,1845,21.6,62.0,1.5784,0,0,1,0,0,0,0
17,7.9,1816,377.66667,46.3,1897,814.0,330,158.0,2641,2164,21.7,61.9,1.592,0,0,1,0,0,0,0
18,8.4,1824,529.0,44.5,1862,860.0,340,149.0,2567,2106,21.0,64.9,1.5987,0,0,1,0,0,0,0
19,8.0,1744,510.33333,41.0,1793,820.0,352,136.0,2469,2007,20.0,68.6,1.5882,0,0,1,0,0,0,0
20,6.4,1588,643.33333,32.5,1610,742.0,400,112.0,2230,1791,19.3,71.4,1.5805,0,0,1,0,0,0,0
21,3.5,1319,304.33333,19.1,1273,492.0,511,87.0,1806,1444,18.5,73.4,1.5461,0,0,1,0,0,0,0
22,3.5,1313,202.0,19.6,1285,464.0,505,82.0,1803,1373,17.7,75.6,1.5226,0,0,1,0,0,0,0
23,1.9,1073,124.33333,10.7,1005,258.0,661,67.0,1488,1110,18.5,70.4,1.487,0,0,1,0,0,0,0
0,2.2,1119,84.33333,12.2,1056,311.0,624,68.0,1562,1099,17.0,76.1,1.4582,0,0,0,1,0,0,0
1,1.6,989,67.33333,8.0,900,231.0,737,60.0,1401,968,16.8,74.9,1.4258,0,0,0,1,0,0,0
2,1.0,912,45.66667,5.5,788,127.0,822,48.0,1331,847,15.5,78.5,1.3782,0,0,0,1,0,0,0
4,0.86667,851,64.0,4.3,726,124.0,897,42.0,1277,799,15.0,77.9,1.3197,0,0,0,1,0,0,0
5,0.9,902,51.66667,5.9,809,138.0,835,46.0,1355,834,14.8,79.4,1.3312,0,0,0,1,0,0,0
6,1.4,981,73.33333,8.6,923,228.0,730,54.0,1425,956,15.7,77.0,1.3591,0,0,0,1,0,0,0
7,3.0,1267,143.66667,18.7,1260,383.0,572,82.0,1776,1259,16.2,75.9,1.3872,0,0,0,1,0,0,0
8,4.5,1392,694.66667,25.0,1429,581.0,469,93.0,1990,1494,16.3,75.9,1.3991,0,0,0,1,0,0,0
9,3.8,1308,590.66667,19.6,1285,545.0,522,95.0,1781,1458,17.7,70.6,1.4202,0,0,0,1,0,0,0
10,3.4,1313,490.33333,20.8,1318,593.0,511,120.0,1820,1491,18.3,67.6,1.4103,0,0,0,1,0,0,0
11,3.5,1350,407.66667,20.1,1299,602.0,518,132.0,1784,1560,20.1,62.0,1.4409,0,0,0,1,0,0,0
12,4.4,1477,415.0,26.7,1471,624.0,455,146.0,2031,1750,22.6,54.5,1.4737,0,0,0,1,0,0,0
13,4.0,1409,486.0,23.6,1393,546.0,484,157.0,1874,1709,24.6,47.1,1.4378,0,0,0,1,0,0,0
14,4.5,1495,288.33333,26.4,1465,597.0,451,158.0,2043,1786,24.9,48.3,1.4942,0,0,0,1,0,0,0
15,5.3,1606,297.33333,30.9,1573,688.0,419,175.0,2165,1900,24.9,50.0,1.5522,0,0,0,1,0,0,0
16,5.8,1669,337.66667,32.8,1615,760.0,404,166.0,2232,1963,24.0,55.0,1.6211,0,0,0,1,0,0,0
17,8.4,1822,392.33333,45.9,1890,918.0,347,187.0,2641,2161,23.2,58.7,1.651,0,0,0,1,0,0,0
18,9.5,1908,481.33333,52.1,2007,952.0,325,180.0,2775,2372,22.5,61.5,1.6579,0,0,0,1,0,0,0
19,6.2,1664,501.33333,36.6,1699,685.0,385,134.0,2305,2062,22.2,61.0,1.6071,0,0,0,1,0,0,0
20,5.0,1465,485.66667,24.0,1404,561.0,468,127.0,1962,1736,22.6,58.3,1.5829,0,0,0,1,0,0,0
21,2.1,1076,127.0,9.8,972,239.0,691,95.0,1506,1192,21.0,57.4,1.4098,0,0,0,1,0,0,0
22,1.4,1055,106.66667,7.9,895,175.0,758,79.0,1468,1043,19.8,63.7,1.4524,0,0,0,1,0,0,0
23,1.6,1075,104.66667,7.5,878,169.0,734,78.0,1495,948,17.7,78.8,1.5855,0,0,0,1,0,0,0
0,2.0,1135,77.66667,9.2,948,215.0,685,80.0,1569,992,17.6,80.5,1.6062,0,0,0,0,1,0,0
1,1.2,998,55.66667,5.7,799,115.0,786,67.0,1435,867,17.4,81.3,1.6066,0,0,0,0,1,0,0
2,0.8,953,51.33333,4.4,734,94.0,861,61.0,1401,825,17.4,81.0,1.6012,0,0,0,0,1,0,0
4,1.3,895,97.0,3.1,656,80.0,946,51.0,1343,786,17.0,81.0,1.5521,0,0,0,0,1,0,0
5,0.7,967,41.0,5.1,767,132.0,833,56.0,1416,866,16.8,81.3,1.5447,0,0,0,0,1,0,0
6,1.7,1164,74.0,10.5,997,295.0,641,68.0,1606,1113,17.6,78.8,1.5723,0,0,0,0,1,0,0
7,3.4,1421,543.66667,20.6,1313,517.0,502,101.0,1983,1384,18.0,75.7,1.5527,0,0,0,0,1,0,0
8,4.9,1465,483.33333,28.5,1515,555.0,454,119.0,2119,1516,18.0,74.8,1.5281,0,0,0,0,1,0,0
9,2.7,1189,425.33333,12.7,1075,429.0,614,108.0,1652,1222,18.2,74.0,1.5343,0,0,0,0,1,0,0
10,3.2,1278,283.0,16.1,1182,561.0,585,132.0,1734,1354,19.7,65.4,1.4854,0,0,0,0,1,0,0
11,2.7,1169,360.66667,14.9,1144,427.0,611,130.0,1666,1291,21.0,57.9,1.4267,0,0,0,0,1,0,0
12,3.2,1214,375.0,16.8,1203,445.0,580,129.0,1739,1308,20.7,58.6,1.4142,0,0,0,0,1,0,0
13,4.1,1351,486.0,21.8,1345,538.0,502,117.0,1923,1420,19.5,67.1,1.506,0,0,0,0,1,0,0
14,3.6,1340,334.66667,18.6,1256,556.0,537,119.0,1842,1297,18.5,76.2,1.6045,0,0,0,0,1,0,0
15,2.8,1157,182.33333,14.5,1131,370.0,623,113.0,1675,1157,19.6,69.7,1.5675,0,0,0,0,1,0,0
16,2.1,1118,315.0,13.4,1096,257.0,647,102.0,1649,1130,19.9,65.3,1.5066,0,0,0,0,1,0,0
17,2.4,1150,523.66667,15.8,1173,266.0,608,101.0,1711,1195,20.0,63.3,1.4622,0,0,0,0,1,0,0
18,3.6,1247,610.66667,20.7,1315,403.0,544,116.0,1874,1341,19.2,66.4,1.4592,0,0,0,0,1,0,0
19,2.6,1194,421.0,16.6,1198,275.0,587,101.0,1732,1228,19.3,67.5,1.4977,0,0,0,0,1,0,0
20,2.8,1184,268.66667,15.3,1157,338.0,586,94.0,1685,1273,18.2,71.4,1.4776,0,0,0,0,1,0,0
21,1.4,990,136.66667,8.0,898,176.0,748,75.0,1442,1006,17.8,71.2,1.4396,0,0,0,0,1,0,0
22,1.1,933,107.66667,5.8,803,159.0,842,69.0,1369,898,17.6,69.9,1.3969,0,0,0,0,1,0,0
23,1.3,968,124.33333,7.0,858,147.0,796,60.0,1388,894,16.0,75.9,1.3721,0,0,0,0,1,0,0
0,0.9,861,80.0,4.5,735,99.0,925,58.0,1287,789,16.9,72.0,1.3749,0,0,0,0,0,1,0
1,1.0,904,67.33333,5.2,774,98.0,878,51.0,1329,805,15.7,76.3,1.3519,0,0,0,0,0,1,0
2,0.9,866,60.0,4.4,734,109.0,899,45.0,1299,770,14.8,78.7,1.3169,0,0,0,0,0,1,0
4,0.86667,838,58.33333,3.8,700,112.0,936,41.0,1268,744,14.6,79.9,1.3156,0,0,0,0,0,1,0
5,0.8,905,45.0,5.2,776,163.0,851,48.0,1327,825,15.2,78.0,1.3382,0,0,0,0,0,1,0
6,1.6,1055,153.66667,10.0,977,326.0,703,61.0,1506,1013,15.5,77.2,1.3502,0,0,0,0,0,1,0
7,3.4,1328,251.66667,20.0,1296,640.0,527,88.0,1829,1341,15.7,76.4,1.3558,0,0,0,0,0,1,0
8,4.4,1401,615.66667,25.8,1449,736.0,477,102.0,1969,1528,16.0,76.4,1.3751,0,0,0,0,0,1,0
9,3.5,1291,627.66667,20.0,1296,667.0,529,97.0,1752,1432,16.7,73.8,1.3886,0,0,0,0,0,1,0
10,3.4,1316,431.66667,20.6,1314,677.0,526,116.0,1780,1499,18.6,66.3,1.4047,0,0,0,0,0,1,0
11,2.4,1116,377.33333,12.2,1057,425.0,639,112.0,1532,1236,20.4,58.1,1.3762,0,0,0,0,0,1,0
12,2.3,1139,345.0,13.1,1088,349.0,625,101.0,1580,1180,20.6,57.3,1.3792,0,0,0,0,0,1,0
13,2.6,1165,358.0,14.5,1131,332.0,609,99.0,1640,1196,21.6,53.6,1.3669,0,0,0,0,0,1,0
14,2.9,1260,212.0,17.5,1224,412.0,571,113.0,1731,1301,21.4,55.6,1.4015,0,0,0,0,0,1,0
15,4.4,1475,333.0,25.9,1451,631.0,455,122.0,1991,1646,20.7,63.0,1.5204,0,0,0,0,0,1,0
16,5.0,1521,517.66667,26.6,1470,677.0,446,139.0,1977,1720,21.3,61.9,1.5463,0,0,0,0,0,1,0
17,6.5,1633,341.0,35.3,1671,761.0,398,149.0,2271,1852,20.8,64.0,1.5522,0,0,0,0,0,1,0
18,5.9,1463,521.66667,28.2,1508,650.0,468,136.0,2092,1670,20.3,66.7,1.5656,0,0,0,0,0,1,0
19,2.7,1140,180.0,14.2,1122,262.0,619,103.0,1602,1208,19.7,64.5,1.4594,0,0,0,0,0,1,0
20,2.5,1147,250.33333,12.4,1065,292.0,651,112.0,1562,1160,19.4,64.0,1.4282,0,0,0,0,0,1,0
21,1.5,988,132.66667,6.6,839,177.0,805,88.0,1382,937,20.1,60.8,1.4152,0,0,0,0,0,1,0
22,1.0,924,84.66667,4.8,754,103.0,890,63.0,1327,783,20.4,60.4,1.4263,0,0,0,0,0,1,0
23,1.2,950,75.0,5.4,782,127.0,862,69.0,1331,807,20.1,62.6,1.4543,0,0,0,0,0,1,0
0,1.0,926,48.66667,4.3,727,119.0,925,65.0,1326,729,19.9,64.9,1.4905,0,0,0,0,0,0,1
1,0.8,879,42.33333,2.9,645,83.0,1023,50.0,1288,612,18.2,74.7,1.5441,0,0,0,0,0,0,1
2,0.6,864,33.0,2.5,621,65.0,1073,43.0,1286,574,18.4,73.8,1.5463,0,0,0,0,0,0,1
4,0.76667,894,46.33333,2.7,636,84.0,1010,56.0,1308,687,18.2,76.6,1.5907,0,0,0,0,0,0,1
5,1.1,1009,160.0,6.1,816,200.0,799,69.0,1430,856,18.5,76.4,1.6112,0,0,0,0,0,0,1
6,1.3,1069,239.66667,7.7,889,242.0,738,91.0,1469,976,19.3,71.6,1.5844,0,0,0,0,0,0,1
7,2.9,1311,371.33333,15.9,1178,366.0,574,111.0,1769,1208,20.2,66.9,1.5643,0,0,0,0,0,0,1
8,3.7,1370,554.33333,22.8,1372,404.0,485,124.0,1945,1400,20.8,64.7,1.5692,0,0,0,0,0,0,1
9,3.0,1246,451.66667,16.6,1197,429.0,566,119.0,1746,1278,21.9,61.8,1.6021,0,0,0,0,0,0,1
10,1.4,1039,175.33333,8.4,917,169.0,735,77.0,1467,934,23.5,57.7,1.6515,0,0,0,0,0,0,1
11,2.6,1296,361.0,13.9,1113,419.0,604,101.0,1736,1073,19.8,81.0,1.8538,0,0,0,0,0,0,1
12,4.2,1523,445.0,24.9,1428,603.0,458,116.0,2114,1363,20.2,86.5,2.0224,0,0,0,0,0,0,1
13,5.1,1424,268.33333,22.4,1361,589.0,484,137.0,1983,1346,20.2,82.2,1.9184,0,0,0,0,0,0,1
14,5.5,1513,275.33333,26.1,1457,706.0,463,163.0,2125,1393,19.7,82.2,1.8669,0,0,0,0,0,0,1
15,4.5,1338,218.0,18.1,1244,592.0,558,144.0,1847,1255,20.2,79.1,1.85,0,0,0,0,0,0,1
16,2.7,1214,212.66667,13.9,1113,305.0,616,118.0,1664,1213,20.1,75.4,1.751,0,0,0,0,0,0,1
17,3.1,1290,368.33333,18.5,1253,371.0,550,135.0,1807,1332,20.2,72.3,1.6893,0,0,0,0,0,0,1
18,4.2,1353,642.0,20.9,1323,465.0,519,129.0,1860,1430,20.0,73.3,1.693,0,0,0,0,0,0,1
19,3.1,1130,133.66667,12.9,1082,390.0,647,128.0,1591,1102,18.3,74.9,1.5583,0,0,0,0,0,0,1
20,1.7,969,93.0,6.7,843,227.0,828,103.0,1375,895,18.9,70.4,1.5259,0,0,0,0,0,0,1
21,1.8,1038,133.0,7.0,856,284.0,801,116.0,1415,905,17.3,76.3,1.4919,0,0,0,0,0,0,1
22,1.7,1020,138.0,7.3,869,211.0,793,95.0,1410,869,17.1,77.9,1.5081,0,0,0,0,0,0,1
23,2.1,1097,120.0,9.1,944,297.0,716,107.0,1489,982,17.3,79.3,1.5569,0,0,0,0,0,0,1
0,2.4,1123,175.66667,9.9,973,351.0,690,108.0,1520,999,17.3,79.9,1.5643,1,0,0,0,0,0,0
1,1.8,1023,137.33333,6.9,851,259.0,782,94.0,1413,881,16.9,80.6,1.5372,1,0,0,0,0,0,0
2,1.5,1015,146.33333,6.5,833,214.0,786,84.0,1400,868,16.9,81.4,1.551,1,0,0,0,0,0,0
4,1.46667,931,128.33333,5.4,784,173.0,826,72.0,1372,833,16.9,79.8,1.5238,1,0,0,0,0,0,0
5,1.0,922,116.66667,5.4,783,192.0,857,76.0,1367,825,16.7,79.7,1.503,1,0,0,0,0,0,0
6,1.4,989,115.0,7.8,891,237.0,762,82.0,1453,901,16.8,79.0,1.4978,1,0,0,0,0,0,0
7,2.4,1149,175.0,13.6,1103,413.0,622,94.0,1662,1090,16.8,79.8,1.5115,1,0,0,0,0,0,0
8,3.1,1202,339.33333,15.4,1160,455.0,585,102.0,1723,1165,16.9,79.9,1.5253,1,0,0,0,0,0,0
9,3.0,1206,249.0,14.4,1131,493.0,592,106.0,1675,1201,17.4,79.3,1.5593,1,0,0,0,0,0,0
10,2.7,1224,226.33333,14.3,1126,482.0,596,108.0,1656,1231,18.0,76.6,1.5706,1,0,0,0,0,0,0
11,4.0,1371,364.66667,20.3,1305,599.0,521,152.0,1845,1461,21.2,64.4,1.6015,1,0,0,0,0,0,0
12,3.7,1327,421.33333,18.7,1259,481.0,539,160.0,1826,1434,22.4,60.8,1.6261,1,0,0,0,0,0,0
13,3.4,1301,344.66667,17.3,1218,406.0,553,133.0,1806,1399,22.6,61.1,1.6596,1,0,0,0,0,0,0
14,3.4,1301,354.0,16.9,1208,419.0,560,147.0,1781,1417,23.6,57.3,1.645,1,0,0,0,0,0,0
15,3.2,1314,264.0,16.4,1191,387.0,564,135.0,1777,1395,23.5,58.3,1.664,1,0,0,0,0,0,0
16,3.9,1394,352.66667,19.1,1272,461.0,526,135.0,1869,1442,22.9,61.6,1.7014,1,0,0,0,0,0,0
17,3.7,1385,584.0,18.7,1260,493.0,528,129.0,1850,1425,22.3,64.3,1.7055,1,0,0,0,0,0,0
18,4.3,1440,473.66667,22.4,1362,532.0,486,117.0,1968,1496,21.6,68.0,1.7305,1,0,0,0,0,0,0
19,4.9,1493,564.33333,25.3,1437,581.0,470,116.0,2015,1551,21.2,67.4,1.6755,1,0,0,0,0,0,0
20,4.0,1319,429.33333,17.7,1230,494.0,551,109.0,1785,1381,20.8,65.8,1.6001,1,0,0,0,0,0,0
21,2.8,1187,253.0,13.8,1110,392.0,612,96.0,1658,1229,20.4,64.8,1.5379,1,0,0,0,0,0,0
22,2.4,1119,276.66667,10.2,984,311.0,688,90.0,1539,1082,20.1,66.7,1.5548,1,0,0,0,0,0,0
23,1.9,1100,151.0,8.6,924,236.0,744,82.0,1494,963,19.5,70.0,1.5711,1,0,0,0,0,0,0
0,2.0,1076,129.66667,7.9,895,270.0,757,86.0,1492,939,19.3,70.4,1.5578,0,1,0,0,0,0,0
1,1.5,972,103.0,5.7,799,199.0,833,72.0,1425,825,19.7,68.6,1.5563,0,1,0,0,0,0,0
2,1.3,973,108.0,6.4,828,146.0,818,61.0,1445,811,19.7,68.2,1.5484,0,1,0,0,0,0,0
4,0.66667,844,37.33333,2.7,630,74.0,1035,45.0,1320,627,18.4,74.2,1.5581,0,1,0,0,0,0,0
5,0.5,817,44.66667,2.1,588,55.0,1134,37.0,1310,589,18.9,71.3,1.5449,0,1,0,0,0,0,0
6,0.4,791,44.66667,1.2,519,43.0,1291,31.0,1295,540,18.1,79.0,1.6224,0,1,0,0,0,0,0
7,0.4,819,58.66667,1.4,537,46.0,1264,30.0,1315,551,20.4,71.2,1.6834,0,1,0,0,0,0,0
8,0.9,972,118.33333,4.6,743,139.0,944,41.0,1477,742,20.6,70.7,1.6996,0,1,0,0,0,0,0
9,1.3,997,207.0,5.7,797,169.0,812,64.0,1470,824,19.3,74.1,1.6391,0,1,0,0,0,0,0
10,2.1,1194,192.0,10.6,1000,254.0,653,74.0,1642,1059,22.2,64.4,1.7005,0,1,0,0,0,0,0
11,2.4,1240,189.0,11.0,1014,303.0,628,77.0,1643,1144,23.0,64.6,1.7851,0,1,0,0,0,0,0
12,2.0,1117,160.66667,8.6,922,259.0,717,83.0,1585,994,24.3,57.4,1.7233,0,1,0,0,0,0,0
13,1.8,1141,117.66667,8.8,932,226.0,689,71.0,1595,1014,22.0,67.0,1.7441,0,1,0,0,0,0,0
14,1.5,1062,126.0,7.5,880,161.0,719,62.0,1580,924,22.9,65.7,1.8148,0,1,0,0,0,0,0
15,1.6,1160,184.66667,11.6,1036,182.0,622,62.0,1727,1023,23.2,63.9,1.7957,0,1,0,0,0,0,0
16,2.2,1169,152.0,10.1,983,289.0,672,79.0,1633,1033,23.0,62.3,1.7248,0,1,0,0,0,0,0
17,2.3,1185,155.33333,10.8,1006,340.0,666,93.0,1638,1065,22.4,63.2,1.6878,0,1,0,0,0,0,0
18,6.6,1571,249.66667,30.3,1559,544.0,440,106.0,2277,1516,21.7,66.6,1.7077,0,1,0,0,0,0,0
19,4.7,1464,448.66667,22.4,1362,543.0,487,100.0,1987,1648,21.2,70.3,1.7476,0,1,0,0,0,0,0
20,4.1,1423,450.66667,20.6,1314,501.0,508,89.0,1912,1466,20.8,70.9,1.7203,0,1,0,0,0,0,0
21,4.1,1318,294.33333,17.5,1226,521.0,543,83.0,1848,1365,20.0,73.2,1.6965,0,1,0,0,0,0,0
22,2.7,1229,215.66667,13.9,1114,352.0,598,76.0,1723,1247,19.7,73.7,1.6708,0,1,0,0,0,0,0
23,2.6,1187,170.0,13.6,1105,321.0,611,68.0,1700,1183,19.9,72.6,1.6681,0,1,0,0,0,0,0
0,3.2,1353,145.33333,15.9,1176,318.0,584,69.0,1723,2150,20.1,71.3,1.6564,0,0,1,0,0,0,0
1,3.7,1407,496.66667,17.8,1235,338.0,548,77.0,1780,2519,20.1,71.1,1.6498,0,0,1,0,0,0,0
2,3.5,1333,367.33333,16.7,1201,353.0,552,68.0,1767,1925,19.6,73.2,1.6543,0,0,1,0,0,0,0
4,2.03333,1253,117.33333,16.9,1206,291.0,540,52.0,1779,1579,18.4,77.9,1.6389,0,0,1,0,0,0,0
5,2.7,1212,285.66667,15.0,1149,279.0,562,49.0,1710,1599,18.4,78.1,1.637,0,0,1,0,0,0,0
6,1.8,1061,163.66667,9.6,962,200.0,679,45.0,1554,1395,19.2,74.7,1.6398,0,0,1,0,0,0,0
7,1.3,1028,165.0,7.8,890,180.0,733,51.0,1525,1323,19.4,75.1,1.6766,0,0,1,0,0,0,0
8,1.5,1067,219.66667,8.7,928,213.0,711,51.0,1564,1309,19.1,75.6,1.6519,0,0,1,0,0,0,0
9,1.9,1111,179.0,9.8,970,266.0,667,62.0,1594,1441,20.3,71.1,1.6803,0,0,1,0,0,0,0
10,2.2,1189,127.66667,12.4,1065,247.0,609,74.0,1683,1830,23.1,61.3,1.7131,0,0,1,0,0,0,0
11,2.6,1293,233.0,13.9,1114,326.0,584,88.0,1702,1704,25.1,56.0,1.7565,0,0,1,0,0,0,0
12,2.7,1285,199.66667,12.5,1065,319.0,597,90.0,1686,1576,25.8,56.1,1.841,0,0,1,0,0,0,0
13,2.5,1236,201.0,10.9,1011,320.0,631,91.0,1706,1305,23.7,68.2,1.9739,0,0,1,0,0,0,0
14,1.5,1082,136.0,6.5,834,174.0,747,64.0,1562,991,23.1,70.8,1.98,0,0,1,0,0,0,0
15,2.0,1188,147.0,9.4,954,216.0,664,72.0,1636,1148,23.9,66.3,1.9361,0,0,1,0,0,0,0
16,3.1,1348,184.66667,15.3,1157,376.0,564,88.0,1810,1307,23.8,65.0,1.8897,0,0,1,0,0,0,0
17,3.7,1394,276.66667,16.4,1193,496.0,547,110.0,1811,1386,23.2,65.6,1.8435,0,0,1,0,0,0,0
18,4.0,1472,258.0,19.8,1290,523.0,510,95.0,1942,1420,21.8,72.7,1.8789,0,0,1,0,0,0,0
19,4.1,1291,150.33333,15.8,1174,465.0,567,91.0,1746,1341,21.7,67.3,1.7256,0,0,1,0,0,0,0
20,3.1,1264,183.66667,14.5,1133,407.0,593,94.0,1750,1258,21.3,66.3,1.6594,0,0,1,0,0,0,0
21,3.2,1264,238.0,14.7,1138,412.0,579,86.0,1733,1245,20.4,71.6,1.7004,0,0,1,0,0,0,0
22,3.2,1260,269.0,15.3,1160,403.0,568,79.0,1755,1231,19.6,75.3,1.6981,0,0,1,0,0,0,0
23,2.7,1184,287.0,13.0,1084,357.0,612,71.0,1674,1151,19.3,75.8,1.6762,0,0,1,0,0,0,0
0,2.3,1122,211.66667,10.5,996,259.0,660,62.0,1586,1048,18.4,76.3,1.6017,0,0,0,1,0,0,0
1,1.6,983,156.33333,7.6,881,227.0,752,56.0,1472,928,18.2,76.4,1.5787,0,0,0,1,0,0,0
2,1.1,885,65.0,4.8,753,147.0,878,49.0,1374,813,17.9,74.8,1.5219,0,0,0,1,0,0,0
4,0.73333,791,48.33333,2.6,627,72.0,1069,38.0,1306,709,17.2,74.0,1.4388,0,0,0,1,0,0,0
5,0.6,802,83.66667,2.7,636,96.0,1016,35.0,1289,721,17.6,73.2,1.4555,0,0,0,1,0,0,0
6,0.5,804,44.66667,3.0,652,73.0,1054,37.0,1294,710,17.9,69.3,1.4099,0,0,0,1,0,0,0
7,1.5,1014,108.33333,8.7,927,309.0,747,56.0,1497,951,16.1,76.3,1.3902,0,0,0,1,0,0,0
8,3.4,1316,360.0,20.7,1317,607.0,538,85.0,1860,1336,17.1,72.8,1.4054,0,0,0,1,0,0,0
9,4.4,1296,641.33333,25.2,1435,562.0,504,112.0,1899,1489,20.8,57.9,1.407,0,0,0,1,0,0,0
10,4.4,1381,695.66667,23.6,1394,560.0,495,107.0,1911,1558,20.6,60.2,1.4428,0,0,0,1,0,0,0
11,5.8,1570,656.0,32.9,1617,844.0,426,151.0,2170,1944,22.1,56.6,1.4851,0,0,0,1,0,0,0
12,4.9,1426,559.33333,25.6,1445,667.0,477,151.0,1970,1782,24.0,50.0,1.4679,0,0,0,1,0,0,0
13,5.1,1535,618.66667,31.2,1578,583.0,440,150.0,2125,1921,25.7,45.6,1.487,0,0,0,1,0,0,0
14,7.5,1678,529.0,37.9,1727,726.0,390,190.0,2318,2039,25.5,49.7,1.5985,0,0,0,1,0,0,0
15,5.8,1605,743.33333,32.3,1603,674.0,415,168.0,2199,1912,25.2,50.6,1.5989,0,0,0,1,0,0,0
16,5.9,1559,267.33333,31.5,1586,544.0,421,127.0,2197,1827,25.4,50.7,1.6187,0,0,0,1,0,0,0
17,6.8,1713,360.33333,38.0,1728,715.0,390,140.0,2386,1919,24.4,56.0,1.6885,0,0,0,1,0,0,0
18,7.9,1751,369.66667,44.1,1853,789.0,358,158.0,2496,2013,23.0,62.1,1.7283,0,0,0,1,0,0,0
19,8.0,1723,521.0,44.9,1869,737.0,359,121.0,2563,1919,21.8,65.3,1.6889,0,0,0,1,0,0,0
20,9.2,1778,610.0,48.2,1935,859.0,349,119.0,2643,1927,20.9,67.5,1.6539,0,0,0,1,0,0,0
21,5.9,1461,643.33333,29.1,1529,668.0,450,96.0,2111,1573,20.2,68.6,1.6034,0,0,0,1,0,0,0
22,3.7,1258,213.0,19.1,1272,454.0,541,77.0,1804,1325,19.3,70.8,1.5728,0,0,0,1,0,0,0
23,2.6,1138,227.66667,13.9,1113,337.0,610,66.0,1641,1203,19.2,68.8,1.5097,0,0,0,1,0,0,0
0,1.1,936,104.66667,6.8,849,127.0,798,56.0,1381,947,20.4,61.1,1.4495,0,0,0,0,1,0,0
1,2.6,1167,178.33333,13.2,1090,281.0,626,62.0,1620,1106,18.0,71.5,1.4615,0,0,0,0,1,0,0
2,2.2,1071,98.0,10.7,1003,252.0,665,58.0,1542,1045,17.5,73.2,1.4515,0,0,0,0,1,0,0
4,0.9,836,62.66667,2.9,647,65.0,985,37.0,1271,777,16.4,74.4,1.3779,0,0,0,0,1,0,0
5,0.5,823,47.33333,2.7,630,69.0,1033,35.0,1253,748,16.8,71.9,1.3628,0,0,0,0,1,0,0
6,0.7,890,52.66667,4.3,727,151.0,917,50.0,1290,833,16.9,70.5,1.3504,0,0,0,0,1,0,0
7,1.3,1019,72.66667,8.0,901,231.0,750,64.0,1438,960,17.0,70.1,1.3512,0,0,0,0,1,0,0
8,2.2,1177,159.66667,15.5,1166,297.0,621,75.0,1667,1157,18.8,62.5,1.3401,0,0,0,0,1,0,0
9,3.7,1348,566.33333,23.8,1398,515.0,505,101.0,1847,1444,20.3,58.4,1.3745,0,0,0,0,1,0,0
10,3.7,1341,547.0,21.0,1323,499.0,516,94.0,1786,1522,23.7,49.1,1.423,0,0,0,0,1,0,0
11,3.4,1307,501.0,19.3,1278,445.0,527,95.0,1767,1452,26.6,42.8,1.4713,0,0,0,0,1,0,0
12,3.4,1305,400.0,19.7,1287,464.0,525,124.0,1771,1437,26.2,43.5,1.4591,0,0,0,0,1,0,0
13,2.6,1177,281.33333,13.2,1090,298.0,612,86.0,1632,1209,26.3,43.6,1.4663,0,0,0,0,1,0,0
14,2.5,1192,410.66667,13.0,1085,266.0,617,79.0,1638,1170,26.6,42.5,1.4568,0,0,0,0,1,0,0
15,2.5,1214,207.33333,12.9,1080,323.0,611,87.0,1642,1190,26.3,43.7,1.4718,0,0,0,0,1,0,0
16,2.7,1240,205.33333,15.1,1152,352.0,575,94.0,1699,1278,25.6,46.2,1.4903,0,0,0,0,1,0,0
17,3.2,1271,222.0,16.3,1188,372.0,563,107.0,1703,1305,25.1,47.6,1.4983,0,0,0,0,1,0,0
18,3.7,1333,315.0,20.5,1312,383.0,520,107.0,1853,1364,23.8,51.4,1.4956,0,0,0,0,1,0,0
19,4.6,1390,475.33333,24.4,1414,455.0,487,117.0,1959,1428,23.3,53.1,1.496,0,0,0,0,1,0,0
20,3.3,1266,385.0,18.7,1261,355.0,541,97.0,1807,1285,22.4,55.2,1.4735,0,0,0,0,1,0,0
21,2.4,1140,256.33333,12.7,1072,267.0,626,90.0,1597,1143,21.7,57.7,1.4766,0,0,0,0,1,0,0
22,2.8,1240,213.33333,15.6,1168,308.0,582,86.0,1714,1235,20.5,63.0,1.5043,0,0,0,0,1,0,0
23,2.7,1187,201.66667,14.2,1122,313.0,589,77.0,1641,1208,19.5,67.6,1.5156,0,0,0,0,1,0,0
0,1.8,1043,151.0,9.9,975,216.0,675,66.0,1489,1041,18.7,69.0,1.4727,0,0,0,0,0,1,0
1,1.1,948,80.33333,6.3,826,137.0,802,57.0,1382,897,19.3,65.5,1.45,0,0,0,0,0,1,0
2,1.2,955,77.33333,5.2,775,140.0,831,55.0,1362,862,17.6,70.8,1.4105,0,0,0,0,0,1,0
4,0.6,832,38.0,2.9,644,94.0,990,40.0,1239,747,17.8,68.1,1.3722,0,0,0,0,0,1,0
5,0.5,846,33.66667,2.6,628,79.0,1025,40.0,1218,727,16.1,73.5,1.3329,0,0,0,0,0,1,0
6,0.7,897,45.66667,4.7,750,156.0,874,46.0,1270,799,15.8,73.5,1.3151,0,0,0,0,0,1,0
7,0.8,908,80.33333,5.1,767,153.0,868,53.0,1272,807,17.0,68.0,1.3102,0,0,0,0,0,1,0
8,3.5,1348,304.66667,22.2,1357,464.0,526,84.0,1833,1324,16.0,72.2,1.3077,0,0,0,0,0,1,0
9,3.6,1384,661.33333,23.3,1386,435.0,504,88.0,1833,1404,17.8,65.4,1.3213,0,0,0,0,0,1,0
10,3.63333,1473,561.0,26.3,1463,683.0,462,143.0,1948,1605,20.6,56.0,1.3467,0,0,0,0,0,1,0
11,3.6,1360,499.33333,19.7,1287,523.0,517,130.0,1755,1478,23.6,48.0,1.3757,0,0,0,0,0,1,0
12,3.36667,1305,477.66667,17.4,1223,460.0,545,120.0,1720,1414,23.7,49.8,1.4433,0,0,0,0,0,1,0
13,3.36667,1337,415.0,20.2,1302,417.0,507,139.0,1786,1465,24.7,47.4,1.4527,0,0,0,0,0,1,0
14,3.3,1414,486.0,24.4,1414,486.0,478,139.0,1896,1588,25.9,42.8,1.4122,0,0,0,0,0,1,0
15,2.83333,1463,288.33333,24.5,1417,512.0,467,156.0,1900,1651,26.8,43.3,1.4977,0,0,0,0,0,1,0
16,2.96667,1530,210.33333,24.8,1425,595.0,457,143.0,1975,1652,26.6,45.5,1.5555,0,0,0,0,0,1,0
17,4.83333,1915,322.66667,45.9,1889,1052.0,340,186.0,2603,2110,24.8,53.9,1.6683,0,0,0,0,0,1,0
18,8.7,1882,418.66667,47.5,1920,1014.0,328,171.0,2609,2204,23.1,61.1,1.7082,0,0,0,0,0,1,0
19,5.8,1589,387.33333,33.0,1619,633.0,406,124.0,2216,1780,22.2,63.7,1.6865,0,0,0,0,0,1,0
20,4.3,1463,392.66667,27.2,1484,485.0,443,97.0,2011,1590,21.1,66.1,1.6313,0,0,0,0,0,1,0
21,3.6,1380,301.0,21.8,1345,480.0,493,92.0,1856,1419,20.0,69.0,1.5956,0,0,0,0,0,1,0
22,3.9,1383,170.0,21.3,1332,572.0,495,96.0,1855,1415,19.1,72.0,1.5732,0,0,0,0,0,1,0
23,2.4,1181,160.66667,13.3,1094,345.0,600,74.0,1599,1180,18.8,70.6,1.5209,0,0,0,0,0,1,0
0,1.6,1061,156.66667,8.8,931,195.0,699,65.0,1481,1015,18.5,69.5,1.4657,0,0,0,0,0,0,1
1,1.8,1091,128.33333,9.2,945,213.0,698,62.0,1467,1014,18.4,68.5,1.439,0,0,0,0,0,0,1
2,1.5,1010,84.66667,7.6,884,216.0,719,59.0,1430,938,16.8,73.3,1.3915,0,0,0,0,0,0,1
4,0.5,852,33.66667,2.8,639,73.0,1009,41.0,1204,723,16.5,71.0,1.3239,0,0,0,0,0,0,1
5,0.4,826,46.0,2.2,601,67.0,1056,38.0,1180,702,16.9,67.9,1.295,0,0,0,0,0,0,1
6,0.5,862,87.66667,3.4,677,96.0,973,43.0,1192,725,16.1,69.3,1.2591,0,0,0,0,0,0,1
7,0.8,951,109.33333,5.7,800,162.0,803,52.0,1257,836,16.1,69.6,1.2593,0,0,0,0,0,0,1
8,2.0,1210,195.0,16.3,1188,305.0,583,75.0,1575,1129,16.2,70.1,1.2837,0,0,0,0,0,0,1
9,6.2,1601,711.0,37.9,1727,725.0,389,118.0,2252,1718,16.5,69.3,1.2897,0,0,0,0,0,0,1
10,4.5,1477,661.0,25.5,1443,658.0,469,126.0,1878,1646,19.6,58.3,1.3141,0,0,0,0,0,0,1
11,4.6,1458,457.33333,24.2,1408,710.0,471,151.0,1889,1664,20.7,55.5,1.3414,0,0,0,0,0,0,1
12,3.3,1354,370.33333,20.9,1321,445.0,504,107.0,1799,1496,20.8,56.3,1.3664,0,0,0,0,0,0,1
13,3.6,1385,383.0,22.1,1354,455.0,490,114.0,1823,1506,21.7,53.1,1.3649,0,0,0,0,0,0,1
14,4.4,1460,450.0,25.0,1430,524.0,466,125.0,1932,1604,23.0,49.0,1.362,0,0,0,0,0,0,1
15,4.3,1492,294.0,26.4,1463,527.0,460,138.0,1935,1632,24.2,44.0,1.3078,0,0,0,0,0,0,1
16,5.0,1569,260.33333,29.8,1547,601.0,435,144.0,2016,1736,24.7,43.6,1.3396,0,0,0,0,0,0,1
17,8.1,1870,400.0,45.0,1871,1001.0,351,180.0,2483,2165,23.0,54.2,1.5066,0,0,0,0,0,0,1
18,8.0,1774,303.33333,42.8,1829,852.0,359,154.0,2457,2152,21.4,60.9,1.5322,0,0,0,0,0,0,1
19,3.6,1388,398.33333,22.4,1363,370.0,485,105.0,1815,1556,20.3,61.4,1.4417,0,0,0,0,0,0,1
20,2.9,1303,174.66667,15.9,1177,348.0,562,98.0,1619,1389,20.0,63.2,1.4581,0,0,0,0,0,0,1
21,2.7,1257,200.33333,14.3,1126,361.0,581,93.0,1599,1300,19.1,64.4,1.405,0,0,0,0,0,0,1
22,1.9,1132,113.66667,10.7,1002,255.0,640,76.0,1474,1126,18.1,67.5,1.3855,0,0,0,0,0,0,1
23,1.3,1050,98.33333,7.6,881,162.0,732,69.0,1363,982,17.8,66.9,1.3464,0,0,0,0,0,0,1
0,1.2,1033,103.0,6.7,842,166.0,756,66.0,1362,941,17.6,66.5,1.3249,1,0,0,0,0,0,0
1,1.8,1106,193.0,9.0,938,247.0,685,76.0,1395,1010,16.1,71.2,1.2948,1,0,0,0,0,0,0
2,1.9,1107,90.33333,9.0,940,255.0,689,73.0,1403,985,15.5,73.3,1.2845,1,0,0,0,0,0,0
4,0.9,916,54.66667,4.3,726,129.0,879,54.0,1248,791,15.6,70.8,1.2461,1,0,0,0,0,0,0
5,0.5,852,59.0,2.8,641,83.0,1012,44.0,1172,710,17.0,64.5,1.2374,1,0,0,0,0,0,0
6,0.6,889,84.33333,3.7,694,114.0,913,45.0,1198,743,14.9,72.3,1.2186,1,0,0,0,0,0,0
7,1.1,1002,139.33333,6.3,828,233.0,798,58.0,1307,857,14.0,76.6,1.2183,1,0,0,0,0,0,0
8,2.8,1231,135.33333,14.5,1134,448.0,587,87.0,1572,1143,14.6,74.2,1.2256,1,0,0,0,0,0,0
9,2.9,1212,333.33333,16.4,1191,455.0,551,97.0,1586,1210,15.9,69.8,1.253,1,0,0,0,0,0,0
10,1.7,1121,142.66667,10.9,1012,254.0,650,80.0,1436,1060,18.4,61.3,1.2854,1,0,0,0,0,0,0
11,2.3,1260,415.0,14.1,1121,313.0,568,82.0,1569,1252,20.0,56.7,1.3078,1,0,0,0,0,0,0
12,3.3,1391,445.0,17.1,1214,490.0,518,112.0,1691,1435,20.4,57.0,1.3507,1,0,0,0,0,0,0
13,3.5,1463,400.33333,19.4,1280,496.0,482,121.0,1794,1544,20.7,59.3,1.4283,1,0,0,0,0,0,0
14,3.8,1464,337.66667,20.9,1321,514.0,475,132.0,1794,1600,21.7,54.8,1.4024,1,0,0,0,0,0,0
15,3.4,1412,264.0,17.7,1230,454.0,516,141.0,1672,1534,22.0,54.2,1.4096,1,0,0,0,0,0,0
16,3.8,1450,352.66667,19.8,1292,507.0,495,130.0,1768,1495,21.4,57.1,1.4356,1,0,0,0,0,0,0
17,3.6,1416,461.0,19.5,1283,474.0,510,113.0,1739,1442,20.8,58.7,1.4259,1,0,0,0,0,0,0
18,3.5,1346,380.0,17.0,1211,404.0,540,101.0,1674,1340,20.1,59.6,1.3852,1,0,0,0,0,0,0
19,2.8,1273,274.66667,14.6,1137,356.0,586,91.0,1563,1231,20.0,58.4,1.3473,1,0,0,0,0,0,0
20,2.5,1206,158.66667,12.0,1049,345.0,634,90.0,1484,1128,19.5,58.9,1.3195,1,0,0,0,0,0,0
21,3.1,1252,159.66667,13.3,1094,395.0,615,90.0,1526,1188,19.5,57.4,1.2874,1,0,0,0,0,0,0
22,1.8,1069,131.33333,7.9,897,249.0,729,83.0,1364,998,19.1,59.2,1.295,1,0,0,0,0,0,0
23,1.6,1061,178.0,7.9,895,197.0,737,73.0,1359,944,18.8,59.1,1.2702,1,0,0,0,0,0,0
0,1.9,1072,118.33333,7.5,880,224.0,767,80.0,1318,928,18.0,60.4,1.2331,0,1,0,0,0,0,0
1,2.0,1075,96.33333,8.4,917,231.0,737,87.0,1354,1037,17.5,60.7,1.2009,0,1,0,0,0,0,0
2,1.4,992,101.0,6.9,853,177.0,796,79.0,1305,930,17.5,59.4,1.1768,0,1,0,0,0,0,0
4,0.93333,854,86.66667,3.8,700,98.0,980,56.0,1151,665,17.0,52.3,1.0009,0,1,0,0,0,0,0
5,0.7,774,40.0,2.1,591,64.0,1151,42.0,1044,533,16.1,49.8,0.9021,0,1,0,0,0,0,0
6,0.4,757,60.33333,1.5,542,44.0,1339,31.0,1004,449,15.5,51.5,0.9026,0,1,0,0,0,0,0
7,0.4,752,38.66667,1.2,516,53.0,1370,35.0,997,440,15.1,52.0,0.8878,0,1,0,0,0,0,0
8,0.5,757,38.0,1.6,551,94.0,1295,51.0,967,453,14.9,46.8,0.7885,0,1,0,0,0,0,0
9,0.7,777,31.0,1.9,580,100.0,1263,58.0,963,465,15.5,42.4,0.74,0,1,0,0,0,0,0
10,0.7,774,36.0,2.0,583,98.0,1246,57.0,966,457,16.6,38.2,0.7186,0,1,0,0,0,0,0
11,0.7,805,33.66667,2.7,632,115.0,1176,63.0,1033,475,18.0,34.7,0.7089,0,1,0,0,0,0,0
12,1.0,838,46.33333,3.6,686,115.0,1083,61.0,1046,532,18.0,35.1,0.7176,0,1,0,0,0,0,0
13,1.0,824,60.33333,3.7,695,76.0,1091,34.0,1035,526,17.6,33.8,0.6726,0,1,0,0,0,0,0
14,0.9,812,55.66667,3.9,704,55.0,1055,26.0,1044,520,17.5,33.7,0.6691,0,1,0,0,0,0,0
15,0.9,806,50.66667,3.8,702,59.0,1052,28.0,1035,500,17.2,33.9,0.6591,0,1,0,0,0,0,0
16,0.9,789,37.66667,3.4,675,95.0,1121,50.0,974,482,16.8,32.1,0.6073,0,1,0,0,0,0,0
17,1.1,821,47.33333,4.0,713,107.0,1067,55.0,1030,539,16.0,34.1,0.6155,0,1,0,0,0,0,0
18,3.2,1024,183.66667,14.3,1127,189.0,704,84.0,1346,943,14.8,37.5,0.6259,0,1,0,0,0,0,0
19,3.1,1009,162.66667,10.5,995,386.0,784,140.0,1201,1016,14.4,39.2,0.6407,0,1,0,0,0,0,0
20,3.1,1064,96.66667,12.2,1055,412.0,738,138.0,1242,1063,14.1,43.0,0.6883,0,1,0,0,0,0,0
21,2.3,1001,235.66667,11.4,1029,342.0,733,127.0,1255,1034,13.4,48.4,0.7397,0,1,0,0,0,0,0
22,1.8,927,103.0,7.3,868,255.0,847,117.0,1155,864,12.7,51.2,0.7505,0,1,0,0,0,0,0
23,0.8,819,57.66667,2.4,613,89.0,1118,57.0,1060,500,9.9,71.4,0.8736,0,1,0,0,0,0,0
0,0.9,847,59.0,2.7,630,106.0,1057,59.0,1091,537,10.2,71.6,0.8893,0,0,1,0,0,0,0
1,0.8,798,54.0,2.5,621,109.0,1115,62.0,1041,524,10.6,61.3,0.7856,0,0,1,0,0,0,0
2,0.7,757,41.0,1.7,561,67.0,1192,42.0,998,457,11.1,55.6,0.7344,0,0,1,0,0,0,0
4,0.2,689,21.66667,0.3,407,13.0,1757,13.0,895,333,11.3,49.5,0.6615,0,0,1,0,0,0,0
5,0.2,698,26.33333,0.4,424,20.0,1665,18.0,903,339,10.8,50.9,0.657,0,0,1,0,0,0,0
6,0.3,720,33.0,0.6,458,33.0,1536,26.0,917,358,10.9,50.1,0.6519,0,0,1,0,0,0,0
7,0.7,797,42.66667,2.1,593,146.0,1212,72.0,984,494,10.8,49.7,0.6429,0,0,1,0,0,0,0
8,1.7,950,162.0,7.4,875,359.0,850,131.0,1179,828,10.7,50.4,0.6467,0,0,1,0,0,0,0
9,1.8,887,97.33333,5.9,809,322.0,899,133.0,1111,769,10.9,50.0,0.6531,0,0,1,0,0,0,0
10,1.5,850,75.0,4.8,755,293.0,966,116.0,1051,714,12.1,46.5,0.653,0,0,1,0,0,0,0
11,1.3,836,100.66667,4.5,740,255.0,987,117.0,1046,672,12.4,44.1,0.6324,0,0,1,0,0,0,0
12,1.2,827,94.33333,5.1,768,233.0,972,103.0,1040,671,13.0,40.1,0.5989,0,0,1,0,0,0,0
13,1.3,819,82.66667,6.0,810,220.0,947,100.0,1027,631,13.4,36.3,0.5556,0,0,1,0,0,0,0
14,1.8,919,135.0,10.0,978,246.0,820,105.0,1180,805,13.1,38.5,0.5776,0,0,1,0,0,0,0
15,1.7,897,99.0,7.8,890,272.0,850,121.0,1139,808,11.5,46.4,0.6302,0,0,1,0,0,0,0
16,2.2,973,212.33333,11.2,1023,358.0,780,132.0,1226,964,13.1,40.4,0.606,0,0,1,0,0,0,0
17,3.2,1065,200.0,17.0,1211,514.0,669,156.0,1364,1188,13.0,39.3,0.5877,0,0,1,0,0,0,0
18,5.9,1341,542.66667,31.0,1575,742.0,503,183.0,1778,1571,11.3,50.9,0.679,0,0,1,0,0,0,0
4,0.2,715,50.66667,0.5,445,32.0,1601,29.0,925,373,8.0,64.5,0.695,0,0,0,0,1,0,0
5,0.2,726,69.0,0.5,443,29.0,1663,26.0,942,363,8.1,68.6,0.7409,0,0,0,0,1,0,0
6,0.3,771,74.66667,0.9,490,48.0,1419,39.0,990,411,6.3,84.8,0.8148,0,0,0,0,1,0,0
7,0.5,805,62.33333,1.6,555,113.0,1255,72.0,1019,496,6.7,79.8,0.7872,0,0,0,0,1,0,0
8,1.4,958,117.33333,5.8,803,267.0,910,128.0,1172,738,7.1,77.9,0.7914,0,0,0,0,1,0,0
9,2.0,1021,164.33333,9.5,959,332.0,760,149.0,1297,910,7.9,73.5,0.7883,0,0,0,0,1,0,0
10,1.6,969,143.0,6.7,843,354.0,857,165.0,1213,821,6.9,86.0,0.8632,0,0,0,0,1,0,0
11,1.3,923,84.33333,4.4,733,316.0,962,150.0,1124,740,6.8,87.1,0.8652,0,0,0,0,1,0,0
12,1.4,973,167.66667,6.8,850,395.0,868,165.0,1213,852,8.0,81.6,0.8755,0,0,0,0,1,0,0
13,1.9,996,245.66667,7.8,893,391.0,808,175.0,1237,895,9.5,70.0,0.8296,0,0,0,0,1,0,0
14,2.7,1055,109.0,10.8,1007,457.0,736,145.0,1301,1019,10.5,62.2,0.7923,0,0,0,0,1,0,0
15,2.1,1023,268.0,9.8,971,448.0,752,98.0,1283,993,11.4,59.1,0.7963,0,0,0,0,1,0,0
16,2.4,1039,180.0,11.3,1024,543.0,721,105.0,1325,1043,11.1,58.6,0.7737,0,0,0,0,1,0,0
17,2.7,1051,103.66667,12.3,1061,574.0,696,106.0,1333,1111,10.8,57.6,0.7473,0,0,0,0,1,0,0
18,2.5,1050,182.66667,12.6,1070,435.0,699,141.0,1334,1087,10.6,56.9,0.7281,0,0,0,0,1,0,0
19,3.7,1156,168.33333,17.0,1209,504.0,614,177.0,1467,1250,10.6,59.3,0.7588,0,0,0,0,1,0,0
20,4.6,1277,366.33333,21.4,1335,586.0,551,182.0,1636,1331,10.0,71.5,0.8768,0,0,0,0,1,0,0
21,3.9,1172,195.66667,15.3,1159,580.0,621,193.0,1461,1243,10.3,71.1,0.8878,0,0,0,0,1,0,0
22,2.2,1048,214.0,9.9,973,346.0,731,148.0,1298,1074,10.5,70.3,0.893,0,0,0,0,1,0,0
23,2.7,1144,228.66667,13.4,1096,531.0,643,167.0,1394,1258,10.2,71.3,0.8859,0,0,0,0,1,0,0
0,2.6,1104,131.0,11.2,1023,477.0,677,158.0,1314,1189,9.7,73.1,0.8787,0,0,0,0,0,1,0
1,2.1,1038,101.33333,9.4,957,344.0,713,132.0,1271,1092,9.3,73.5,0.8651,0,0,0,0,0,1,0
2,1.4,960,193.0,6.6,838,219.0,797,97.0,1189,996,9.2,73.9,0.8616,0,0,0,0,0,1,0
4,1.1,930,53.0,5.4,784,174.0,850,74.0,1151,902,7.6,81.2,0.8483,0,0,0,0,0,1,0
5,1.1,918,96.66667,5.3,778,165.0,864,68.0,1136,859,7.5,81.5,0.8495,0,0,0,0,0,1,0
6,1.1,952,79.33333,6.1,814,250.0,804,89.0,1153,970,8.3,77.2,0.8464,0,0,0,0,0,1,0
7,1.5,1019,46.33333,8.1,905,388.0,757,117.0,1244,1062,8.9,75.6,0.8667,0,0,0,0,0,1,0
8,3.1,1287,208.33333,17.3,1218,758.0,580,190.0,1580,1304,9.2,81.7,0.9506,0,0,0,0,0,1,0
9,6.8,1578,569.0,32.3,1605,1247.0,429,211.0,2032,1643,9.9,83.4,1.0194,0,0,0,0,0,1,0
10,5.4,1417,635.0,24.1,1407,1110.0,490,190.0,1709,1488,10.2,82.3,1.0253,0,0,0,0,0,1,0
11,4.5,1392,494.33333,21.0,1325,1145.0,511,194.0,1631,1465,11.2,80.7,1.0688,0,0,0,0,0,1,0
12,3.0,1147,274.0,12.7,1073,720.0,628,210.0,1415,1198,11.8,76.1,1.0516,0,0,0,0,0,1,0
13,2.8,1150,295.66667,13.6,1105,557.0,629,199.0,1450,1160,12.5,71.3,1.0285,0,0,0,0,0,1,0
14,3.9,1252,431.66667,18.0,1240,678.0,564,178.0,1614,1277,13.2,68.4,1.0346,0,0,0,0,0,1,0
15,3.4,1186,265.33333,14.3,1125,659.0,617,184.0,1493,1171,12.5,73.2,1.0563,0,0,0,0,0,1,0
16,3.2,1172,215.66667,13.7,1107,552.0,629,186.0,1449,1106,12.2,75.7,1.0693,0,0,0,0,0,1,0
17,2.8,1109,193.0,11.2,1021,395.0,689,168.0,1361,1036,11.5,78.1,1.0565,0,0,0,0,0,1,0
18,3.9,1201,286.0,16.5,1196,573.0,597,187.0,1546,1196,11.6,76.0,1.0354,0,0,0,0,0,1,0
19,3.5,1189,523.33333,16.1,1183,463.0,603,166.0,1534,1170,12.0,73.3,1.0264,0,0,0,0,0,1,0
20,4.7,1282,416.33333,20.6,1312,568.0,551,177.0,1671,1312,12.9,68.8,1.0175,0,0,0,0,0,1,0
21,4.6,1207,338.66667,16.8,1203,706.0,625,207.0,1570,1251,13.1,69.6,1.0464,0,0,0,0,0,1,0
22,1.2,904,147.0,4.8,754,193.0,930,114.0,1172,805,12.3,73.4,1.049,0,0,0,0,0,1,0
23,1.1,900,66.33333,4.0,711,151.0,975,84.0,1153,736,12.7,71.0,1.0387,0,0,0,0,0,1,0
0,1.2,932,130.66667,4.5,740,167.0,926,92.0,1180,774,12.9,69.9,1.0371,0,0,0,0,0,0,1
1,1.6,968,90.0,5.4,785,239.0,872,111.0,1209,826,12.9,70.5,1.0442,0,0,0,0,0,0,1
2,0.7,827,70.33333,2.4,610,102.0,1092,71.0,1120,636,13.1,67.7,1.0198,0,0,0,0,0,0,1
4,0.86667,812,57.0,1.6,549,55.0,1213,43.0,1079,531,13.8,64.0,1.0042,0,0,0,0,0,0,1
5,0.6,811,64.33333,1.7,559,71.0,1170,50.0,1085,558,13.7,64.4,1.0036,0,0,0,0,0,0,1
6,0.5,827,38.0,1.7,560,79.0,1169,53.0,1087,565,13.9,63.8,1.0079,0,0,0,0,0,0,1
7,0.6,849,53.66667,2.3,604,117.0,1086,67.0,1108,604,14.1,64.5,1.0287,0,0,0,0,0,0,1
8,1.4,1001,51.33333,5.7,798,266.0,855,113.0,1257,794,14.0,66.1,1.0488,0,0,0,0,0,0,1
9,2.0,1021,199.0,7.9,896,340.0,741,140.0,1314,907,14.2,66.4,1.0673,0,0,0,0,0,0,1
10,1.6,978,135.0,6.4,831,257.0,807,116.0,1257,838,14.9,62.5,1.0529,0,0,0,0,0,0,1
11,1.6,996,176.0,6.9,855,311.0,793,122.0,1277,884,16.3,58.4,1.0729,0,0,0,0,0,0,1
12,1.7,1014,183.0,6.7,843,279.0,791,116.0,1297,866,16.9,56.5,1.0801,0,0,0,0,0,0,1
13,2.0,1061,158.33333,8.7,928,267.0,730,118.0,1366,909,17.4,55.8,1.098,0,0,0,0,0,0,1
14,2.3,1092,141.33333,9.9,975,310.0,690,125.0,1418,990,17.4,57.3,1.1328,0,0,0,0,0,0,1
15,2.4,1129,180.66667,11.4,1028,352.0,661,126.0,1480,1050,17.7,55.5,1.1127,0,0,0,0,0,0,1
16,2.2,1077,248.33333,9.8,969,337.0,690,135.0,1405,1023,16.8,58.9,1.1199,0,0,0,0,0,0,1
17,2.6,1153,199.0,12.9,1079,358.0,635,140.0,1496,1103,17.0,57.5,1.1071,0,0,0,0,0,0,1
18,4.0,1234,235.0,16.6,1197,547.0,575,163.0,1597,1239,16.2,60.2,1.1003,0,0,0,0,0,0,1
19,5.2,1319,334.33333,20.8,1319,600.0,539,178.0,1735,1384,16.7,58.0,1.0916,0,0,0,0,0,0,1
20,3.9,1251,260.66667,18.8,1264,470.0,561,160.0,1677,1289,16.5,58.8,1.0921,0,0,0,0,0,0,1
21,3.8,1165,218.33333,12.6,1070,522.0,650,166.0,1467,1180,15.8,61.1,1.0856,0,0,0,0,0,0,1
22,1.6,954,157.33333,5.9,807,208.0,833,115.0,1243,855,15.7,60.8,1.0769,0,0,0,0,0,0,1
23,1.5,971,125.0,6.1,818,205.0,828,107.0,1252,857,15.9,59.6,1.0673,0,0,0,0,0,0,1
0,1.6,961,117.33333,5.0,765,217.0,865,108.0,1212,811,15.6,60.0,1.0594,1,0,0,0,0,0,0
1,1.5,952,78.0,4.9,758,216.0,876,111.0,1203,794,15.6,60.1,1.0557,1,0,0,0,0,0,0
2,1.0,875,52.66667,2.7,635,117.0,1037,75.0,1133,612,15.7,59.5,1.0534,1,0,0,0,0,0,0
4,1.3,1006,44.33333,5.0,765,174.0,848,88.0,1239,807,15.6,61.7,1.0847,1,0,0,0,0,0,0
5,1.0,907,53.33333,3.7,691,111.0,927,71.0,1173,702,15.8,59.9,1.0693,1,0,0,0,0,0,0
6,1.0,938,53.33333,3.8,702,147.0,904,75.0,1185,753,15.2,61.8,1.0602,1,0,0,0,0,0,0
7,0.9,925,87.66667,3.3,672,140.0,991,86.0,1154,709,16.1,55.4,1.0089,1,0,0,0,0,0,0
8,2.1,1157,124.33333,9.7,967,421.0,678,124.0,1365,1087,14.9,64.1,1.0773,1,0,0,0,0,0,0
9,2.1,1169,188.66667,10.7,1003,350.0,665,128.0,1409,1126,15.6,62.0,1.0904,1,0,0,0,0,0,0
10,3.1,1312,456.33333,14.7,1139,550.0,565,164.0,1568,1386,17.9,54.6,1.11,1,0,0,0,0,0,0
11,3.8,1347,357.0,17.6,1227,589.0,539,199.0,1627,1476,21.1,44.5,1.0964,1,0,0,0,0,0,0
12,3.7,1321,384.66667,17.5,1224,537.0,543,192.0,1617,1424,20.3,46.7,1.0971,1,0,0,0,0,0,0
13,3.6,1267,346.66667,14.1,1118,473.0,592,166.0,1503,1310,21.5,42.7,1.0837,1,0,0,0,0,0,0
14,3.3,1234,285.0,12.1,1053,364.0,639,133.0,1476,1114,21.5,43.1,1.0919,1,0,0,0,0,0,0
15,2.1,1101,280.0,9.2,947,270.0,699,118.0,1374,1029,21.5,43.4,1.0965,1,0,0,0,0,0,0
16,2.3,1149,216.33333,10.6,998,368.0,664,133.0,1434,1101,20.8,45.5,1.1054,1,0,0,0,0,0,0
17,2.1,1094,173.66667,9.0,941,318.0,695,128.0,1371,1040,19.2,49.6,1.0893,1,0,0,0,0,0,0
18,1.9,1056,106.33333,7.5,878,244.0,758,116.0,1308,856,18.3,51.6,1.0732,1,0,0,0,0,0,0
19,1.9,1030,156.66667,8.0,899,234.0,767,118.0,1275,836,17.7,51.5,1.0357,1,0,0,0,0,0,0
20,2.3,1075,152.33333,9.1,943,296.0,752,142.0,1305,894,17.2,51.5,1.0015,1,0,0,0,0,0,0
21,1.7,927,94.0,4.7,748,205.0,888,113.0,1157,696,15.9,54.9,0.9853,1,0,0,0,0,0,0
22,0.8,793,65.66667,1.8,570,95.0,1143,59.0,1036,524,14.0,55.2,0.8807,1,0,0,0,0,0,0
23,0.8,796,56.66667,2.1,589,93.0,1136,52.0,1026,506,13.3,53.0,0.8044,1,0,0,0,0,0,0
0,0.8,780,54.0,1.8,568,100.0,1190,57.0,997,453,11.9,55.5,0.7711,0,1,0,0,0,0,0
1,0.8,774,48.0,1.8,569,100.0,1222,58.0,984,434,11.4,54.6,0.7363,0,1,0,0,0,0,0
2,0.6,718,34.0,1.0,500,63.0,1401,44.0,914,373,10.4,53.7,0.6749,0,1,0,0,0,0,0
4,0.3,689,26.33333,0.7,470,36.0,1643,26.0,863,305,9.8,51.3,0.6225,0,1,0,0,0,0,0
5,0.3,678,32.33333,0.4,427,24.0,1771,20.0,853,286,9.5,52.2,0.6198,0,1,0,0,0,0,0
6,0.2,655,25.66667,0.2,402,20.0,2077,17.0,814,268,10.0,45.7,0.5598,0,1,0,0,0,0,0
7,0.2,649,31.33333,0.2,397,25.0,2062,21.0,798,261,10.2,41.9,0.5209,0,1,0,0,0,0,0
8,0.3,647,33.0,0.3,412,39.0,1964,29.0,779,274,10.6,36.1,0.4624,0,1,0,0,0,0,0
9,0.3,667,30.66667,0.4,429,57.0,1793,39.0,790,291,10.7,36.0,0.4623,0,1,0,0,0,0,0
10,0.4,669,35.66667,0.5,444,59.0,1664,41.0,791,304,10.8,35.4,0.4583,0,1,0,0,0,0,0
11,0.4,667,28.0,0.6,455,65.0,1716,44.0,786,301,11.4,32.9,0.4435,0,1,0,0,0,0,0
12,0.6,705,30.33333,1.1,508,93.0,1494,54.0,820,329,12.4,32.0,0.4583,0,1,0,0,0,0,0
13,0.6,710,25.66667,1.2,523,112.0,1479,62.0,827,350,12.4,31.3,0.45,0,1,0,0,0,0,0
14,0.6,713,40.0,1.4,539,110.0,1593,62.0,829,380,12.2,31.8,0.4514,0,1,0,0,0,0,0
15,0.5,703,25.33333,1.1,512,81.0,2121,48.0,837,356,10.5,37.9,0.4821,0,1,0,0,0,0,0
16,0.6,738,31.33333,1.3,529,100.0,1991,59.0,876,383,9.6,44.2,0.5289,0,1,0,0,0,0,0
17,0.7,795,49.33333,1.8,569,109.0,1773,63.0,959,429,8.2,57.9,0.6293,0,1,0,0,0,0,0
18,1.4,861,61.0,4.7,750,148.0,1481,78.0,1051,556,7.3,63.5,0.6519,0,1,0,0,0,0,0
19,1.2,836,36.33333,3.0,653,207.0,1798,99.0,978,537,8.4,55.7,0.6155,0,1,0,0,0,0,0
20,1.1,812,45.0,3.0,652,210.0,1586,106.0,964,554,9.1,49.6,0.5765,0,1,0,0,0,0,0
21,1.0,771,58.0,2.8,642,180.0,1678,97.0,915,518,10.0,41.4,0.5102,0,1,0,0,0,0,0
22,0.6,711,34.66667,1.6,556,109.0,1938,67.0,840,416,10.4,36.2,0.4561,0,1,0,0,0,0,0
23,0.8,741,48.0,2.3,607,128.0,1312,73.0,865,433,11.3,32.3,0.4329,0,1,0,0,0,0,0
0,0.6,696,54.0,1.3,532,96.0,1416,62.0,814,393,10.9,33.5,0.4378,0,0,1,0,0,0,0
1,0.5,692,48.0,1.1,507,65.0,1483,44.0,811,353,10.6,34.9,0.4455,0,0,1,0,0,0,0
2,0.3,679,34.0,0.6,449,42.0,1666,31.0,800,314,10.7,36.1,0.4639,0,0,1,0,0,0,0
4,0.43333,681,26.33333,0.4,428,24.0,1768,21.0,817,297,10.7,39.2,0.5045,0,0,1,0,0,0,0
5,0.3,683,34.0,0.4,426,28.0,1775,22.0,805,302,10.4,38.6,0.4862,0,0,1,0,0,0,0
6,0.4,704,25.66667,0.8,478,55.0,1498,41.0,821,348,10.4,37.4,0.4717,0,0,1,0,0,0,0
7,0.7,767,48.66667,2.0,588,181.0,1292,94.0,885,508,10.5,37.0,0.4707,0,0,1,0,0,0,0
8,2.0,964,160.0,8.7,928,480.0,871,167.0,1130,936,10.7,37.9,0.487,0,0,1,0,0,0,0
9,2.4,925,198.33333,8.6,923,442.0,841,162.0,1115,944,11.1,38.1,0.5023,0,0,1,0,0,0,0
10,1.8,883,125.66667,6.8,849,361.0,910,141.0,1053,843,12.6,36.6,0.5314,0,0,1,0,0,0,0
11,1.6,894,121.33333,6.2,820,288.0,932,127.0,1072,820,13.8,36.2,0.569,0,0,1,0,0,0,0
12,1.7,881,143.0,6.4,831,330.0,911,116.0,1074,793,13.4,37.1,0.5683,0,0,1,0,0,0,0
13,1.8,867,108.66667,6.7,842,300.0,909,104.0,1077,737,13.5,34.9,0.5393,0,0,1,0,0,0,0
14,1.7,856,98.33333,6.2,821,239.0,937,111.0,1043,718,13.7,32.2,0.5032,0,0,1,0,0,0,0
15,1.7,862,108.0,6.7,843,265.0,930,114.0,1032,743,13.6,32.1,0.4977,0,0,1,0,0,0,0
16,1.7,891,129.33333,7.8,891,287.0,874,121.0,1077,848,13.5,31.8,0.4876,0,0,1,0,0,0,0
17,2.6,931,147.66667,11.5,1032,403.0,795,164.0,1098,991,13.5,27.9,0.4287,0,0,1,0,0,0,0
18,4.0,1025,287.66667,16.7,1202,515.0,691,194.0,1263,1191,12.7,28.9,0.4233,0,0,1,0,0,0,0
19,3.8,1029,248.66667,16.6,1198,446.0,694,175.0,1305,1169,12.6,30.2,0.4384,0,0,1,0,0,0,0
20,4.0,1038,220.0,16.3,1190,501.0,685,180.0,1291,1167,12.3,32.0,0.4553,0,0,1,0,0,0,0
21,2.4,904,201.66667,8.6,924,355.0,846,147.0,1083,966,12.0,34.3,0.4787,0,0,1,0,0,0,0
22,1.4,844,96.66667,5.4,782,217.0,969,112.0,1003,796,11.6,37.3,0.5095,0,0,1,0,0,0,0
23,1.3,839,78.33333,4.0,711,180.0,1029,94.0,990,712,11.3,40.3,0.5406,0,0,1,0,0,0,0
0,1.3,844,70.0,3.9,705,167.0,1035,91.0,986,701,11.3,41.8,0.561,0,0,0,1,0,0,0
1,1.0,800,49.66667,2.8,641,126.0,1113,76.0,957,591,11.2,42.0,0.5582,0,0,0,1,0,0,0
2,0.8,786,31.0,2.2,596,113.0,1178,73.0,937,609,11.0,42.6,0.5595,0,0,0,1,0,0,0
4,0.4,732,33.0,0.7,472,37.0,1461,32.0,866,391,11.1,40.8,0.5395,0,0,0,1,0,0,0
5,0.5,737,28.66667,0.7,468,50.0,1481,40.0,869,395,10.7,41.8,0.536,0,0,0,1,0,0,0
6,0.5,778,35.66667,1.2,517,96.0,1330,63.0,890,510,10.2,43.6,0.5405,0,0,0,1,0,0,0
7,0.9,867,56.66667,3.3,669,271.0,1069,119.0,981,779,10.1,44.0,0.5434,0,0,0,1,0,0,0
8,3.5,1248,304.66667,16.6,1197,892.0,641,202.0,1405,1395,10.1,45.6,0.5632,0,0,0,1,0,0,0
9,5.2,1389,627.0,26.3,1463,1071.0,518,222.0,1694,1706,11.3,43.9,0.5867,0,0,0,1,0,0,0
10,4.3,1184,558.0,16.4,1193,839.0,626,212.0,1327,1479,14.5,33.8,0.5541,0,0,0,1,0,0,0
11,3.5,1160,474.0,15.5,1165,713.0,655,219.0,1325,1403,17.5,26.4,0.5228,0,0,0,1,0,0,0
12,2.6,982,146.66667,10.7,1003,498.0,1037,189.0,1117,1072,17.2,22.4,0.4354,0,0,0,1,0,0,0
13,2.5,948,180.66667,11.1,1017,389.0,1065,147.0,1077,929,17.3,20.4,0.4011,0,0,0,1,0,0,0
14,2.8,1017,279.33333,11.7,1039,457.0,769,161.0,1149,1024,18.1,21.0,0.4321,0,0,0,1,0,0,0
15,2.2,985,179.33333,10.9,1011,425.0,779,148.0,1138,1010,17.9,22.3,0.4537,0,0,0,1,0,0,0
16,2.4,1017,265.0,11.4,1029,483.0,768,148.0,1160,1046,17.6,23.7,0.473,0,0,0,1,0,0,0
17,3.5,1121,181.66667,16.3,1190,604.0,673,188.0,1297,1264,16.7,25.9,0.4886,0,0,0,1,0,0,0
18,4.2,1129,350.0,18.5,1255,648.0,634,206.0,1370,1365,14.8,29.6,0.4965,0,0,0,1,0,0,0
19,3.1,1101,489.33333,14.5,1134,427.0,683,168.0,1283,1281,13.6,34.0,0.5251,0,0,0,1,0,0,0
20,3.2,1182,347.66667,15.8,1175,461.0,637,171.0,1363,1463,13.4,40.4,0.6178,0,0,0,1,0,0,0
21,2.8,1144,321.0,13.2,1091,436.0,671,171.0,1295,1388,11.8,44.3,0.6121,0,0,0,1,0,0,0
22,2.2,1046,75.66667,7.8,890,300.0,791,142.0,1109,1195,10.7,47.5,0.6108,0,0,0,1,0,0,0
23,1.8,990,74.33333,6.1,817,277.0,849,134.0,1071,1111,10.2,49.4,0.6138,0,0,0,1,0,0,0
0,1.7,974,91.0,5.0,764,196.0,910,107.0,1029,992,9.5,51.0,0.6045,0,0,0,0,1,0,0
1,1.6,953,65.33333,5.3,778,277.0,885,121.0,1051,1019,7.7,57.9,0.6107,0,0,0,0,1,0,0
2,1.1,868,47.0,2.9,647,131.0,1054,85.0,962,828,8.4,54.5,0.6022,0,0,0,0,1,0,0
4,0.7,786,43.0,1.2,522,97.0,1253,68.0,910,699,6.2,61.0,0.5824,0,0,0,0,1,0,0
5,0.8,834,43.33333,1.6,551,105.0,1193,69.0,917,719,6.8,58.6,0.5813,0,0,0,0,1,0,0
6,0.9,845,29.0,2.0,583,138.0,1132,81.0,929,761,5.7,62.7,0.5801,0,0,0,0,1,0,0
7,1.2,929,31.66667,4.0,713,183.0,987,92.0,1002,830,5.9,62.0,0.5811,0,0,0,0,1,0,0
8,3.3,1234,186.0,15.4,1161,664.0,629,200.0,1386,1318,6.3,61.7,0.5926,0,0,0,0,1,0,0
9,3.8,1270,663.66667,19.0,1267,611.0,565,201.0,1434,1482,7.5,58.8,0.6117,0,0,0,0,1,0,0
10,3.2,1241,188.0,14.6,1135,600.0,622,213.0,1280,1474,11.4,45.4,0.6113,0,0,0,0,1,0,0
12,3.2,1248,377.0,14.4,1131,878.0,615,187.0,1296,1592,13.3,42.3,0.6448,0,0,0,0,1,0,0
13,4.2,1317,490.0,19.0,1269,905.0,554,205.0,1446,1679,14.7,38.9,0.6462,0,0,0,0,1,0,0
14,4.3,1308,455.66667,20.3,1306,808.0,553,212.0,1471,1670,16.5,32.9,0.6127,0,0,0,0,1,0,0
15,4.0,1321,410.66667,19.5,1281,858.0,557,198.0,1442,1650,17.4,32.7,0.6422,0,0,0,0,1,0,0
16,4.1,1360,216.0,21.0,1325,839.0,535,171.0,1513,1692,17.3,33.9,0.6627,0,0,0,0,1,0,0
17,7.8,1659,553.66667,35.9,1685,1290.0,423,272.0,1946,2155,16.0,41.5,0.7483,0,0,0,0,1,0,0
18,10.2,1802,548.33333,47.7,1924,748.0,356,192.0,2235,2452,13.7,52.8,0.8244,0,0,0,0,1,0,0
19,6.6,1549,287.33333,30.1,1553,1148.0,446,288.0,1796,2032,13.0,55.1,0.824,0,0,0,0,1,0,0
20,4.3,1407,199.33333,22.0,1351,729.0,516,254.0,1557,1751,12.4,56.8,0.8141,0,0,0,0,1,0,0
21,4.9,1374,374.33333,19.0,1268,810.0,536,267.0,1531,1675,10.7,62.1,0.7972,0,0,0,0,1,0,0
22,2.6,1127,93.0,9.2,948,427.0,703,198.0,1188,1312,10.5,61.1,0.7755,0,0,0,0,1,0,0
23,2.3,1096,61.0,7.1,860,274.0,777,145.0,1131,1179,9.7,62.5,0.7509,0,0,0,0,1,0,0
0,2.7,1119,99.33333,8.2,908,387.0,735,167.0,1173,1197,8.8,65.5,0.7435,0,0,0,0,0,1,0
1,2.2,999,132.66667,5.1,771,235.0,864,127.0,1068,995,8.8,63.8,0.7236,0,0,0,0,0,1,0
2,2.0,987,93.66667,5.6,794,225.0,852,119.0,1106,971,8.5,65.0,0.7221,0,0,0,0,0,1,0
4,1.2,893,54.66667,3.8,701,185.0,935,84.0,1045,844,6.4,74.0,0.7134,0,0,0,0,0,1,0
5,1.1,878,58.66667,3.6,687,212.0,964,89.0,1035,813,5.9,76.6,0.7179,0,0,0,0,0,1,0
6,1.4,996,116.66667,6.6,841,358.0,797,122.0,1127,1005,6.1,76.7,0.7271,0,0,0,0,0,1,0
7,2.1,1119,151.33333,9.9,974,531.0,710,162.0,1224,1170,6.8,74.5,0.7415,0,0,0,0,0,1,0
8,4.5,1407,514.66667,21.5,1339,992.0,531,225.0,1584,1533,7.7,72.5,0.7666,0,0,0,0,0,1,0
9,5.6,1503,650.66667,27.8,1498,1132.0,469,249.0,1749,1783,8.9,67.4,0.7714,0,0,0,0,0,1,0
10,5.6,1446,595.66667,22.9,1374,1195.0,499,282.0,1560,1818,11.4,58.3,0.7868,0,0,0,0,0,1,0
11,4.7,1416,570.33333,20.2,1302,1120.0,526,278.0,1471,1826,13.4,52.8,0.8086,0,0,0,0,0,1,0
12,4.2,1448,506.0,19.7,1288,870.0,518,251.0,1506,1839,15.8,50.1,0.892,0,0,0,0,0,1,0
13,3.6,1282,485.66667,13.8,1111,570.0,586,208.0,1455,1428,18.3,50.0,1.0431,0,0,0,0,0,1,0
14,3.2,1271,369.66667,15.3,1157,384.0,572,187.0,1483,1353,18.8,49.2,1.0548,0,0,0,0,0,1,0
15,3.1,1321,239.33333,15.9,1178,381.0,552,182.0,1539,1491,18.4,49.6,1.0391,0,0,0,0,0,1,0
16,3.8,1362,318.66667,17.4,1223,541.0,535,212.0,1597,1517,18.3,51.0,1.0586,0,0,0,0,0,1,0
17,3.9,1316,496.33333,17.6,1228,484.0,540,174.0,1610,1413,17.6,53.1,1.0596,0,0,0,0,0,1,0
18,4.6,1374,305.0,20.4,1307,549.0,521,220.0,1709,1429,17.3,53.6,1.0472,0,0,0,0,0,1,0
19,4.9,1388,642.0,22.6,1367,596.0,500,214.0,1722,1503,16.8,55.2,1.048,0,0,0,0,0,1,0
20,5.4,1422,703.0,25.1,1432,620.0,474,212.0,1852,1636,16.6,56.5,1.0551,0,0,0,0,0,1,0
21,4.3,1281,421.66667,17.2,1216,542.0,548,191.0,1604,1687,16.3,58.1,1.0648,0,0,0,0,0,1,0
22,3.1,1192,313.33333,11.7,1040,381.0,640,160.0,1441,1405,15.9,59.0,1.059,0,0,0,0,0,1,0
23,2.5,1108,174.66667,9.2,945,270.0,692,130.0,1355,1199,15.9,59.4,1.0628,0,0,0,0,0,1,0
0,2.4,1071,121.0,7.7,885,284.0,740,133.0,1298,1090,15.7,60.9,1.0774,0,0,0,0,0,0,1
1,1.9,999,89.0,5.6,793,204.0,817,110.0,1242,898,16.1,59.5,1.0811,0,0,0,0,0,0,1
2,1.3,925,52.66667,3.3,670,93.0,940,65.0,1173,663,15.5,63.8,1.1119,0,0,0,0,0,0,1
4,1.1,888,44.66667,2.1,590,51.0,1009,41.0,1152,625,14.7,64.4,1.0704,0,0,0,0,0,0,1
5,0.9,863,33.0,1.3,531,45.0,1097,36.0,1095,606,14.7,59.8,0.9968,0,0,0,0,0,0,1
6,1.0,870,33.33333,1.6,550,68.0,1126,45.0,1078,515,15.4,55.9,0.9722,0,0,0,0,0,0,1
7,1.6,1043,43.0,5.3,776,198.0,800,98.0,1248,826,14.5,63.0,1.0319,0,0,0,0,0,0,1
8,4.8,1478,515.33333,20.5,1310,633.0,492,194.0,1775,1542,14.7,63.1,1.0513,0,0,0,0,0,0,1
9,5.9,1436,641.33333,22.7,1371,548.0,458,191.0,1808,1626,15.2,62.2,1.0641,0,0,0,0,0,0,1
10,5.6,1354,548.33333,16.7,1201,588.0,529,193.0,1593,1538,16.1,59.2,1.0736,0,0,0,0,0,0,1
11,3.5,1290,238.66667,13.8,1110,612.0,571,231.0,1512,1441,17.0,55.9,1.0741,0,0,0,0,0,0,1
12,2.8,1203,160.0,11.8,1043,428.0,617,202.0,1470,1217,17.6,52.2,1.0396,0,0,0,0,0,0,1
13,3.6,1298,296.66667,15.2,1156,463.0,549,188.0,1582,1320,17.3,55.4,1.0836,0,0,0,0,0,0,1
14,4.8,1352,303.66667,17.9,1236,479.0,522,184.0,1659,1368,17.8,53.5,1.0833,0,0,0,0,0,0,1
15,5.0,1247,179.33333,14.8,1142,469.0,574,222.0,1547,1199,18.3,52.3,1.0922,0,0,0,0,0,0,1
16,5.6,1375,203.0,18.3,1247,583.0,531,221.0,1650,1375,18.3,52.8,1.1016,0,0,0,0,0,0,1
17,7.5,1553,263.66667,24.4,1414,760.0,455,193.0,1851,1682,17.7,56.6,1.133,0,0,0,0,0,0,1
18,7.2,1521,395.66667,25.0,1430,691.0,449,187.0,1907,1761,17.3,58.2,1.1435,0,0,0,0,0,0,1
19,8.3,1623,572.66667,29.8,1547,832.0,414,188.0,2040,1883,16.2,62.6,1.1455,0,0,0,0,0,0,1
20,8.6,1510,580.33333,27.9,1501,881.0,456,185.0,1901,1855,15.2,57.5,0.9829,0,0,0,0,0,0,1
21,4.3,837,175.66667,6.5,835,390.0,896,146.0,960,1078,14.2,27.7,0.4451,0,0,0,0,0,0,1
22,2.6,667,69.33333,3.6,689,207.0,1210,120.0,709,620,13.4,14.3,0.2185,0,0,0,0,0,0,1
23,2.6,695,51.0,4.0,711,204.0,1193,110.0,739,645,12.8,14.8,0.218,0,0,0,0,0,0,1
0,2.7,683,73.33333,3.6,686,243.0,1240,121.0,702,627,12.2,14.0,0.1988,1,0,0,0,0,0,0
1,2.7,695,63.0,4.0,709,264.0,1236,126.0,717,645,12.0,14.5,0.2029,1,0,0,0,0,0,0
2,2.6,703,45.33333,3.5,685,215.0,1218,117.0,734,641,10.8,17.0,0.2193,1,0,0,0,0,0,0
4,0.73333,714,55.66667,2.3,605,146.0,1278,94.0,738,594,9.7,22.5,0.2698,1,0,0,0,0,0,0
5,0.6,692,38.33333,1.5,546,92.0,1347,70.0,697,500,9.0,23.1,0.2648,1,0,0,0,0,0,0
6,0.7,729,26.33333,2.8,639,174.0,1234,96.0,773,628,8.7,24.7,0.2785,1,0,0,0,0,0,0
7,1.2,880,52.0,6.0,812,294.0,928,136.0,954,1040,6.9,39.4,0.3948,1,0,0,0,0,0,0
8,2.0,974,127.33333,11.1,1019,412.0,769,177.0,1122,1159,6.3,44.8,0.431,1,0,0,0,0,0,0
9,2.8,1086,259.66667,15.3,1157,573.0,674,214.0,1237,1330,7.2,43.2,0.4417,1,0,0,0,0,0,0
10,2.9,1087,398.33333,17.1,1213,661.0,668,243.0,1216,1402,11.9,27.9,0.3882,1,0,0,0,0,0,0
11,2.2,933,140.66667,10.3,990,555.0,849,192.0,956,1104,14.8,17.9,0.2977,1,0,0,0,0,0,0
12,1.6,852,92.66667,8.5,919,363.0,967,149.0,831,855,14.8,14.3,0.2397,1,0,0,0,0,0,0
13,1.5,882,131.0,10.4,993,302.0,902,141.0,941,862,14.7,15.5,0.2586,1,0,0,0,0,0,0
14,1.9,888,149.66667,10.9,1009,340.0,866,137.0,937,973,14.7,16.6,0.2756,1,0,0,0,0,0,0
15,1.5,878,125.33333,10.6,1000,306.0,880,138.0,942,936,14.8,15.6,0.2615,1,0,0,0,0,0,0
16,1.8,892,147.0,11.1,1018,377.0,879,149.0,931,1009,15.3,14.3,0.2462,1,0,0,0,0,0,0
17,3.4,1117,209.33333,21.1,1327,625.0,692,196.0,1302,1475,13.5,19.5,0.3003,1,0,0,0,0,0,0
18,4.6,1252,277.66667,22.3,1359,870.0,604,239.0,1380,1765,11.1,31.8,0.4187,1,0,0,0,0,0,0
19,1.6,1012,156.33333,10.6,999,421.0,785,164.0,1057,1329,10.2,33.4,0.4143,1,0,0,0,0,0,0
20,1.2,1025,204.0,8.4,916,294.0,832,149.0,1018,1262,9.5,35.9,0.4273,1,0,0,0,0,0,0
21,1.2,1033,136.33333,7.6,881,339.0,855,159.0,999,1230,8.0,39.8,0.4286,1,0,0,0,0,0,0
22,0.9,1008,93.66667,7.1,861,260.0,858,149.0,991,1229,6.6,44.1,0.4333,1,0,0,0,0,0,0
23,0.7,992,128.66667,7.2,867,256.0,876,133.0,997,1196,6.1,45.2,0.4295,1,0,0,0,0,0,0
0,2.5,1187,108.0,13.9,1114,572.0,700,216.0,1193,1433,5.2,50.8,0.452,0,1,0,0,0,0,0
1,1.5,1065,140.66667,9.7,968,428.0,808,196.0,1059,1249,4.9,53.0,0.4629,0,1,0,0,0,0,0
2,0.5,889,56.66667,4.9,760,195.0,968,120.0,919,983,5.3,48.7,0.4364,0,1,0,0,0,0,0
4,0.5,875,68.0,5.6,795,160.0,928,101.0,965,932,3.1,56.3,0.4368,0,1,0,0,0,0,0
5,0.1,808,56.0,2.8,636,101.0,1120,75.0,862,770,4.1,52.2,0.4338,0,1,0,0,0,0,0
6,0.2,858,65.33333,2.7,633,97.0,1136,73.0,878,788,3.5,55.9,0.4431,0,1,0,0,0,0,0
7,0.86667,819,62.0,3.6,690,127.0,1051,84.0,907,819,1.8,61.7,0.4376,0,1,0,0,0,0,0
8,0.2,862,104.0,4.9,757,227.0,983,116.0,938,879,1.3,65.3,0.4457,0,1,0,0,0,0,0
9,0.5,877,68.0,5.6,793,253.0,944,132.0,951,924,3.2,57.0,0.4434,0,1,0,0,0,0,0
10,0.4,941,118.66667,6.4,832,234.0,914,125.0,970,964,7.2,42.8,0.4356,0,1,0,0,0,0,0
11,0.8,983,128.0,6.8,846,291.0,871,148.0,996,1055,10.3,34.2,0.4291,0,1,0,0,0,0,0
12,1.5,1067,163.66667,10.1,981,402.0,755,186.0,1104,1383,10.9,33.8,0.4393,0,1,0,0,0,0,0
13,1.9,1100,178.0,11.2,1022,492.0,752,193.0,1101,1367,12.2,30.0,0.4245,0,1,0,0,0,0,0
14,1.1,958,148.0,8.7,928,351.0,841,174.0,986,1120,13.3,24.3,0.3686,0,1,0,0,0,0,0
15,0.3,866,135.0,5.0,763,160.0,1018,106.0,859,775,15.2,18.7,0.3214,0,1,0,0,0,0,0
16,0.9,1018,163.0,8.2,907,292.0,889,127.0,981,1150,14.9,21.7,0.3646,0,1,0,0,0,0,0
17,2.1,1175,160.0,12.7,1074,537.0,748,172.0,1134,1528,13.1,25.4,0.3814,0,1,0,0,0,0,0
18,2.4,1197,163.66667,10.9,1012,607.0,717,179.0,1103,1655,11.7,32.7,0.4472,0,1,0,0,0,0,0
19,1.6,1110,94.66667,7.4,872,308.0,822,150.0,971,1393,10.1,34.4,0.4249,0,1,0,0,0,0,0
20,1.1,1060,100.0,6.3,825,277.0,854,147.0,967,1338,9.8,36.0,0.4364,0,1,0,0,0,0,0
21,1.3,1136,108.33333,7.7,885,348.0,806,163.0,1006,1403,7.1,43.2,0.436,0,1,0,0,0,0,0
22,0.8,1049,153.33333,7.2,864,267.0,818,145.0,1010,1327,5.9,47.8,0.4459,0,1,0,0,0,0,0
23,1.0,1053,124.66667,7.0,859,399.0,810,186.0,1008,1346,5.3,50.5,0.453,0,1,0,0,0,0,0
0,0.3,970,79.33333,5.0,763,163.0,917,116.0,930,1132,5.6,48.0,0.4412,0,0,1,0,0,0,0
1,1.0,1049,149.33333,8.2,907,297.0,795,145.0,1038,1209,3.9,55.9,0.4568,0,0,1,0,0,0,0
2,0.4,919,90.33333,5.0,761,212.0,911,122.0,942,1044,3.3,58.0,0.4551,0,0,1,0,0,0,0
4,0.63333,814,39.66667,2.0,587,81.0,1146,68.0,876,840,4.2,54.8,0.4571,0,0,1,0,0,0,0
5,0.83333,820,51.0,2.3,604,116.0,1127,80.0,874,847,2.6,60.8,0.4544,0,0,1,0,0,0,0
6,0.1,897,57.66667,4.2,722,201.0,987,108.0,953,959,3.7,57.9,0.4651,0,0,1,0,0,0,0
7,0.4,988,109.33333,6.8,850,333.0,861,149.0,1030,1133,4.5,54.8,0.466,0,0,1,0,0,0,0
8,2.4,1242,356.0,16.2,1185,733.0,625,232.0,1297,1511,4.9,55.8,0.4882,0,0,1,0,0,0,0
9,3.1,1493,664.0,50.7,1981,846.0,448,215.0,1567,2346,5.4,55.1,0.497,0,0,1,0,0,0,0
10,3.1,1394,625.33333,63.7,2214,801.0,411,218.0,1629,2311,6.2,51.8,0.4952,0,0,1,0,0,0,0
11,2.7,1252,572.0,25.4,1439,884.0,559,239.0,1383,1798,6.8,49.8,0.4959,0,0,1,0,0,0,0
12,2.3,1255,459.66667,20.1,1301,784.0,571,224.0,1355,1750,7.3,50.6,0.5184,0,0,1,0,0,0,0
13,3.0,1360,422.33333,23.5,1392,896.0,490,235.0,1458,1863,7.8,49.0,0.5191,0,0,1,0,0,0,0
14,3.6,1369,445.66667,25.2,1434,953.0,489,237.0,1539,1883,8.0,49.2,0.5282,0,0,1,0,0,0,0
15,3.1,1361,236.0,21.8,1347,980.0,518,239.0,1456,1851,8.3,49.3,0.5414,0,0,1,0,0,0,0
16,3.5,1411,254.33333,22.8,1371,1058.0,500,235.0,1484,1919,8.5,49.6,0.5517,0,0,1,0,0,0,0
17,4.0,1509,291.66667,25.4,1439,1080.0,459,199.0,1577,2078,8.5,52.6,0.5856,0,0,1,0,0,0,0
18,6.3,1738,303.33333,38.3,1735,1301.0,365,240.0,1917,2434,8.9,53.4,0.6117,0,0,1,0,0,0,0
19,6.9,1766,369.66667,37.6,1720,1345.0,361,245.0,1881,2515,9.1,53.8,0.6216,0,0,1,0,0,0,0
20,6.5,1706,701.33333,33.9,1641,1218.0,381,239.0,1778,2522,8.9,54.2,0.6183,0,0,1,0,0,0,0
21,3.3,1472,595.33333,22.4,1361,884.0,462,191.0,1455,2334,8.5,54.2,0.6054,0,0,1,0,0,0,0
22,2.4,1392,321.33333,16.9,1206,650.0,521,164.0,1347,2199,8.5,57.8,0.6432,0,0,1,0,0,0,0
23,1.7,1335,110.66667,13.9,1112,444.0,570,130.0,1331,1861,7.7,71.1,0.7503,0,0,1,0,0,0,0
0,1.3,1285,190.33333,11.6,1037,370.0,610,121.0,1277,1751,7.9,72.5,0.7766,0,0,0,1,0,0,0
1,1.1,1267,171.66667,10.8,1008,349.0,628,118.0,1264,1652,8.0,75.3,0.8079,0,0,0,1,0,0,0
2,0.8,1176,91.66667,8.8,930,287.0,679,113.0,1216,1455,8.0,76.2,0.8217,0,0,0,1,0,0,0
4,0.93333,1084,59.33333,6.1,816,226.0,776,94.0,1165,1126,7.9,81.8,0.8759,0,0,0,1,0,0,0
5,1.3,1091,66.33333,6.4,829,238.0,755,92.0,1177,1126,8.2,81.4,0.888,0,0,0,1,0,0,0
6,1.4,1126,86.33333,7.7,886,316.0,713,98.0,1225,1158,8.5,81.1,0.8989,0,0,0,1,0,0,0
7,2.1,1210,128.33333,10.0,978,508.0,666,111.0,1332,1237,8.9,79.3,0.9088,0,0,0,1,0,0,0
8,4.5,1565,585.66667,24.0,1405,920.0,488,139.0,1830,1696,9.5,77.9,0.9278,0,0,0,1,0,0,0
9,5.7,1578,615.66667,27.6,1494,980.0,448,160.0,1854,1800,9.9,77.6,0.9488,0,0,0,1,0,0,0
10,6.6,1702,694.66667,31.5,1585,1188.0,422,183.0,1960,1967,10.7,76.2,0.9798,0,0,0,1,0,0,0
11,5.0,1552,618.0,24.1,1406,1045.0,478,185.0,1749,1862,11.8,72.2,0.9948,0,0,0,1,0,0,0
12,5.3,1590,574.33333,26.5,1466,999.0,448,198.0,1831,2003,13.3,66.9,1.0163,0,0,0,1,0,0,0
13,5.4,1640,560.0,27.1,1480,955.0,432,201.0,1865,2041,13.8,67.0,1.0513,0,0,0,1,0,0,0
14,7.3,1769,482.66667,33.2,1624,1189.0,396,233.0,2041,2202,13.9,67.6,1.0666,0,0,0,1,0,0,0
15,5.1,1581,288.33333,25.5,1442,933.0,435,202.0,1839,1966,14.2,66.8,1.073,0,0,0,1,0,0,0
16,5.3,1658,327.0,27.1,1482,898.0,419,186.0,1893,2030,14.2,67.8,1.0879,0,0,0,1,0,0,0
17,7.3,1821,286.66667,35.4,1673,1201.0,371,215.0,2119,2201,13.6,71.0,1.1018,0,0,0,1,0,0,0
18,10.2,1982,367.33333,49.5,1959,1369.0,322,227.0,2536,2386,13.2,72.6,1.0936,0,0,0,1,0,0,0
19,11.9,2008,469.66667,50.6,1980,1389.0,325,220.0,2562,2342,12.4,74.7,1.0741,0,0,0,1,0,0,0
20,11.5,1918,610.0,49.4,1958,1358.0,335,190.0,2477,2237,11.5,76.2,1.0324,0,0,0,1,0,0,0
21,8.3,1693,545.66667,31.7,1590,1189.0,412,178.0,1949,2025,10.4,79.3,0.9993,0,0,0,1,0,0,0
22,4.7,1495,191.33333,21.8,1345,866.0,467,147.0,1649,1853,10.0,82.5,1.015,0,0,0,1,0,0,0
23,4.0,1449,142.33333,19.8,1291,718.0,482,138.0,1580,1817,10.0,82.6,1.0163,0,0,0,1,0,0,0
0,3.9,1439,189.0,18.6,1257,715.0,494,135.0,1571,1704,10.1,83.5,1.0296,0,0,0,0,1,0,0
1,2.8,1270,156.0,13.4,1098,558.0,572,123.0,1420,1463,10.0,83.6,1.0235,0,0,0,0,1,0,0
2,2.3,1163,83.0,10.1,980,467.0,654,106.0,1327,1299,10.4,80.8,1.0191,0,0,0,0,1,0,0
4,1.4,1023,53.0,5.4,781,295.0,809,81.0,1195,1019,10.6,78.8,1.008,0,0,0,0,1,0,0
5,1.0,931,64.0,3.4,679,151.0,947,66.0,1138,867,10.5,77.8,0.9839,0,0,0,0,1,0,0
6,1.0,953,51.66667,4.1,717,188.0,907,64.0,1152,911,9.8,79.2,0.9567,0,0,0,0,1,0,0
7,1.8,1108,73.33333,8.7,927,380.0,718,86.0,1315,1106,9.5,80.3,0.9532,0,0,0,0,1,0,0
8,3.8,1414,276.66667,18.7,1261,717.0,532,114.0,1644,1479,9.8,80.5,0.9724,0,0,0,0,1,0,0
9,4.2,1423,461.66667,21.0,1323,803.0,496,115.0,1727,1568,10.3,80.3,1.002,0,0,0,0,1,0,0
10,3.6,1352,429.33333,17.7,1231,726.0,538,110.0,1605,1530,11.1,77.2,1.0175,0,0,0,0,1,0,0
11,3.3,1303,328.0,15.1,1153,558.0,575,116.0,1520,1582,13.3,68.8,1.0505,0,0,0,0,1,0,0
12,2.0,1103,228.0,8.8,931,427.0,711,162.0,1293,1235,15.1,58.3,0.9978,0,0,0,0,1,0,0
13,2.0,1138,113.66667,9.7,967,317.0,695,104.0,1332,1195,15.6,56.2,0.9876,0,0,0,0,1,0,0
14,2.9,1278,410.66667,14.4,1130,436.0,580,129.0,1506,1471,15.4,59.6,1.0375,0,0,0,0,1,0,0
15,2.7,1292,288.33333,14.7,1141,490.0,556,146.0,1498,1582,14.6,63.7,1.0508,0,0,0,0,1,0,0
16,3.4,1374,311.66667,17.4,1222,602.0,516,160.0,1582,1671,13.7,66.8,1.0432,0,0,0,0,1,0,0
17,4.5,1464,409.0,22.3,1358,732.0,477,169.0,1719,1711,12.3,72.5,1.0331,0,0,0,0,1,0,0
18,6.1,1562,311.33333,30.3,1557,865.0,427,167.0,1916,1852,10.8,77.2,1.0021,0,0,0,0,1,0,0
19,6.8,1592,418.66667,33.3,1627,936.0,401,166.0,1957,1902,10.2,80.4,1.0003,0,0,0,0,1,0,0
20,8.4,1669,501.0,36.0,1686,1074.0,384,181.0,2066,1961,10.1,79.3,0.9795,0,0,0,0,1,0,0
21,5.3,1429,441.0,23.9,1401,812.0,475,144.0,1698,1689,10.0,76.1,0.9329,0,0,0,0,1,0,0
22,4.5,1354,182.33333,19.0,1269,773.0,506,141.0,1530,1580,8.6,82.3,0.9198,0,0,0,0,1,0,0
23,4.1,1311,199.66667,16.8,1203,761.0,542,123.0,1448,1428,7.7,84.3,0.8881,0,0,0,0,1,0,0
0,4.0,1311,166.33333,17.5,1225,781.0,538,121.0,1464,1434,7.1,84.1,0.8557,0,0,0,0,0,1,0
1,4.0,1292,156.0,17.4,1221,743.0,547,114.0,1437,1389,6.7,83.2,0.819,0,0,0,0,0,1,0
2,3.0,1091,91.66667,11.3,1025,533.0,666,93.0,1262,1130,6.0,83.0,0.78,0,0,0,0,0,1,0
4,2.2,1050,106.66667,9.4,956,456.0,725,89.0,1162,1025,4.3,85.4,0.7152,0,0,0,0,0,1,0
5,2.2,1053,61.66667,9.4,955,486.0,710,94.0,1154,1050,4.0,85.7,0.7041,0,0,0,0,0,1,0
6,2.0,1016,77.33333,9.1,945,498.0,724,93.0,1147,1038,4.0,84.4,0.6943,0,0,0,0,0,1,0
7,2.2,1057,198.0,10.7,1004,585.0,702,100.0,1204,1080,4.0,83.1,0.682,0,0,0,0,0,1,0
8,4.0,1309,304.66667,21.3,1333,911.0,537,127.0,1555,1411,4.4,81.3,0.689,0,0,0,0,0,1,0
9,4.8,1315,592.66667,22.9,1375,845.0,526,137.0,1576,1549,6.7,72.6,0.718,0,0,0,0,0,1,0
10,4.6,1315,378.33333,20.1,1300,807.0,547,190.0,1531,1659,10.0,63.4,0.7791,0,0,0,0,0,1,0
11,2.8,1111,246.66667,11.8,1042,603.0,682,171.0,1257,1434,13.6,48.7,0.7547,0,0,0,0,0,1,0
12,2.1,1087,231.66667,10.6,1000,391.0,706,127.0,1251,1310,14.6,46.5,0.7687,0,0,0,0,0,1,0
13,2.0,1104,164.66667,11.4,1028,279.0,696,109.0,1263,1227,15.4,43.0,0.7483,0,0,0,0,0,1,0
14,2.5,1142,300.0,12.8,1078,358.0,670,126.0,1256,1261,16.4,38.2,0.7081,0,0,0,0,0,1,0
15,2.5,1164,255.66667,13.4,1096,403.0,662,136.0,1311,1261,16.8,37.6,0.7129,0,0,0,0,0,1,0
16,2.8,1214,194.33333,14.2,1124,465.0,659,156.0,1302,1345,16.8,36.7,0.6944,0,0,0,0,0,1,0
17,4.0,1369,356.0,21.8,1346,707.0,558,187.0,1537,1608,15.4,41.3,0.7151,0,0,0,0,0,1,0
18,4.5,1368,471.66667,21.4,1334,660.0,529,173.0,1547,1653,13.8,48.9,0.7699,0,0,0,0,0,1,0
19,3.1,1226,428.66667,15.4,1161,402.0,606,137.0,1368,1442,13.3,50.9,0.7745,0,0,0,0,0,1,0
20,2.6,1225,265.66667,14.5,1134,350.0,614,122.0,1352,1421,11.5,57.3,0.7786,0,0,0,0,0,1,0
21,2.6,1190,181.33333,11.4,1028,355.0,654,129.0,1287,1329,10.7,59.8,0.7674,0,0,0,0,0,1,0
22,2.0,1128,158.0,7.8,889,296.0,743,110.0,1160,1212,10.0,61.8,0.7576,0,0,0,0,0,1,0
23,1.8,1105,157.33333,7.6,883,266.0,747,102.0,1180,1179,9.9,62.1,0.7566,0,0,0,0,0,1,0
0,2.5,1152,195.66667,9.5,959,373.0,689,114.0,1232,1231,9.3,64.5,0.7554,0,0,0,0,0,0,1
1,2.3,1141,151.66667,9.7,967,417.0,698,117.0,1245,1214,9.1,65.7,0.7607,0,0,0,0,0,0,1
2,2.1,1121,81.33333,8.1,901,308.0,712,98.0,1215,1134,8.9,71.8,0.818,0,0,0,0,0,0,1
4,1.26667,1090,84.66667,6.6,841,209.0,757,79.0,1202,989,8.7,77.6,0.8753,0,0,0,0,0,0,1
5,1.2,982,56.0,4.8,752,196.0,844,77.0,1153,897,9.0,77.3,0.8873,0,0,0,0,0,0,1
6,1.0,974,160.0,4.6,743,203.0,864,75.0,1155,885,9.1,77.3,0.8944,0,0,0,0,0,0,1
7,1.7,1118,158.0,8.4,915,393.0,731,95.0,1289,1059,9.3,76.9,0.9007,0,0,0,0,0,0,1
8,4.3,1508,590.66667,23.1,1379,864.0,496,137.0,1767,1567,10.0,75.0,0.9179,0,0,0,0,0,0,1
9,5.8,1521,664.0,26.6,1470,960.0,456,149.0,1857,1727,10.6,72.7,0.9272,0,0,0,0,0,0,1
10,5.6,1562,651.33333,26.1,1458,1056.0,458,197.0,1770,2021,12.4,64.8,0.931,0,0,0,0,0,0,1
11,4.0,1392,510.66667,16.4,1192,856.0,543,183.0,1508,1795,13.7,59.9,0.9335,0,0,0,0,0,0,1
12,4.0,1439,656.66667,18.9,1267,854.0,522,179.0,1586,1852,14.9,57.0,0.9564,0,0,0,0,0,0,1
13,4.9,1539,525.66667,22.7,1371,854.0,488,196.0,1712,1943,15.5,56.2,0.9814,0,0,0,0,0,0,1
14,5.6,1608,539.0,27.2,1483,949.0,446,208.0,1845,2058,15.8,56.3,1.0026,0,0,0,0,0,0,1
15,5.1,1589,366.0,24.1,1407,932.0,556,203.0,1757,1972,15.8,57.9,1.0292,0,0,0,0,0,0,1
16,6.2,1704,329.0,29.1,1531,1071.0,507,213.0,1904,2098,15.7,58.9,1.0432,0,0,0,0,0,0,1
17,7.7,1822,322.66667,36.0,1686,1134.0,387,233.0,2077,2244,15.5,61.2,1.067,0,0,0,0,0,0,1
18,10.1,1956,493.33333,45.2,1877,1389.0,347,255.0,2338,2465,15.5,62.8,1.0979,0,0,0,0,0,0,1
19,6.4,1676,530.0,30.7,1568,866.0,444,170.0,1983,2096,15.6,64.9,1.1396,0,0,0,0,0,0,1
20,7.7,1834,647.33333,37.7,1723,947.0,400,167.0,2204,2190,15.1,67.0,1.1394,0,0,0,0,0,0,1
21,8.1,1759,643.33333,31.6,1588,1155.0,437,205.0,1971,2234,14.6,67.7,1.1164,0,0,0,0,0,0,1
22,4.7,1518,383.33333,19.9,1293,798.0,515,170.0,1602,2048,13.8,67.8,1.0609,0,0,0,0,0,0,1
23,4.3,1502,218.0,18.6,1256,696.0,560,154.0,1568,2044,13.4,69.0,1.0579,0,0,0,0,0,0,1
0,4.1,1499,257.66667,16.9,1207,654.0,748,143.0,1530,1881,13.0,73.7,1.0957,1,0,0,0,0,0,0
1,4.2,1531,263.33333,18.0,1238,685.0,619,140.0,1583,1774,12.7,77.5,1.1339,1,0,0,0,0,0,0
2,3.8,1424,207.0,14.9,1145,574.0,641,122.0,1482,1615,12.4,78.4,1.1269,1,0,0,0,0,0,0
4,2.4,1250,131.66667,9.1,942,319.0,755,103.0,1323,1380,11.9,80.7,1.1199,1,0,0,0,0,0,0
5,2.0,1189,69.33333,7.3,870,263.0,821,97.0,1272,1251,13.2,75.8,1.1459,1,0,0,0,0,0,0
6,1.7,1197,92.0,7.6,881,320.0,820,99.0,1295,1173,12.3,81.9,1.1674,1,0,0,0,0,0,0
7,2.1,1273,163.33333,9.2,946,439.0,729,110.0,1349,1217,12.8,80.8,1.1898,1,0,0,0,0,0,0
8,2.5,1298,162.0,11.1,1017,398.0,727,110.0,1418,1193,13.7,76.3,1.1932,1,0,0,0,0,0,0
9,3.8,1453,174.66667,16.3,1190,637.0,583,121.0,1644,1358,13.4,78.8,1.2104,1,0,0,0,0,0,0
10,3.9,1492,358.0,17.8,1233,699.0,561,122.0,1672,1481,13.8,77.8,1.2201,1,0,0,0,0,0,0
11,4.2,1481,383.0,16.7,1202,699.0,768,136.0,1639,1532,15.1,73.2,1.244,1,0,0,0,0,0,0
12,4.0,1524,305.33333,17.6,1228,707.0,853,170.0,1646,1675,15.8,70.5,1.2557,1,0,0,0,0,0,0
13,4.4,1562,393.33333,19.4,1280,743.0,479,156.0,1711,1709,15.4,73.3,1.27,1,0,0,0,0,0,0
14,4.7,1567,459.66667,20.1,1300,745.0,473,158.0,1753,1743,15.6,71.4,1.2596,1,0,0,0,0,0,0
15,4.6,1568,593.33333,19.4,1280,741.0,479,174.0,1703,1774,16.3,68.7,1.2596,1,0,0,0,0,0,0
16,4.8,1622,418.66667,20.5,1312,765.0,477,187.0,1727,1804,16.4,68.2,1.2662,1,0,0,0,0,0,0
17,4.5,1515,236.33333,18.7,1259,632.0,508,147.0,1695,1555,15.6,70.2,1.238,1,0,0,0,0,0,0
18,5.6,1603,221.0,24.5,1417,808.0,459,136.0,1871,1621,14.2,75.8,1.2202,1,0,0,0,0,0,0
19,4.9,1514,376.66667,21.3,1334,703.0,489,134.0,1755,1614,14.0,74.6,1.1865,1,0,0,0,0,0,0
20,5.3,1567,392.0,23.5,1392,764.0,470,126.0,1821,1637,13.3,75.8,1.1506,1,0,0,0,0,0,0
21,4.6,1380,359.66667,15.5,1163,667.0,573,130.0,1547,1485,13.7,72.5,1.1326,1,0,0,0,0,0,0
22,2.4,1214,157.0,9.9,972,355.0,663,98.0,1359,1280,12.8,73.8,1.0853,1,0,0,0,0,0,0
23,2.7,1225,176.66667,10.1,982,359.0,656,89.0,1358,1236,11.2,78.3,1.0415,1,0,0,0,0,0,0
0,2.5,1250,191.0,10.3,989,327.0,665,88.0,1343,1204,10.6,79.4,1.0133,0,1,0,0,0,0,0
1,2.3,1143,92.0,7.6,882,289.0,738,86.0,1260,1069,10.8,77.5,1.0027,0,1,0,0,0,0,0
3,1.3,953,78.66667,4.2,722,138.0,911,70.0,1148,828,10.3,77.6,0.9743,0,1,0,0,0,0,0
4,1.0,913,56.0,3.1,659,86.0,1010,55.0,1121,748,10.3,74.9,0.9362,0,1,0,0,0,0,0
5,0.9,858,64.33333,1.6,554,60.0,1207,45.0,1047,663,11.2,69.0,0.9159,0,1,0,0,0,0,0
6,0.7,848,40.66667,1.7,560,62.0,1206,44.0,1045,644,8.9,77.1,0.8804,0,1,0,0,0,0,0
7,0.8,871,45.66667,1.5,548,73.0,1197,50.0,1025,662,9.5,73.3,0.8719,0,1,0,0,0,0,0
8,1.0,909,50.0,2.6,624,157.0,1056,74.0,1073,736,8.6,77.2,0.8617,0,1,0,0,0,0,0
9,1.1,906,72.0,2.8,637,166.0,1024,81.0,1070,761,8.6,76.6,0.8586,0,1,0,0,0,0,0
10,0.8,859,44.0,1.9,573,98.0,1126,65.0,1039,696,9.7,72.0,0.8649,0,1,0,0,0,0,0
11,1.4,1028,165.0,5.2,773,153.0,877,76.0,1194,871,11.1,68.2,0.8979,0,1,0,0,0,0,0
12,2.2,1089,188.66667,6.5,835,307.0,778,110.0,1216,1004,11.8,65.0,0.8966,0,1,0,0,0,0,0
13,2.7,1184,158.0,9.4,954,416.0,701,124.0,1313,1133,12.1,64.8,0.9135,0,1,0,0,0,0,0
14,2.3,1136,231.0,8.2,906,346.0,729,120.0,1274,1140,12.6,63.2,0.9209,0,1,0,0,0,0,0
15,1.9,1069,104.66667,6.9,854,252.0,780,99.0,1242,999,13.4,61.9,0.9513,0,1,0,0,0,0,0
16,2.7,1214,290.66667,8.6,922,326.0,741,117.0,1273,1124,13.3,63.3,0.9597,0,1,0,0,0,0,0
17,3.2,1212,186.33333,8.6,926,490.0,720,132.0,1283,1193,11.2,70.9,0.9406,0,1,0,0,0,0,0
18,3.2,1218,175.33333,10.1,981,452.0,677,113.0,1335,1258,9.6,76.5,0.9184,0,1,0,0,0,0,0
19,3.5,1279,221.0,12.6,1069,542.0,628,117.0,1418,1356,9.9,76.3,0.9296,0,1,0,0,0,0,0
20,4.5,1382,348.66667,16.5,1196,605.0,573,127.0,1543,1468,10.4,74.6,0.9394,0,1,0,0,0,0,0
21,4.1,1292,244.33333,13.0,1085,577.0,620,132.0,1438,1390,10.3,75.1,0.9399,0,1,0,0,0,0,0
22,3.3,1250,231.66667,12.1,1054,491.0,634,121.0,1407,1348,10.4,75.4,0.947,0,1,0,0,0,0,0
23,3.1,1260,276.66667,11.4,1030,492.0,639,122.0,1378,1355,10.5,75.4,0.9566,0,1,0,0,0,0,0
0,3.0,1203,205.33333,10.3,988,412.0,658,113.0,1350,1315,10.2,78.4,0.9757,0,0,1,0,0,0,0
1,2.3,1146,144.33333,8.0,900,283.0,718,99.0,1280,1183,9.9,80.5,0.984,0,0,1,0,0,0,0
2,2.3,1130,98.33333,8.1,902,280.0,715,86.0,1289,1117,9.8,81.4,0.9855,0,0,1,0,0,0,0
4,1.5,993,59.66667,4.2,720,156.0,891,66.0,1143,925,8.9,83.0,0.9487,0,0,1,0,0,0,0
5,1.3,987,89.66667,4.9,759,166.0,856,67.0,1162,940,8.8,83.7,0.9529,0,0,1,0,0,0,0
6,1.4,1018,94.33333,5.7,800,225.0,821,78.0,1185,956,8.7,84.2,0.9526,0,0,1,0,0,0,0
7,2.0,1129,119.33333,9.8,971,325.0,707,90.0,1315,1064,8.7,83.7,0.9454,0,0,1,0,0,0,0
8,4.2,1440,406.33333,20.6,1312,760.0,537,120.0,1657,1515,9.6,80.8,0.9687,0,0,1,0,0,0,0
9,5.9,1609,590.66667,29.5,1540,948.0,486,139.0,1961,1803,11.3,75.3,1.0048,0,0,1,0,0,0,0
10,6.3,1573,625.33333,28.3,1511,1044.0,531,172.0,1916,1927,13.8,68.5,1.0718,0,0,1,0,0,0,0
11,6.6,1705,671.33333,30.5,1562,1172.0,473,232.0,1988,2197,14.9,64.9,1.0929,0,0,1,0,0,0,0
12,5.0,1551,574.33333,23.0,1377,1000.0,564,168.0,1734,2038,15.3,63.2,1.0898,0,0,1,0,0,0,0
13,2.5,1163,306.0,11.1,1016,366.0,781,120.0,1363,1339,18.6,49.1,1.0425,0,0,1,0,0,0,0
14,2.6,1186,235.0,12.8,1077,346.0,797,121.0,1404,1328,18.6,49.3,1.0451,0,0,1,0,0,0,0
15,1.9,1166,135.33333,10.8,1007,289.0,775,117.0,1391,1227,18.4,49.9,1.0453,0,0,1,0,0,0,0
16,2.3,1200,162.33333,11.4,1027,316.0,760,121.0,1416,1199,17.9,51.4,1.0488,0,0,1,0,0,0,0
17,1.9,1134,134.66667,8.1,903,238.0,821,107.0,1299,1046,18.0,51.9,1.0622,0,0,1,0,0,0,0
18,2.3,1161,103.66667,10.0,979,267.0,758,115.0,1375,1132,16.7,57.3,1.0813,0,0,1,0,0,0,0
19,1.8,1117,131.66667,7.3,871,182.0,781,94.0,1320,986,17.3,57.0,1.1137,0,0,1,0,0,0,0
20,1.9,1114,81.0,7.3,872,197.0,857,98.0,1310,991,16.8,58.7,1.1109,0,0,1,0,0,0,0
21,1.4,1022,57.0,4.6,744,149.0,1224,87.0,1210,847,16.5,59.2,1.1021,0,0,1,0,0,0,0
22,1.2,996,66.0,4.0,710,124.0,1699,78.0,1182,783,16.3,59.7,1.0941,0,0,1,0,0,0,0
23,1.0,1002,55.66667,3.9,704,105.0,1472,69.0,1202,752,16.0,61.6,1.1127,0,0,1,0,0,0,0
0,1.2,1032,84.0,3.6,688,109.0,1514,67.0,1200,737,15.6,66.6,1.1763,0,0,0,1,0,0,0
1,1.4,1052,128.66667,5.1,766,169.0,1031,81.0,1302,796,13.8,80.4,1.2621,0,0,0,1,0,0,0
2,1.2,1014,50.66667,4.5,737,124.0,1509,75.0,1288,765,13.2,84.4,1.2779,0,0,0,1,0,0,0
4,0.6,878,42.66667,1.2,518,50.0,1294,42.0,1149,539,13.8,81.3,1.2767,0,0,0,1,0,0,0
5,0.6,840,38.66667,1.4,534,47.0,1268,38.0,1109,483,13.6,75.5,1.172,0,0,0,1,0,0,0
6,0.7,879,121.33333,1.9,575,110.0,1262,64.0,1111,537,11.5,81.4,1.1025,0,0,0,1,0,0,0
7,1.1,999,215.66667,3.6,690,193.0,1027,86.0,1192,707,11.8,80.7,1.1181,0,0,0,1,0,0,0
8,2.5,1251,199.0,11.0,1015,475.0,751,127.0,1453,1070,12.3,78.9,1.1283,0,0,0,1,0,0,0
9,3.6,1351,515.33333,17.5,1226,420.0,648,122.0,1649,1248,13.0,76.0,1.1317,0,0,0,1,0,0,0
10,3.6,1312,227.0,15.9,1177,439.0,711,141.0,1588,1261,13.7,70.9,1.1076,0,0,0,1,0,0,0
11,3.3,1201,188.0,13.4,1098,461.0,763,139.0,1500,1209,14.0,70.9,1.1244,0,0,0,1,0,0,0
12,2.0,1120,166.33333,8.8,932,238.0,897,105.0,1301,1039,14.6,65.9,1.088,0,0,0,1,0,0,0
13,1.9,1071,150.33333,9.4,955,232.0,940,103.0,1311,977,14.9,59.9,1.0063,0,0,0,1,0,0,0
14,2.2,1085,174.33333,9.7,967,241.0,943,108.0,1321,976,14.9,58.4,0.9839,0,0,0,1,0,0,0
15,2.2,1113,178.66667,10.1,980,278.0,984,109.0,1311,995,15.3,54.3,0.9357,0,0,0,1,0,0,0
16,3.8,1310,184.66667,20.2,1301,496.0,746,149.0,1694,1350,14.6,56.6,0.9367,0,0,0,1,0,0,0
17,3.5,1183,190.0,14.2,1122,464.0,897,143.0,1476,1215,12.6,62.0,0.9027,0,0,0,1,0,0,0
18,5.2,1362,281.33333,22.8,1373,600.0,755,159.0,1698,1461,11.9,62.3,0.8674,0,0,0,1,0,0,0
19,6.3,1408,512.66667,28.0,1502,692.0,640,178.0,1843,1598,11.6,64.3,0.8789,0,0,0,1,0,0,0
20,6.8,1471,394.0,30.3,1559,731.0,605,168.0,1939,1669,11.5,68.0,0.9207,0,0,0,1,0,0,0
21,4.1,1157,283.66667,12.4,1063,491.0,905,160.0,1394,1223,10.7,73.9,0.9502,0,0,0,1,0,0,0
22,2.3,1061,97.0,8.0,899,284.0,1067,117.0,1277,939,9.6,83.0,0.9899,0,0,0,1,0,0,0
23,1.9,1006,86.33333,6.5,836,245.0,1226,113.0,1210,902,9.6,79.9,0.9579,0,0,0,1,0,0,0
0,2.2,1039,108.66667,7.5,880,273.0,1198,113.0,1251,933,9.8,79.4,0.9626,0,0,0,0,1,0,0
1,1.3,886,62.33333,3.8,699,157.0,1900,94.0,1106,766,10.1,75.3,0.9322,0,0,0,0,1,0,0
2,1.2,900,26.0,3.8,701,117.0,1955,76.0,1127,749,9.1,80.0,0.9299,0,0,0,0,1,0,0
4,0.46667,857,31.33333,2.8,638,123.0,2061,68.0,1083,746,8.5,81.7,0.9074,0,0,0,0,1,0,0
5,0.6,844,32.33333,2.5,618,100.0,2095,63.0,1064,757,8.3,80.4,0.8861,0,0,0,0,1,0,0
6,0.9,927,35.66667,3.3,671,135.0,2009,74.0,1098,792,8.9,79.2,0.9067,0,0,0,0,1,0,0
7,1.4,1007,48.66667,7.0,857,301.0,1699,96.0,1248,921,8.7,80.8,0.9096,0,0,0,0,1,0,0
8,3.4,1318,170.0,18.1,1243,641.0,1261,121.0,1638,1318,9.0,79.8,0.9203,0,0,0,0,1,0,0
9,5.0,1396,626.66667,24.6,1419,849.0,1104,145.0,1799,1547,9.5,78.3,0.9338,0,0,0,0,1,0,0
10,4.7,1337,558.33333,19.7,1288,861.0,1192,158.0,1648,1516,10.4,76.0,0.9561,0,0,0,0,1,0,0
11,3.2,1202,195.66667,13.0,1083,629.0,1376,143.0,1410,1340,11.0,74.4,0.9736,0,0,0,0,1,0,0
12,3.5,1309,146.66667,17.1,1212,737.0,1267,182.0,1533,1556,13.8,63.6,0.9959,0,0,0,0,1,0,0
13,4.0,1351,158.0,19.3,1278,712.0,1249,163.0,1623,1582,13.6,65.6,1.0167,0,0,0,0,1,0,0
14,5.7,1501,431.66667,28.4,1514,933.0,1090,178.0,1898,1791,13.7,66.5,1.038,0,0,0,0,1,0,0
15,5.0,1426,270.33333,22.9,1375,836.0,1143,162.0,1751,1631,13.0,73.0,1.086,0,0,0,0,1,0,0
16,5.6,1544,185.66667,25.7,1446,987.0,1070,171.0,1834,1679,12.7,77.1,1.1251,0,0,0,0,1,0,0
17,6.2,1566,245.0,26.8,1474,985.0,1049,174.0,1887,1681,12.3,79.7,1.1342,0,0,0,0,1,0,0
18,7.5,1547,307.66667,29.2,1532,1040.0,1009,185.0,1972,1718,12.3,78.8,1.1279,0,0,0,0,1,0,0
19,3.0,1124,317.66667,11.9,1047,401.0,1401,126.0,1419,1193,12.5,72.6,1.0489,0,0,0,0,1,0,0
20,2.6,1090,164.66667,10.1,981,279.0,1513,113.0,1390,1044,11.8,76.1,1.0544,0,0,0,0,1,0,0
21,2.1,1034,54.0,7.2,865,280.0,1732,111.0,1280,925,11.3,79.9,1.0697,0,0,0,0,1,0,0
22,1.8,1040,48.0,7.1,859,280.0,1705,107.0,1293,889,11.1,84.3,1.1137,0,0,0,0,1,0,0
23,2.0,1060,34.0,7.5,877,327.0,1648,107.0,1313,929,11.3,83.1,1.1089,0,0,0,0,1,0,0
0,2.2,1076,26.33333,8.1,903,316.0,1627,102.0,1330,958,11.6,81.0,1.1082,0,0,0,0,0,1,0
1,1.9,975,20.33333,5.5,787,223.0,1812,96.0,1238,844,11.7,77.8,1.0689,0,0,0,0,0,1,0
2,1.6,987,27.33333,5.7,796,180.0,1789,86.0,1254,830,11.7,78.6,1.0813,0,0,0,0,0,1,0
4,0.9,889,34.33333,2.9,646,131.0,2047,70.0,1163,743,12.0,77.4,1.0825,0,0,0,0,0,1,0
5,0.7,880,47.33333,2.4,610,101.0,2095,59.0,1150,711,12.0,78.0,1.094,0,0,0,0,0,1,0
6,0.9,919,84.33333,4.0,711,189.0,1667,74.0,1195,819,12.4,75.3,1.0813,0,0,0,0,0,1,0
7,1.4,1073,162.66667,7.2,867,336.0,768,89.0,1329,981,12.5,76.4,1.1021,0,0,0,0,0,1,0
8,4.2,1435,518.66667,21.6,1341,804.0,501,131.0,1787,1480,12.9,73.8,1.0937,0,0,0,0,0,1,0
9,5.0,1477,664.0,27.9,1501,860.0,444,139.0,1972,1691,13.3,70.7,1.0749,0,0,0,0,0,1,0
10,4.4,1337,583.66667,19.2,1275,745.0,525,145.0,1655,1548,14.3,66.1,1.0711,0,0,0,0,0,1,0
11,3.4,1308,580.66667,16.4,1191,685.0,537,137.0,1559,1523,15.4,63.9,1.1071,0,0,0,0,0,1,0
12,2.8,1245,528.33333,14.8,1143,639.0,569,128.0,1531,1406,15.9,62.7,1.1273,0,0,0,0,0,1,0
13,3.4,1295,479.0,16.8,1205,668.0,538,128.0,1579,1476,16.4,61.9,1.1465,0,0,0,0,0,1,0
14,2.9,1338,302.33333,16.9,1208,469.0,539,123.0,1600,1481,18.0,58.0,1.1901,0,0,0,0,0,1,0
15,3.9,1405,185.0,19.0,1269,605.0,500,136.0,1735,1534,19.2,57.9,1.2757,0,0,0,0,0,1,0
16,4.0,1456,236.33333,19.8,1291,641.0,490,137.0,1753,1592,18.1,62.1,1.2822,0,0,0,0,0,1,0
17,4.9,1516,286.33333,24.8,1423,774.0,455,151.0,1881,1688,16.7,67.3,1.2707,0,0,0,0,0,1,0
18,7.7,1707,391.66667,37.6,1721,1001.0,375,171.0,2260,1940,15.8,70.7,1.2601,0,0,0,0,0,1,0
19,9.4,1816,642.33333,43.9,1851,1184.0,341,171.0,2405,2069,15.4,73.0,1.2688,0,0,0,0,0,1,0
20,7.8,1713,593.0,36.6,1699,1020.0,371,161.0,2196,1943,15.4,73.0,1.2648,0,0,0,0,0,1,0
21,6.6,1646,517.33333,30.8,1570,964.0,401,154.0,2049,1846,15.3,73.6,1.2691,0,0,0,0,0,1,0
22,4.7,1468,221.0,22.0,1351,741.0,472,127.0,1783,1611,15.1,74.3,1.2623,0,0,0,0,0,1,0
23,4.8,1443,201.33333,20.9,1323,757.0,486,115.0,1760,1487,14.2,78.0,1.254,0,0,0,0,0,1,0
0,3.2,1289,103.66667,13.1,1087,564.0,587,102.0,1515,1208,14.1,81.4,1.3066,0,0,0,0,0,0,1
1,2.6,1194,68.0,9.3,950,434.0,667,100.0,1433,1043,14.4,82.7,1.3496,0,0,0,0,0,0,1
2,2.1,1165,64.33333,9.4,957,308.0,661,86.0,1452,979,14.1,84.1,1.3461,0,0,0,0,0,0,1
4,1.1,986,60.0,3.8,700,133.0,883,80.0,1249,768,14.0,84.1,1.3389,0,0,0,0,0,0,1
5,0.7,930,45.33333,2.5,623,103.0,975,74.0,1215,720,13.9,85.1,1.3449,0,0,0,0,0,0,1
6,0.9,988,47.0,4.0,709,178.0,897,82.0,1267,785,13.8,85.5,1.3469,0,0,0,0,0,0,1
7,1.5,1094,49.0,7.0,857,289.0,739,96.0,1378,903,13.8,85.3,1.3412,0,0,0,0,0,0,1
8,3.8,1528,406.33333,21.1,1328,736.0,487,124.0,1839,1389,13.7,84.5,1.3202,0,0,0,0,0,0,1
9,6.0,1628,673.0,29.0,1528,928.0,416,142.0,2081,1649,13.9,83.9,1.3284,0,0,0,0,0,0,1
10,5.1,1555,661.0,23.0,1377,897.0,455,154.0,1834,1621,14.6,81.6,1.3448,0,0,0,0,0,0,1
11,3.6,1290,490.33333,13.0,1084,596.0,586,144.0,1544,1362,15.8,74.7,1.3336,0,0,0,0,0,0,1
12,3.0,1280,336.66667,14.9,1144,481.0,555,144.0,1599,1624,16.4,72.1,1.336,0,0,0,0,0,0,1
13,3.1,1302,415.0,15.7,1169,495.0,544,139.0,1636,1605,16.8,70.3,1.3341,0,0,0,0,0,0,1
14,3.3,1332,482.66667,18.1,1242,460.0,524,138.0,1716,1608,17.9,66.3,1.3499,0,0,0,0,0,0,1
15,3.4,1332,299.66667,15.5,1163,445.0,548,134.0,1664,1522,18.8,62.7,1.3506,0,0,0,0,0,0,1
16,4.6,1493,370.33333,23.8,1399,618.0,466,150.0,1893,1708,19.0,61.6,1.3407,0,0,0,0,0,0,1
17,6.9,1648,461.0,32.6,1612,858.0,401,173.0,2177,1885,17.7,68.3,1.3713,0,0,0,0,0,0,1
18,5.1,1482,395.33333,24.0,1404,634.0,463,134.0,1883,1657,16.5,71.7,1.3358,0,0,0,0,0,0,1
19,4.9,1501,604.33333,23.6,1392,575.0,476,128.0,1832,1645,15.7,72.7,1.2872,0,0,0,0,0,0,1
20,6.1,1601,553.0,30.7,1568,738.0,422,132.0,2111,1729,15.0,74.4,1.2593,0,0,0,0,0,0,1
21,6.2,1421,626.33333,20.9,1320,739.0,496,134.0,1804,1556,14.6,75.2,1.2405,0,0,0,0,0,0,1
22,3.0,1232,161.0,12.7,1074,472.0,606,107.0,1504,1317,14.0,75.7,1.2051,0,0,0,0,0,0,1
23,3.4,1270,178.0,14.0,1117,542.0,586,101.0,1528,1290,13.1,78.7,1.1817,0,0,0,0,0,0,1
0,3.5,1257,188.33333,13.7,1108,577.0,592,94.0,1520,1287,12.6,78.4,1.1419,1,0,0,0,0,0,0
1,3.2,1246,150.0,12.8,1077,568.0,621,99.0,1462,1235,12.8,77.9,1.1438,1,0,0,0,0,0,0
2,2.9,1166,65.0,11.0,1013,451.0,643,90.0,1408,1144,12.1,79.4,1.1201,1,0,0,0,0,0,0
4,0.93333,1005,66.33333,6.4,829,242.0,779,71.0,1246,944,11.6,79.7,1.0858,1,0,0,0,0,0,0
5,1.7,1032,105.33333,6.8,848,277.0,751,71.0,1266,972,11.4,81.1,1.0928,1,0,0,0,0,0,0
6,1.7,1034,67.33333,7.4,876,291.0,740,66.0,1305,968,11.5,81.7,1.1033,1,0,0,0,0,0,0
7,1.3,1024,39.0,6.2,822,277.0,800,70.0,1266,954,12.4,77.1,1.1072,1,0,0,0,0,0,0
8,2.8,1243,176.33333,13.7,1108,510.0,595,90.0,1539,1201,12.3,79.0,1.1293,1,0,0,0,0,0,0
9,2.5,1148,155.0,9.6,963,451.0,680,102.0,1395,1017,12.2,83.9,1.189,1,0,0,0,0,0,0
10,2.7,1182,213.33333,10.4,994,584.0,654,102.0,1431,1039,12.2,85.1,1.2079,1,0,0,0,0,0,0
11,1.5,1015,104.33333,6.5,835,260.0,796,94.0,1263,911,12.4,80.1,1.1462,1,0,0,0,0,0,0
12,2.6,1175,145.66667,10.6,1002,492.0,668,122.0,1422,1059,13.0,77.8,1.1641,1,0,0,0,0,0,0
13,3.1,1224,273.33333,11.9,1046,580.0,630,124.0,1476,1213,11.8,86.5,1.1981,1,0,0,0,0,0,0
14,2.5,1123,227.66667,8.4,916,373.0,709,103.0,1346,1003,11.9,85.7,1.1912,1,0,0,0,0,0,0
15,2.6,1187,271.0,9.6,961,497.0,685,115.0,1408,1017,11.9,88.7,1.2352,1,0,0,0,0,0,0
16,2.5,1116,116.66667,7.1,860,413.0,758,107.0,1316,937,12.3,87.0,1.2422,1,0,0,0,0,0,0
17,2.3,1131,133.33333,8.3,912,444.0,728,120.0,1356,987,12.7,84.4,1.2352,1,0,0,0,0,0,0
18,3.1,1215,197.66667,10.9,1012,533.0,653,120.0,1441,1131,13.1,81.7,1.2284,1,0,0,0,0,0,0
19,1.9,1077,143.0,6.9,852,325.0,773,108.0,1302,969,13.1,80.4,1.2038,1,0,0,0,0,0,0
20,2.5,1210,131.33333,10.6,1000,439.0,679,115.0,1456,1062,13.4,79.9,1.2254,1,0,0,0,0,0,0
21,3.1,1181,220.33333,9.4,956,506.0,689,124.0,1400,1058,13.8,76.8,1.206,1,0,0,0,0,0,0
22,2.0,1088,165.0,6.9,851,349.0,766,109.0,1307,959,14.0,75.9,1.2064,1,0,0,0,0,0,0
23,1.9,1054,179.66667,5.6,794,235.0,830,93.0,1282,887,13.5,78.3,1.2097,1,0,0,0,0,0,0
0,2.4,1096,130.33333,6.3,826,378.0,795,103.0,1285,911,13.0,79.2,1.182,0,1,0,0,0,0,0
1,2.0,1042,96.33333,6.5,834,304.0,808,106.0,1267,914,12.4,77.5,1.1115,0,1,0,0,0,0,0
2,1.2,887,114.0,3.4,679,180.0,969,96.0,1132,786,12.3,71.2,1.0175,0,1,0,0,0,0,0
4,1.0,862,65.66667,2.8,639,148.0,1033,81.0,1100,727,12.3,67.5,0.9624,0,1,0,0,0,0,0
5,0.8,821,51.66667,2.0,584,106.0,1132,70.0,1070,686,12.7,65.6,0.9566,0,1,0,0,0,0,0
6,0.6,797,54.33333,1.5,543,87.0,1235,60.0,1047,648,12.5,65.9,0.9533,0,1,0,0,0,0,0
7,0.7,802,38.66667,1.4,538,96.0,1237,63.0,1042,645,12.4,65.4,0.9426,0,1,0,0,0,0,0
8,0.8,848,66.33333,1.9,578,120.0,1160,68.0,1068,679,13.2,62.5,0.943,0,1,0,0,0,0,0
9,0.9,863,85.33333,2.4,610,130.0,1088,68.0,1086,696,13.1,62.4,0.9366,0,1,0,0,0,0,0
10,1.0,889,113.66667,3.1,661,140.0,1001,66.0,1115,735,12.9,64.7,0.9564,0,1,0,0,0,0,0
11,1.3,969,85.66667,4.4,733,176.0,901,72.0,1191,803,13.0,67.6,1.009,0,1,0,0,0,0,0
12,1.7,1013,101.33333,5.6,795,209.0,826,81.0,1257,848,13.0,69.7,1.0403,0,1,0,0,0,0,0
13,2.4,1100,178.0,6.7,842,309.0,774,89.0,1296,882,12.0,80.0,1.1167,0,1,0,0,0,0,0
14,1.7,1019,126.0,5.5,788,226.0,828,85.0,1267,812,11.4,83.7,1.1278,0,1,0,0,0,0,0
15,1.8,1061,220.33333,7.7,887,246.0,745,86.0,1367,889,12.0,80.8,1.1264,0,1,0,0,0,0,0
16,1.5,940,65.66667,3.7,692,208.0,934,83.0,1177,749,11.5,81.0,1.101,0,1,0,0,0,0,0
17,1.1,904,76.33333,2.8,640,154.0,1022,77.0,1152,682,11.3,81.0,1.0851,0,1,0,0,0,0,0
18,2.4,1120,133.66667,8.9,935,275.0,744,93.0,1385,922,12.0,78.4,1.0954,0,1,0,0,0,0,0
19,2.0,987,73.33333,4.6,746,281.0,880,103.0,1212,833,12.1,75.5,1.0669,0,1,0,0,0,0,0
20,1.5,971,82.0,4.4,734,237.0,905,90.0,1187,808,12.5,71.9,1.0351,0,1,0,0,0,0,0
21,1.7,965,75.33333,4.4,733,225.0,909,93.0,1173,790,12.6,70.5,1.0239,0,1,0,0,0,0,0
22,1.0,873,86.33333,2.8,641,143.0,1025,72.0,1120,685,12.5,69.1,1.0003,0,1,0,0,0,0,0
23,1.0,892,64.33333,3.3,672,146.0,1012,73.0,1111,706,13.1,64.3,0.9628,0,1,0,0,0,0,0
0,1.0,857,69.0,2.3,605,115.0,1094,64.0,1071,636,13.2,62.9,0.9517,0,0,1,0,0,0,0
1,0.9,901,60.0,3.2,662,125.0,1034,66.0,1127,678,13.3,63.6,0.9673,0,0,1,0,0,0,0
2,1.1,901,59.66667,3.1,661,150.0,1022,71.0,1124,714,13.3,65.3,0.9948,0,0,1,0,0,0,0
4,0.6,857,64.0,1.7,562,78.0,1140,54.0,1130,646,11.9,79.6,1.1043,0,0,1,0,0,0,0
5,0.7,881,63.33333,2.3,602,108.0,1034,58.0,1157,685,11.8,81.4,1.1238,0,0,1,0,0,0,0
6,0.9,913,66.0,3.8,701,181.0,926,72.0,1219,750,12.0,80.1,1.1231,0,0,1,0,0,0,0
7,1.3,1012,113.66667,6.1,817,302.0,819,89.0,1314,878,12.2,78.8,1.1178,0,0,1,0,0,0,0
8,3.1,1314,360.0,15.8,1173,587.0,589,112.0,1627,1238,12.7,77.2,1.1298,0,0,1,0,0,0,0
9,4.9,1479,615.66667,26.4,1465,712.0,471,131.0,2018,1572,13.4,74.4,1.1407,0,0,1,0,0,0,0
10,4.7,1299,627.66667,18.5,1254,698.0,566,161.0,1662,1488,15.9,63.4,1.1349,0,0,1,0,0,0,0
11,3.2,1221,478.0,13.2,1090,576.0,641,135.0,1489,1424,18.5,52.9,1.1174,0,0,1,0,0,0,0
12,2.5,1171,344.0,12.0,1049,438.0,655,119.0,1418,1338,18.4,52.6,1.1064,0,0,1,0,0,0,0
13,3.8,1316,422.0,19.9,1293,562.0,538,144.0,1682,1559,19.4,49.8,1.1095,0,0,1,0,0,0,0
14,3.3,1208,416.66667,16.4,1191,467.0,573,130.0,1589,1415,19.5,50.1,1.1225,0,0,1,0,0,0,0
15,2.5,1145,262.33333,13.8,1112,323.0,621,109.0,1481,1331,20.3,47.5,1.1187,0,0,1,0,0,0,0
16,2.7,1189,225.0,15.6,1167,391.0,599,114.0,1541,1315,18.7,53.0,1.1322,0,0,1,0,0,0,0
17,2.9,1173,215.33333,15.7,1170,379.0,597,115.0,1551,1289,17.3,57.1,1.1161,0,0,1,0,0,0,0
18,3.1,1237,277.0,18.0,1239,387.0,570,123.0,1620,1389,16.4,59.5,1.1017,0,0,1,0,0,0,0
19,4.0,1253,498.0,17.9,1238,433.0,571,138.0,1613,1351,15.9,60.8,1.088,0,0,1,0,0,0,0
20,3.1,1155,224.33333,14.3,1126,349.0,617,123.0,1511,1267,15.5,60.7,1.0591,0,0,1,0,0,0,0
21,2.7,1175,315.66667,12.8,1077,337.0,634,112.0,1480,1279,15.3,63.1,1.0872,0,0,1,0,0,0,0
22,1.7,1001,120.66667,7.3,871,245.0,806,87.0,1264,1071,16.6,58.5,1.0963,0,0,1,0,0,0,0
23,1.5,1014,136.33333,5.8,804,236.0,871,79.0,1233,994,14.6,64.7,1.0677,0,0,1,0,0,0,0
0,1.4,966,120.0,5.1,770,191.0,900,74.0,1206,956,14.0,66.1,1.05,0,0,0,1,0,0,0
1,1.4,987,88.66667,5.5,786,273.0,901,75.0,1220,936,13.0,69.4,1.0364,0,0,0,1,0,0,0
2,1.1,888,52.0,3.5,680,211.0,985,70.0,1138,826,13.1,67.4,1.0101,0,0,0,1,0,0,0
4,0.7,828,54.33333,2.6,627,146.0,1074,64.0,1103,748,11.9,71.4,0.9921,0,0,0,1,0,0,0
5,0.6,857,55.66667,2.3,604,126.0,1126,63.0,1091,740,12.4,68.3,0.9801,0,0,0,1,0,0,0
6,0.8,886,36.66667,2.8,641,146.0,1082,67.0,1098,783,14.1,60.6,0.9715,0,0,0,1,0,0,0
7,1.0,964,48.33333,4.3,730,243.0,985,71.0,1146,891,12.9,64.2,0.9506,0,0,0,1,0,0,0
8,2.8,1230,121.66667,12.6,1070,450.0,761,98.0,1431,1197,11.7,68.9,0.9439,0,0,0,1,0,0,0
9,3.4,1236,455.33333,16.8,1203,499.0,681,114.0,1566,1311,12.5,65.8,0.9538,0,0,0,1,0,0,0
10,3.3,1322,627.66667,17.3,1219,574.0,682,130.0,1591,1472,14.5,61.1,1.0007,0,0,0,1,0,0,0
11,4.1,1407,546.66667,19.8,1292,679.0,643,155.0,1638,1694,16.9,54.2,1.0371,0,0,0,1,0,0,0
12,3.5,1357,539.66667,21.6,1339,572.0,657,141.0,1583,1639,17.4,53.3,1.0528,0,0,0,1,0,0,0
13,3.0,1289,494.33333,18.0,1239,396.0,733,118.0,1635,1469,18.8,49.3,1.0581,0,0,0,1,0,0,0
14,3.6,1257,479.0,16.0,1179,455.0,818,134.0,1545,1415,19.4,47.1,1.051,0,0,0,1,0,0,0
15,3.0,1199,284.33333,13.7,1108,423.0,818,123.0,1450,1250,19.2,47.1,1.0371,0,0,0,1,0,0,0
16,2.6,1181,246.0,14.1,1121,356.0,629,117.0,1466,1236,17.7,51.5,1.0315,0,0,0,1,0,0,0
17,2.6,1175,217.66667,13.9,1112,350.0,628,110.0,1484,1212,16.5,54.6,1.0164,0,0,0,1,0,0,0
18,3.1,1202,176.33333,14.3,1126,359.0,606,115.0,1480,1212,15.4,57.9,1.0068,0,0,0,1,0,0,0
19,3.2,1170,202.0,13.3,1095,358.0,618,116.0,1470,1195,15.2,58.4,1.0007,0,0,0,1,0,0,0
20,2.4,1115,200.0,11.6,1036,289.0,649,99.0,1381,1200,14.9,58.4,0.9843,0,0,0,1,0,0,0
21,2.6,1130,206.33333,11.3,1026,359.0,657,115.0,1374,1209,14.5,60.4,0.9909,0,0,0,1,0,0,0
22,2.4,1195,231.0,11.0,1013,355.0,646,104.0,1345,1276,14.5,62.3,1.0216,0,0,0,1,0,0,0
23,1.8,1111,206.33333,7.7,887,244.0,720,92.0,1262,1132,14.6,60.6,1.0033,0,0,0,1,0,0,0
0,1.7,1092,156.0,7.0,855,194.0,750,84.0,1231,1061,15.0,59.3,1.0045,0,0,0,0,1,0,0
1,1.9,1111,166.66667,7.0,856,176.0,746,81.0,1254,1036,14.7,60.3,1.0031,0,0,0,0,1,0,0
2,1.4,992,81.66667,4.4,731,170.0,1035,77.0,1149,911,15.3,59.1,1.0191,0,0,0,0,1,0,0
4,1.7,1080,73.66667,7.9,896,212.0,1075,75.0,1262,1033,11.6,72.5,0.9916,0,0,0,0,1,0,0
5,1.0,893,43.33333,3.1,655,146.0,990,69.0,1097,816,12.0,71.9,1.003,0,0,0,0,1,0,0
6,0.9,923,39.66667,3.2,664,177.0,988,67.0,1121,822,11.8,71.8,0.9909,0,0,0,0,1,0,0
7,1.0,950,108.33333,4.0,713,172.0,917,68.0,1139,841,11.8,71.4,0.9864,0,0,0,0,1,0,0
8,1.0,947,78.66667,3.2,666,159.0,985,68.0,1115,795,12.8,66.3,0.9804,0,0,0,0,1,0,0
9,1.1,973,127.66667,4.0,712,184.0,923,69.0,1157,831,13.2,65.2,0.9841,0,0,0,0,1,0,0
10,1.7,1111,188.66667,7.6,884,310.0,751,81.0,1280,1025,13.1,66.2,0.9933,0,0,0,0,1,0,0
11,2.3,1206,172.0,9.8,969,363.0,701,95.0,1365,1178,14.3,63.3,1.0266,0,0,0,0,1,0,0
12,2.1,1202,231.0,9.5,958,302.0,732,92.0,1330,1181,16.0,58.1,1.0482,0,0,0,0,1,0,0
13,2.7,1261,231.66667,11.2,1022,424.0,635,113.0,1407,1250,17.3,53.9,1.0562,0,0,0,0,1,0,0
14,2.3,1102,253.33333,6.9,855,258.0,763,98.0,1279,1039,17.3,53.3,1.0407,0,0,0,0,1,0,0
15,1.2,997,97.0,4.6,742,179.0,911,82.0,1180,899,16.7,54.7,1.0311,0,0,0,0,1,0,0
16,1.4,1049,77.66667,5.5,790,221.0,870,96.0,1183,1019,15.4,58.9,1.02,0,0,0,0,1,0,0
17,1.9,1082,149.0,6.5,834,303.0,800,107.0,1207,1057,15.2,58.0,0.9927,0,0,0,0,1,0,0
18,2.6,1177,142.66667,10.3,987,429.0,692,119.0,1324,1229,16.2,54.5,0.9956,0,0,0,0,1,0,0
19,2.4,1166,164.33333,8.9,935,357.0,756,114.0,1301,1135,16.5,55.3,1.0267,0,0,0,0,1,0,0
20,3.5,1352,206.66667,14.0,1118,438.0,625,127.0,1524,1188,14.6,72.1,1.1947,0,0,0,0,1,0,0
21,3.5,1210,202.0,9.2,947,457.0,697,121.0,1404,1060,13.9,76.7,1.2098,0,0,0,0,1,0,0
22,2.2,1161,127.33333,8.2,909,355.0,721,109.0,1370,962,13.7,79.3,1.2326,0,0,0,0,1,0,0
23,2.3,1142,229.66667,7.2,866,348.0,815,107.0,1329,939,13.8,77.3,1.2169,0,0,0,0,1,0,0
0,1.9,1054,56.33333,5.5,789,241.0,886,100.0,1254,864,14.2,71.7,1.1578,0,0,0,0,0,1,0
1,1.0,926,42.33333,2.9,649,134.0,1035,83.0,1145,741,14.9,65.7,1.105,0,0,0,0,0,1,0
2,0.8,873,34.66667,2.0,583,94.0,1155,66.0,1108,642,14.7,67.3,1.1177,0,0,0,0,0,1,0
4,0.4,803,28.66667,0.7,466,33.0,1451,30.0,1034,449,14.8,65.5,1.0965,0,0,0,0,0,1,0
5,0.4,818,24.33333,0.7,463,33.0,1509,29.0,1046,437,14.4,68.5,1.1158,0,0,0,0,0,1,0
6,0.4,814,25.66667,0.8,482,57.0,1426,41.0,1027,457,14.5,62.9,1.0335,0,0,0,0,0,1,0
7,0.6,832,33.66667,1.3,530,112.0,1346,63.0,1027,512,14.6,56.7,0.9358,0,0,0,0,0,1,0
8,1.9,1091,89.66667,7.6,882,358.0,844,114.0,1288,931,15.0,55.3,0.9338,0,0,0,0,0,1,0
9,2.0,1019,159.33333,7.4,874,287.0,1113,114.0,1235,905,14.5,56.5,0.9306,0,0,0,0,0,1,0
10,1.4,937,82.33333,4.7,750,263.0,1386,102.0,1141,790,14.3,55.4,0.9005,0,0,0,0,0,1,0
11,1.4,950,160.66667,5.4,786,282.0,1038,101.0,1145,850,14.7,52.5,0.8716,0,0,0,0,0,1,0
12,1.5,962,133.33333,5.4,785,286.0,993,103.0,1161,870,15.5,51.7,0.9033,0,0,0,0,0,1,0
13,1.6,969,107.66667,6.0,812,259.0,989,100.0,1189,842,14.9,53.4,0.8998,0,0,0,0,0,1,0
14,1.8,1010,135.66667,7.1,863,265.0,915,95.0,1257,886,15.2,51.0,0.8762,0,0,0,0,0,1,0
15,1.4,946,84.0,5.3,780,249.0,945,99.0,1142,801,15.2,50.1,0.858,0,0,0,0,0,1,0
16,1.7,988,212.33333,7.2,865,268.0,876,102.0,1190,895,15.6,46.6,0.8176,0,0,0,0,0,1,0
17,1.7,948,79.0,5.7,799,226.0,1539,105.0,1145,827,14.8,48.4,0.8069,0,0,0,0,0,1,0
18,2.3,1045,114.33333,9.5,960,301.0,1376,118.0,1259,972,14.6,48.0,0.7902,0,0,0,0,0,1,0
19,3.2,1114,334.33333,12.2,1057,388.0,777,135.0,1301,1079,15.1,45.4,0.7759,0,0,0,0,0,1,0
20,2.6,1006,278.0,10.3,987,285.0,1028,124.0,1247,964,14.5,45.4,0.7458,0,0,0,0,0,1,0
21,1.6,889,149.0,4.5,738,197.0,1379,100.0,1061,743,13.4,48.1,0.7374,0,0,0,0,0,1,0
22,0.8,792,41.0,2.0,583,105.0,1972,66.0,946,517,12.3,48.7,0.6931,0,0,0,0,0,1,0
23,0.7,808,63.0,1.8,572,88.0,1729,57.0,954,468,12.0,51.2,0.7179,0,0,0,0,0,1,0
0,0.6,814,74.33333,1.9,574,92.0,1613,58.0,965,461,11.9,54.6,0.7589,0,0,0,0,0,0,1
1,0.7,827,62.0,2.7,636,88.0,1485,59.0,980,483,13.7,45.0,0.6991,0,0,0,0,0,0,1
2,0.7,801,45.33333,2.7,633,90.0,1489,60.0,940,482,14.7,37.5,0.622,0,0,0,0,0,0,1
4,0.4,721,27.66667,0.7,470,42.0,2331,35.0,815,367,13.2,35.6,0.5375,0,0,0,0,0,0,1
5,0.3,709,24.66667,0.5,437,31.0,2559,27.0,787,324,12.0,37.3,0.5239,0,0,0,0,0,0,1
6,0.4,734,24.33333,0.8,478,51.0,2294,39.0,805,378,11.7,38.1,0.5223,0,0,0,0,0,0,1
7,0.5,770,21.66667,1.4,533,100.0,2683,63.0,839,480,11.5,38.0,0.5159,0,0,0,0,0,0,1
8,1.4,919,27.33333,5.6,795,315.0,2327,110.0,998,822,12.3,35.8,0.5086,0,0,0,0,0,0,1
9,2.4,996,52.0,10.6,998,417.0,2318,128.0,1136,1060,12.9,34.5,0.5102,0,0,0,0,0,0,1
10,1.8,925,54.66667,7.2,866,328.0,2542,122.0,1013,916,14.4,30.2,0.4911,0,0,0,0,0,0,1
11,1.5,883,76.0,6.2,821,304.0,886,111.0,967,844,16.2,26.2,0.4789,0,0,0,0,0,0,1
12,1.5,884,103.33333,6.2,822,300.0,909,110.0,968,807,17.1,23.5,0.453,0,0,0,0,0,0,1
13,1.8,920,75.33333,8.1,903,306.0,849,114.0,1011,853,18.1,21.3,0.4396,0,0,0,0,0,0,1
14,2.1,941,216.66667,9.0,941,342.0,837,114.0,1036,884,18.8,20.0,0.4278,0,0,0,0,0,0,1
15,1.7,934,94.66667,8.4,914,324.0,873,111.0,1016,834,18.1,20.8,0.4274,0,0,0,0,0,0,1
16,2.3,929,156.33333,8.7,928,327.0,842,116.0,1001,893,17.6,19.9,0.3952,0,0,0,0,0,0,1
17,2.9,972,247.33333,11.8,1043,404.0,764,148.0,1083,1037,16.0,20.8,0.3757,0,0,0,0,0,0,1
18,4.0,1073,164.0,16.5,1195,575.0,675,177.0,1249,1244,14.6,23.7,0.3903,0,0,0,0,0,0,1
19,4.2,1050,206.66667,18.7,1260,539.0,662,164.0,1256,1269,13.7,22.9,0.3581,0,0,0,0,0,0,1
20,3.5,980,185.0,14.5,1132,460.0,742,151.0,1102,1125,12.8,21.7,0.3182,0,0,0,0,0,0,1
21,2.6,872,78.0,8.0,900,386.0,918,147.0,910,946,12.7,21.3,0.3119,0,0,0,0,0,0,1
22,1.3,802,61.66667,4.6,743,202.0,1051,110.0,826,751,12.8,22.5,0.3309,0,0,0,0,0,0,1
23,1.0,792,72.33333,3.4,674,162.0,1122,99.0,810,670,12.6,23.4,0.3408,0,0,0,0,0,0,1
0,1.6,857,62.0,4.8,753,261.0,1034,116.0,860,754,12.4,24.0,0.3443,1,0,0,0,0,0,0
1,1.6,856,59.66667,4.4,734,263.0,1041,121.0,853,781,12.5,24.0,0.3462,1,0,0,0,0,0,0
2,1.1,869,45.33333,3.8,702,159.0,1019,103.0,891,842,11.9,32.4,0.4489,1,0,0,0,0,0,0
4,0.8,834,51.33333,2.7,632,111.0,1102,83.0,871,746,11.5,34.2,0.4621,1,0,0,0,0,0,0
5,0.8,860,71.33333,2.4,616,104.0,1105,76.0,873,754,10.5,37.8,0.4799,1,0,0,0,0,0,0
6,1.0,909,68.0,4.3,728,221.0,933,107.0,948,905,7.8,47.4,0.5046,1,0,0,0,0,0,0
7,1.2,955,98.33333,5.2,772,243.0,1030,106.0,957,960,9.3,43.1,0.5062,1,0,0,0,0,0,0
8,1.7,1035,135.0,8.4,914,356.0,947,124.0,1064,1080,8.2,46.8,0.5091,1,0,0,0,0,0,0
9,2.4,1087,207.0,14.1,1121,429.0,711,134.0,1177,1209,10.7,34.2,0.439,1,0,0,0,0,0,0
10,2.8,1101,188.66667,13.0,1083,518.0,692,147.0,1130,1243,14.4,28.2,0.4593,1,0,0,0,0,0,0
11,2.9,1135,221.33333,13.5,1100,460.0,679,146.0,1161,1273,17.4,23.3,0.4599,1,0,0,0,0,0,0
12,2.6,1095,158.33333,12.5,1067,389.0,702,133.0,1152,1216,17.8,23.6,0.4766,1,0,0,0,0,0,0
13,2.3,986,107.33333,8.8,931,362.0,815,120.0,1011,976,18.3,19.5,0.4044,1,0,0,0,0,0,0
14,2.3,991,123.0,9.0,940,337.0,816,117.0,1035,973,18.9,18.9,0.4091,1,0,0,0,0,0,0
15,1.7,926,81.33333,6.1,815,254.0,931,109.0,945,827,18.4,19.7,0.4117,1,0,0,0,0,0,0
16,1.8,974,86.33333,7.8,891,281.0,857,112.0,1005,912,17.8,21.0,0.4234,1,0,0,0,0,0,0
17,2.5,1042,216.66667,11.5,1031,369.0,756,131.0,1094,1084,16.1,23.4,0.4248,1,0,0,0,0,0,0
18,2.4,1006,173.0,10.7,1005,350.0,781,133.0,1071,1045,14.9,24.9,0.4178,1,0,0,0,0,0,0
19,2.0,979,115.0,9.2,946,323.0,826,138.0,1018,1026,14.6,24.6,0.4054,1,0,0,0,0,0,0
20,2.3,1072,217.33333,10.9,1011,340.0,762,142.0,1075,1172,14.2,26.8,0.4332,1,0,0,0,0,0,0
21,2.9,1217,199.33333,11.6,1037,443.0,669,138.0,1167,1452,13.3,38.7,0.5867,1,0,0,0,0,0,0
22,2.0,1124,202.66667,9.0,939,292.0,737,118.0,1126,1317,11.2,45.1,0.6004,1,0,0,0,0,0,0
23,2.5,1152,172.33333,11.6,1036,372.0,670,120.0,1206,1365,8.8,52.5,0.5969,1,0,0,0,0,0,0
0,3.0,1216,192.66667,11.7,1039,443.0,685,132.0,1183,1378,8.6,54.3,0.606,0,1,0,0,0,0,0
1,2.4,1095,166.66667,11.3,1024,360.0,708,121.0,1219,1246,8.1,53.2,0.5746,0,1,0,0,0,0,0
2,2.6,1099,85.0,10.4,994,401.0,715,117.0,1164,1186,6.8,57.8,0.5768,0,1,0,0,0,0,0
4,2.1,1091,124.0,9.8,971,273.0,703,102.0,1148,1187,5.4,64.1,0.5772,0,1,0,0,0,0,0
5,1.7,955,80.66667,5.8,804,199.0,843,95.0,1017,1007,5.6,61.6,0.5656,0,1,0,0,0,0,0
6,1.5,975,64.0,7.0,859,177.0,777,81.0,1043,1019,4.2,69.0,0.5737,0,1,0,0,0,0,0
7,1.3,909,44.33333,4.0,709,206.0,936,95.0,953,921,4.8,64.6,0.563,0,1,0,0,0,0,0
8,1.9,992,50.0,6.9,853,323.0,821,111.0,1052,1038,4.0,69.0,0.5661,0,1,0,0,0,0,0
9,2.0,1018,239.66667,7.7,889,392.0,780,118.0,1085,1105,4.9,66.3,0.5786,0,1,0,0,0,0,0
10,2.7,1100,192.66667,9.9,974,420.0,728,130.0,1131,1208,9.4,48.7,0.5748,0,1,0,0,0,0,0
11,2.4,1101,140.0,8.9,934,333.0,751,116.0,1085,1208,12.6,39.9,0.5804,0,1,0,0,0,0,0
12,2.7,1148,206.33333,11.3,1025,395.0,701,128.0,1165,1282,14.4,35.3,0.5763,0,1,0,0,0,0,0
13,3.2,1253,227.33333,13.7,1108,478.0,633,156.0,1253,1494,15.1,37.4,0.6374,0,1,0,0,0,0,0
14,3.4,1229,221.33333,12.7,1075,470.0,638,169.0,1226,1500,16.0,35.8,0.6456,0,1,0,0,0,0,0
15,3.2,1250,194.66667,14.5,1133,508.0,629,168.0,1274,1463,17.5,30.8,0.6095,0,1,0,0,0,0,0
16,4.3,1432,382.33333,18.4,1251,596.0,547,178.0,1396,1722,17.2,34.2,0.6669,0,1,0,0,0,0,0
17,5.0,1530,564.33333,22.0,1352,694.0,491,178.0,1550,1934,14.3,45.8,0.7452,0,1,0,0,0,0,0
18,6.3,1604,743.33333,25.4,1438,968.0,466,188.0,1650,2018,12.2,53.9,0.7617,0,1,0,0,0,0,0
19,4.6,1352,350.66667,16.4,1191,658.0,570,169.0,1362,1796,11.6,51.2,0.6965,0,1,0,0,0,0,0
20,3.1,1235,187.33333,12.4,1065,409.0,640,133.0,1213,1594,11.3,50.1,0.672,0,1,0,0,0,0,0
21,2.6,1127,180.66667,9.6,962,345.0,751,125.0,1120,1389,10.6,51.2,0.6541,0,1,0,0,0,0,0
22,2.1,1073,148.33333,7.1,860,230.0,896,110.0,1058,1238,9.6,51.7,0.6163,0,1,0,0,0,0,0
23,2.1,1074,115.33333,7.2,867,285.0,888,112.0,1064,1221,8.7,55.2,0.6225,0,1,0,0,0,0,0
0,2.5,1133,165.33333,9.3,951,310.0,825,112.0,1156,1254,7.9,60.2,0.6432,0,0,1,0,0,0,0
1,2.0,1021,81.66667,5.9,808,224.0,961,102.0,1048,1098,7.9,59.2,0.6331,0,0,1,0,0,0,0
2,1.8,995,98.0,5.9,807,213.0,978,90.0,1056,1044,6.7,64.6,0.6381,0,0,1,0,0,0,0
4,0.76667,869,65.0,2.1,594,103.0,1326,66.0,935,835,6.3,64.6,0.6197,0,0,1,0,0,0,0
5,0.7,868,64.0,1.8,567,91.0,1238,64.0,919,823,6.4,63.3,0.6123,0,0,1,0,0,0,0
6,0.9,921,68.66667,3.1,655,178.0,1001,81.0,972,908,6.4,64.4,0.6204,0,0,1,0,0,0,0
7,1.5,1041,103.0,6.8,846,351.0,829,106.0,1112,1076,5.6,68.9,0.6328,0,0,1,0,0,0,0
8,3.4,1275,374.0,16.4,1193,587.0,596,140.0,1389,1393,6.4,65.6,0.6348,0,0,1,0,0,0,0
9,3.4,1238,671.33333,16.7,1202,475.0,748,138.0,1382,1429,7.3,61.4,0.6306,0,0,1,0,0,0,0
10,3.2,1288,397.33333,17.3,1220,576.0,937,165.0,1391,1594,9.6,53.7,0.6409,0,0,1,0,0,0,0
11,4.8,1422,580.66667,22.4,1362,920.0,775,214.0,1509,1956,12.0,45.9,0.6421,0,0,1,0,0,0,0
12,3.5,1293,490.0,17.9,1236,710.0,784,178.0,1370,1872,12.7,44.4,0.6512,0,0,1,0,0,0,0
13,4.1,1410,503.0,22.4,1363,696.0,690,187.0,1515,2014,13.9,42.8,0.6761,0,0,1,0,0,0,0
14,4.8,1425,473.33333,23.3,1386,744.0,691,203.0,1536,1978,15.0,41.4,0.7016,0,0,1,0,0,0,0
15,4.4,1590,484.33333,28.0,1503,743.0,575,204.0,1559,2257,16.0,38.7,0.6987,0,0,1,0,0,0,0
16,4.5,1520,440.66667,30.1,1552,801.0,568,198.0,1615,2104,16.0,38.6,0.6952,0,0,1,0,0,0,0
17,5.9,1595,341.0,33.4,1628,1014.0,495,218.0,1822,2140,14.1,44.9,0.7194,0,0,1,0,0,0,0
18,9.9,1881,354.66667,50.8,1983,1479.0,334,269.0,2271,2523,12.6,55.9,0.8142,0,0,1,0,0,0,0
19,6.9,1633,401.0,35.6,1677,1018.0,400,217.0,1880,2188,11.7,60.8,0.8336,0,0,1,0,0,0,0
20,4.3,1391,170.33333,21.5,1338,729.0,509,183.0,1514,1816,11.5,60.9,0.8249,0,0,1,0,0,0,0
21,2.9,1263,190.66667,15.5,1164,508.0,581,147.0,1338,1587,10.6,64.1,0.8182,0,0,1,0,0,0,0
22,2.0,1147,125.0,10.9,1012,347.0,665,120.0,1214,1381,10.1,66.2,0.8185,0,0,1,0,0,0,0
23,1.7,1103,131.0,8.7,928,327.0,715,112.0,1174,1287,9.0,70.1,0.8036,0,0,1,0,0,0,0
0,1.9,1071,94.66667,7.4,873,339.0,739,107.0,1150,1193,8.6,70.5,0.7915,0,0,0,1,0,0,0
1,2.0,1137,82.66667,9.9,975,358.0,687,103.0,1234,1223,7.6,74.3,0.7783,0,0,0,1,0,0,0
2,1.9,1066,86.33333,8.2,907,377.0,728,97.0,1174,1122,6.9,76.1,0.759,0,0,0,1,0,0,0
4,0.8,895,103.66667,3.2,663,165.0,977,74.0,1007,866,6.8,75.4,0.7475,0,0,0,1,0,0,0
5,0.7,885,69.33333,3.0,655,145.0,996,68.0,1015,848,6.6,75.3,0.7378,0,0,0,1,0,0,0
6,1.1,964,56.66667,5.4,784,282.0,824,92.0,1080,959,6.0,77.3,0.7262,0,0,0,1,0,0,0
7,1.7,1088,108.33333,8.7,927,494.0,715,111.0,1196,1154,6.0,76.7,0.722,0,0,0,1,0,0,0
8,3.1,1274,342.0,15.4,1160,606.0,587,133.0,1412,1373,6.9,73.7,0.7348,0,0,0,1,0,0,0
9,4.4,1406,694.66667,27.2,1483,581.0,478,139.0,1767,1708,7.6,70.6,0.7371,0,0,0,1,0,0,0
10,5.6,1521,661.0,30.7,1568,920.0,440,192.0,1843,2097,9.3,64.2,0.7544,0,0,0,1,0,0,0
11,4.4,1408,580.66667,24.3,1412,811.0,484,192.0,1608,2056,11.7,55.7,0.763,0,0,0,1,0,0,0
12,4.4,1377,555.66667,21.7,1342,786.0,499,206.0,1546,2006,12.9,54.1,0.8003,0,0,0,1,0,0,0
13,4.7,1470,533.66667,25.8,1450,677.0,481,182.0,1706,2015,14.0,53.0,0.8451,0,0,0,1,0,0,0
14,4.2,1416,486.33333,21.8,1346,612.0,609,192.0,1570,1945,15.1,50.2,0.8552,0,0,0,1,0,0,0
15,3.3,1383,240.0,20.6,1314,524.0,785,188.0,1538,1793,16.7,47.3,0.8883,0,0,0,1,0,0,0
16,5.1,1574,277.0,27.2,1483,775.0,460,186.0,1778,1962,16.8,48.4,0.9175,0,0,0,1,0,0,0
20,3.3,1325,196.33333,16.4,1191,403.0,564,130.0,1542,1389,13.3,68.0,1.0376,0,0,0,0,0,0,1
21,3.1,1316,276.66667,13.4,1099,412.0,610,137.0,1451,1268,13.2,72.8,1.0984,0,0,0,0,0,0,1
22,2.4,1170,281.66667,8.2,906,322.0,707,125.0,1317,1046,12.6,76.5,1.1106,0,0,0,0,0,0,1
23,1.4,1061,111.0,5.7,800,200.0,819,106.0,1232,862,12.6,74.3,1.0843,0,0,0,0,0,0,1
0,2.1,1109,179.0,7.0,855,244.0,787,121.0,1220,866,12.9,72.1,1.0658,1,0,0,0,0,0,0
1,1.4,1025,64.33333,5.6,794,199.0,848,101.0,1202,788,13.1,70.5,1.0594,1,0,0,0,0,0,0
2,1.4,1086,118.0,5.1,769,190.0,822,100.0,1196,857,12.4,73.8,1.0574,1,0,0,0,0,0,0
4,1.0,1034,68.66667,4.2,719,153.0,858,86.0,1189,845,11.8,76.3,1.0547,1,0,0,0,0,0,0
5,1.3,1065,113.0,6.1,816,215.0,777,90.0,1245,873,10.8,80.0,1.0367,1,0,0,0,0,0,0
6,1.0,988,140.33333,5.2,774,206.0,842,89.0,1189,841,10.4,77.3,0.9709,1,0,0,0,0,0,0
7,1.1,986,129.0,5.4,785,225.0,842,96.0,1173,853,10.0,76.2,0.9332,1,0,0,0,0,0,0
8,2.1,1136,225.0,11.0,1015,416.0,702,125.0,1287,1063,9.4,67.7,0.8018,1,0,0,0,0,0,0
9,3.2,1256,279.0,16.1,1184,613.0,582,143.0,1448,1276,9.3,71.2,0.8325,1,0,0,0,0,0,0
10,3.3,1228,319.66667,15.7,1170,567.0,596,153.0,1375,1332,12.6,54.0,0.784,1,0,0,0,0,0,0
11,2.3,956,122.66667,8.8,931,409.0,799,140.0,1046,1015,16.1,28.5,0.5164,1,0,0,0,0,0,0
12,1.0,781,50.0,3.9,704,183.0,1062,92.0,842,594,16.6,19.9,0.3728,1,0,0,0,0,0,0
13,0.8,759,55.0,3.8,699,140.0,1223,78.0,799,501,15.9,18.2,0.3255,1,0,0,0,0,0,0
14,0.8,722,51.0,3.3,671,133.0,1596,68.0,737,448,14.3,18.4,0.2991,1,0,0,0,0,0,0
15,0.6,699,35.33333,2.4,613,115.0,1731,64.0,682,387,15.0,16.3,0.2749,1,0,0,0,0,0,0
16,0.9,755,38.0,3.6,690,157.0,1653,80.0,750,467,14.9,17.1,0.2875,1,0,0,0,0,0,0
17,0.8,746,66.66667,3.5,684,149.0,1301,81.0,764,484,13.2,18.8,0.2837,1,0,0,0,0,0,0
18,1.2,784,84.0,4.6,744,219.0,1080,102.0,802,608,12.4,19.6,0.2797,1,0,0,0,0,0,0
19,2.1,931,88.66667,9.9,972,424.0,868,132.0,974,953,11.9,21.3,0.2957,1,0,0,0,0,0,0
20,3.9,1112,362.0,19.0,1267,659.0,671,162.0,1250,1307,11.1,24.8,0.3264,1,0,0,0,0,0,0
21,4.4,1133,356.66667,17.2,1215,727.0,674,179.0,1196,1415,10.1,29.7,0.3666,1,0,0,0,0,0,0
22,2.0,886,176.0,8.4,917,398.0,908,148.0,901,1023,10.2,23.8,0.2955,1,0,0,0,0,0,0
23,2.3,993,185.66667,11.4,1030,414.0,805,146.0,1005,1154,9.4,27.4,0.3239,1,0,0,0,0,0,0
0,3.6,1215,183.66667,15.6,1167,600.0,664,164.0,1181,1426,7.9,39.0,0.4154,0,1,0,0,0,0,0
1,3.9,1160,120.0,13.0,1083,596.0,706,162.0,1114,1363,7.6,40.6,0.4273,0,1,0,0,0,0,0
2,1.6,928,82.33333,6.2,819,225.0,919,118.0,923,1006,6.4,43.7,0.4242,0,1,0,0,0,0,0
4,1.03333,833,74.0,2.7,632,120.0,1107,78.0,834,760,5.1,46.5,0.4125,0,1,0,0,0,0,0
5,1.0,840,53.0,3.0,649,126.0,1044,79.0,869,799,3.3,53.5,0.418,0,1,0,0,0,0,0
6,0.8,848,58.0,2.4,612,83.0,1169,62.0,852,703,4.8,49.9,0.4325,0,1,0,0,0,0,0
7,0.7,828,42.66667,3.1,660,156.0,1078,85.0,881,781,2.2,60.1,0.4361,0,1,0,0,0,0,0
8,1.0,847,41.0,3.8,698,240.0,1034,110.0,905,815,2.5,59.3,0.4401,0,1,0,0,0,0,0
9,1.0,868,73.33333,3.2,665,186.0,1067,99.0,865,800,3.2,55.7,0.4344,0,1,0,0,0,0,0
10,1.5,970,82.33333,6.2,819,224.0,923,101.0,959,926,5.0,48.8,0.429,0,1,0,0,0,0,0
11,2.5,1077,85.66667,9.6,963,386.0,761,129.0,1081,1151,5.8,49.8,0.4613,0,1,0,0,0,0,0
12,2.6,1058,119.0,9.6,962,397.0,778,132.0,1058,1153,6.0,47.6,0.4488,0,1,0,0,0,0,0
13,3.2,1136,136.0,12.5,1067,477.0,702,148.0,1143,1298,7.4,44.6,0.4613,0,1,0,0,0,0,0
14,3.0,1228,133.33333,12.5,1068,405.0,658,134.0,1264,1238,5.2,73.1,0.6535,0,1,0,0,0,0,0
15,3.4,1235,266.66667,14.0,1118,453.0,612,148.0,1354,1222,4.8,81.4,0.7055,0,1,0,0,0,0,0
16,3.3,1217,169.0,11.6,1036,459.0,661,146.0,1260,1171,4.7,82.3,0.7105,0,1,0,0,0,0,0
17,3.6,1298,217.0,13.0,1082,452.0,642,148.0,1287,1237,4.7,82.8,0.7157,0,1,0,0,0,0,0
18,5.5,1327,174.33333,17.3,1219,579.0,582,175.0,1453,1366,4.7,83.4,0.7177,0,1,0,0,0,0,0
19,4.5,1293,271.66667,14.6,1136,542.0,631,170.0,1365,1278,5.2,83.1,0.7411,0,1,0,0,0,0,0
20,4.7,1353,312.0,16.2,1187,601.0,599,173.0,1424,1293,5.5,84.1,0.7657,0,1,0,0,0,0,0
21,4.3,1254,236.66667,13.8,1111,521.0,630,151.0,1360,1198,5.8,84.5,0.7822,0,1,0,0,0,0,0
22,3.2,1189,158.66667,10.6,999,411.0,680,129.0,1286,1115,6.2,84.1,0.8018,0,1,0,0,0,0,0
23,2.9,1183,249.33333,9.1,944,382.0,731,126.0,1226,1092,6.6,83.3,0.8183,0,1,0,0,0,0,0
0,3.1,1185,167.33333,9.7,966,421.0,711,127.0,1250,1104,6.8,82.8,0.8216,0,0,1,0,0,0,0
1,2.8,1098,183.66667,7.0,859,362.0,792,118.0,1211,1006,8.2,78.4,0.8561,0,0,1,0,0,0,0
2,1.2,938,70.0,2.8,639,104.0,1020,83.0,1059,777,9.7,70.9,0.8539,0,0,1,0,0,0,0
4,0.8,839,40.66667,1.4,536,69.0,1229,60.0,970,600,9.3,65.9,0.7757,0,0,1,0,0,0,0
5,0.6,784,33.0,0.8,479,41.0,1365,37.0,905,477,8.8,62.9,0.7154,0,0,1,0,0,0,0
6,0.6,779,32.33333,0.7,466,46.0,1393,39.0,881,454,8.6,58.8,0.6603,0,0,1,0,0,0,0
7,1.0,883,44.66667,2.6,625,118.0,1069,70.0,997,630,9.2,55.9,0.6521,0,0,1,0,0,0,0
8,3.2,970,87.33333,5.3,776,295.0,873,108.0,1059,858,8.4,57.7,0.6376,0,0,1,0,0,0,0
9,3.6,1012,160.0,7.1,861,311.0,785,119.0,1133,951,8.5,60.4,0.6713,0,0,1,0,0,0,0
10,2.9,934,123.66667,5.0,766,269.0,878,111.0,1047,836,8.9,57.4,0.6575,0,0,1,0,0,0,0
11,2.4,888,89.0,3.8,700,225.0,956,106.0,999,721,9.2,55.8,0.6479,0,0,1,0,0,0,0
12,2.5,918,56.33333,4.5,737,220.0,1007,105.0,1030,703,9.6,53.9,0.6425,0,0,1,0,0,0,0
13,2.6,901,62.0,4.7,747,216.0,1001,114.0,1020,657,9.6,52.4,0.6276,0,0,1,0,0,0,0
14,2.3,857,52.33333,3.9,708,162.0,972,93.0,983,581,9.7,49.8,0.5998,0,0,1,0,0,0,0
15,2.2,838,56.33333,3.8,699,152.0,1015,89.0,944,546,9.4,44.9,0.5296,0,0,1,0,0,0,0
16,2.3,869,55.0,5.2,772,183.0,1051,102.0,966,641,9.8,41.9,0.5083,0,0,1,0,0,0,0
17,2.9,928,55.66667,6.8,850,254.0,1118,129.0,1004,794,8.9,44.9,0.5125,0,0,1,0,0,0,0
18,4.1,1037,116.33333,11.9,1047,355.0,869,151.0,1159,1042,8.4,45.4,0.5035,0,0,1,0,0,0,0
19,4.1,980,77.33333,10.8,1008,341.0,758,151.0,1103,993,8.0,41.0,0.4416,0,0,1,0,0,0,0
20,4.0,978,161.0,11.5,1031,341.0,765,149.0,1066,968,7.9,37.1,0.3974,0,0,1,0,0,0,0
21,3.7,891,170.0,7.6,882,342.0,885,149.0,950,894,7.8,33.9,0.3594,0,0,1,0,0,0,0
22,1.7,762,51.0,3.1,657,186.0,1158,114.0,783,592,7.3,32.4,0.334,0,0,1,0,0,0,0
23,1.1,794,55.66667,3.6,687,170.0,1100,104.0,826,611,7.4,34.6,0.3576,0,0,1,0,0,0,0
0,1.1,799,66.0,3.6,690,169.0,1125,104.0,823,611,7.1,33.7,0.3417,0,0,0,1,0,0,0
1,1.5,818,72.33333,4.3,725,246.0,1065,127.0,849,694,6.4,35.8,0.3471,0,0,0,1,0,0,0
2,0.5,691,29.66667,0.7,471,63.0,1552,53.0,698,357,5.6,37.7,0.3444,0,0,0,1,0,0,0
4,0.2,697,27.66667,0.5,437,44.0,1705,39.0,702,325,5.3,38.8,0.3473,0,0,0,1,0,0,0
5,0.3,716,42.0,0.7,473,54.0,1595,41.0,734,343,4.7,41.4,0.3576,0,0,0,1,0,0,0
6,0.6,791,36.0,2.2,598,176.0,1186,97.0,802,608,4.3,43.9,0.3675,0,0,0,1,0,0,0
7,0.7,804,48.66667,2.6,630,236.0,1188,120.0,806,712,4.9,40.6,0.3539,0,0,0,1,0,0,0
8,2.6,1093,147.33333,13.4,1098,613.0,782,167.0,1221,1173,5.1,40.8,0.3603,0,0,0,1,0,0,0
9,5.5,1179,617.0,23.5,1390,755.0,567,198.0,1453,1459,6.5,38.1,0.3709,0,0,0,1,0,0,0
10,2.6,951,257.0,9.4,953,460.0,812,157.0,1022,1055,7.4,36.5,0.3778,0,0,0,1,0,0,0
11,1.5,882,119.0,6.3,826,280.0,952,125.0,910,799,7.9,36.4,0.3889,0,0,0,1,0,0,0
12,1.7,897,113.33333,6.7,845,322.0,942,135.0,943,787,7.8,36.8,0.3908,0,0,0,1,0,0,0
13,2.2,949,171.66667,9.7,965,349.0,860,138.0,1041,892,8.7,33.7,0.379,0,0,0,1,0,0,0
14,2.1,896,153.33333,7.8,891,297.0,921,132.0,935,766,8.5,34.3,0.3813,0,0,0,1,0,0,0
15,2.2,908,149.0,7.7,886,353.0,922,142.0,947,835,8.9,34.5,0.3946,0,0,0,1,0,0,0
16,2.3,959,315.0,8.6,924,316.0,899,137.0,993,897,8.8,35.7,0.4043,0,0,0,1,0,0,0
17,2.5,994,189.33333,10.7,1005,348.0,832,145.0,1054,1009,7.9,38.6,0.4137,0,0,0,1,0,0,0
18,3.1,1081,316.66667,16.7,1202,445.0,691,166.0,1230,1250,7.6,40.1,0.4195,0,0,0,1,0,0,0
19,3.6,1081,489.33333,15.5,1164,457.0,705,165.0,1171,1283,6.9,40.3,0.4025,0,0,0,1,0,0,0
20,3.9,1175,527.66667,18.3,1248,516.0,661,175.0,1308,1377,6.5,41.7,0.4047,0,0,0,1,0,0,0
21,4.0,1123,218.66667,13.8,1110,575.0,732,185.0,1152,1322,6.3,42.6,0.4106,0,0,0,1,0,0,0
22,2.3,1032,138.0,9.3,952,449.0,833,166.0,1025,1198,5.9,44.7,0.4186,0,0,0,1,0,0,0
23,1.5,927,80.66667,5.8,805,289.0,965,140.0,918,1007,5.8,43.4,0.4037,0,0,0,1,0,0,0
0,1.5,952,77.33333,6.6,838,268.0,948,133.0,937,976,5.8,42.5,0.3937,0,0,0,0,1,0,0
1,2.2,987,52.0,7.6,883,343.0,913,144.0,949,1013,5.6,42.0,0.3856,0,0,0,0,1,0,0
2,1.3,902,48.33333,5.0,761,222.0,1048,126.0,872,868,5.3,42.3,0.3806,0,0,0,0,1,0,0
4,0.63333,776,43.0,1.3,525,87.0,1391,72.0,770,585,5.1,44.8,0.3967,0,0,0,0,1,0,0
5,0.5,812,46.33333,1.5,541,89.0,1309,70.0,774,616,5.2,45.9,0.4099,0,0,0,0,1,0,0
6,0.5,821,41.0,1.7,563,103.0,1270,74.0,807,678,4.7,49.0,0.4209,0,0,0,0,1,0,0
7,0.9,932,49.0,3.8,701,254.0,944,124.0,875,936,4.5,51.8,0.4418,0,0,0,0,1,0,0
8,2.0,1069,111.0,8.8,931,481.0,782,152.0,1054,1110,4.5,53.0,0.4495,0,0,0,0,1,0,0
9,3.2,1137,321.0,12.5,1066,638.0,681,174.0,1151,1258,4.8,53.1,0.4605,0,0,0,0,1,0,0
10,2.3,1009,161.66667,8.7,926,492.0,791,161.0,1015,1080,7.8,42.0,0.4464,0,0,0,0,1,0,0
11,1.8,962,199.0,7.5,877,413.0,841,120.0,969,949,9.3,37.6,0.4391,0,0,0,0,1,0,0
12,2.1,972,80.0,8.2,909,364.0,827,111.0,1012,894,10.0,34.2,0.4212,0,0,0,0,1,0,0
13,1.9,968,103.0,8.5,920,299.0,831,128.0,991,882,10.3,32.6,0.4094,0,0,0,0,1,0,0
14,2.4,939,92.33333,8.1,902,342.0,884,133.0,969,872,9.8,31.8,0.3858,0,0,0,0,1,0,0
15,2.1,901,84.0,6.7,843,309.0,1061,121.0,907,751,9.8,30.3,0.3658,0,0,0,0,1,0,0
16,2.8,975,210.0,9.0,938,367.0,874,147.0,989,928,9.6,29.6,0.3545,0,0,0,0,1,0,0
17,3.3,1028,122.0,11.3,1025,357.0,774,136.0,1024,1160,8.1,32.5,0.3516,0,0,0,0,1,0,0
18,2.9,998,148.33333,9.9,972,345.0,806,153.0,984,1090,6.8,36.1,0.3575,0,0,0,0,1,0,0
19,3.9,1094,204.66667,13.6,1105,483.0,708,178.0,1086,1274,6.4,36.5,0.3519,0,0,0,0,1,0,0
20,4.1,1128,219.33333,15.4,1161,480.0,672,174.0,1163,1340,5.9,37.8,0.3528,0,0,0,0,1,0,0
21,3.3,1111,206.33333,11.4,1030,427.0,751,166.0,1033,1271,5.1,40.7,0.3621,0,0,0,0,1,0,0
22,3.3,1121,171.66667,11.2,1023,504.0,725,169.0,1053,1354,4.8,45.1,0.3925,0,0,0,0,1,0,0
23,1.9,956,126.33333,5.7,796,248.0,915,132.0,861,1084,4.5,43.9,0.3728,0,0,0,0,1,0,0
0,2.0,973,133.66667,5.4,785,241.0,916,127.0,883,1086,5.2,44.1,0.3939,0,0,0,0,0,1,0
1,1.9,952,80.33333,5.5,790,210.0,921,113.0,896,1038,4.3,46.4,0.3896,0,0,0,0,0,1,0
2,2.1,969,84.66667,5.2,773,292.0,889,128.0,914,1064,3.0,52.5,0.4021,0,0,0,0,0,1,0
4,1.3,874,43.33333,3.1,657,129.0,985,85.0,867,930,1.5,61.4,0.4235,0,0,0,0,0,1,0
5,1.1,806,30.66667,1.6,554,106.0,1206,77.0,807,783,4.0,50.4,0.4154,0,0,0,0,0,1,0
6,1.2,874,39.66667,2.5,623,125.0,1096,78.0,847,831,2.8,55.2,0.4177,0,0,0,0,0,1,0
7,1.8,961,57.0,5.3,779,267.0,917,115.0,960,983,1.2,61.4,0.4159,0,0,0,0,0,1,0
8,3.6,1195,186.0,13.4,1096,543.0,668,169.0,1166,1315,1.4,61.3,0.4208,0,0,0,0,0,1,0
9,3.7,1184,183.66667,15.0,1148,496.0,651,174.0,1178,1389,2.2,58.1,0.4218,0,0,0,0,0,1,0
10,3.4,1135,209.33333,12.8,1076,491.0,685,171.0,1120,1396,4.3,49.4,0.4138,0,0,0,0,0,1,0
11,4.0,1211,406.0,15.9,1177,667.0,620,179.0,1221,1585,6.6,42.5,0.416,0,0,0,0,0,1,0
12,3.8,1228,387.0,15.9,1178,693.0,621,193.0,1202,1628,8.0,38.3,0.4133,0,0,0,0,0,1,0
13,4.1,1247,306.0,16.3,1188,707.0,598,210.0,1237,1692,9.1,36.1,0.4172,0,0,0,0,0,1,0
14,4.9,1336,343.0,18.6,1256,777.0,567,224.0,1320,1828,10.0,34.7,0.4259,0,0,0,0,0,1,0
15,3.3,1205,261.66667,12.8,1079,512.0,652,175.0,1168,1476,11.0,33.0,0.4331,0,0,0,0,0,1,0
16,4.3,1305,205.33333,17.9,1238,587.0,565,177.0,1325,1640,11.3,33.6,0.4504,0,0,0,0,0,1,0
17,6.6,1568,251.0,29.0,1528,864.0,455,208.0,1661,2046,9.4,41.3,0.4888,0,0,0,0,0,1,0
18,8.5,1630,369.66667,33.1,1622,1089.0,421,247.0,1757,2238,8.0,45.9,0.4936,0,0,0,0,0,1,0
19,8.7,1704,487.33333,36.1,1689,1070.0,402,242.0,1820,2480,7.1,50.3,0.51,0,0,0,0,0,1,0
20,9.1,1701,610.0,36.3,1692,1220.0,402,252.0,1832,2415,6.2,56.9,0.5419,0,0,0,0,0,1,0
21,7.2,1564,322.33333,26.3,1462,1076.0,472,228.0,1574,2181,6.3,57.9,0.5575,0,0,0,0,0,1,0
22,5.0,1441,176.66667,20.6,1314,825.0,517,196.0,1389,2051,6.2,56.8,0.5421,0,0,0,0,0,1,0
23,4.2,1376,142.33333,17.0,1209,740.0,549,190.0,1283,2041,6.1,54.7,0.5201,0,0,0,0,0,1,0
0,4.6,1412,189.0,17.2,1216,759.0,543,187.0,1300,2059,6.0,55.6,0.5244,0,0,0,0,0,0,1
1,3.9,1352,156.0,14.6,1137,610.0,567,174.0,1234,2016,5.1,59.0,0.5248,0,0,0,0,0,0,1
2,3.4,1285,91.66667,12.1,1052,465.0,605,158.0,1164,1967,5.1,58.4,0.517,0,0,0,0,0,0,1
4,2.4,1200,114.66667,8.7,929,288.0,664,132.0,1082,1847,4.2,63.1,0.5259,0,0,0,0,0,0,1
5,2.5,1187,115.33333,8.8,931,251.0,669,121.0,1093,1792,4.3,64.1,0.537,0,0,0,0,0,0,1
6,3.5,1166,130.0,8.2,909,351.0,691,136.0,1079,1680,4.8,61.9,0.537,0,0,0,0,0,0,1
7,3.9,1209,89.66667,9.5,958,379.0,666,138.0,1124,1662,5.3,61.1,0.5499,0,0,0,0,0,0,1
8,4.8,1349,298.33333,14.6,1136,539.0,575,149.0,1299,1810,5.7,61.3,0.5657,0,0,0,0,0,0,1
9,6.1,1458,566.33333,20.4,1307,706.0,497,165.0,1483,2103,6.1,60.5,0.5719,0,0,0,0,0,0,1
10,6.6,1462,536.66667,18.8,1263,750.0,510,170.0,1421,2082,6.7,59.7,0.589,0,0,0,0,0,0,1
11,6.5,1448,469.0,18.8,1263,747.0,511,165.0,1428,1971,7.2,58.6,0.5986,0,0,0,0,0,0,1
12,6.0,1419,407.66667,18.5,1254,670.0,524,167.0,1406,1950,8.0,55.9,0.6018,0,0,0,0,0,0,1
13,6.9,1561,560.0,24.8,1425,772.0,465,197.0,1624,2101,9.8,52.4,0.6349,0,0,0,0,0,0,1
14,7.9,1558,431.66667,22.9,1375,792.0,471,217.0,1563,2112,10.5,51.1,0.6503,0,0,0,0,0,0,1
15,6.1,1438,320.0,16.9,1208,626.0,528,204.0,1405,1962,10.8,52.4,0.6767,0,0,0,0,0,0,1
16,6.7,1532,266.66667,22.2,1356,678.0,474,193.0,1610,2033,10.6,55.3,0.7058,0,0,0,0,0,0,1
17,6.8,1522,356.0,21.5,1337,706.0,479,192.0,1578,2034,10.4,57.0,0.7167,0,0,0,0,0,0,1
18,6.7,1514,376.66667,21.5,1338,668.0,474,175.0,1598,2018,10.2,58.3,0.7256,0,0,0,0,0,0,1
0,5.9,1505,340.66667,15.6,1168,567.0,525,169.0,1447,2066,9.4,66.1,0.7816,1,0,0,0,0,0,0
1,5.6,1458,457.33333,14.2,1123,527.0,540,164.0,1395,2030,9.6,65.9,0.7869,1,0,0,0,0,0,0
2,5.5,1431,405.33333,13.5,1100,503.0,553,154.0,1385,1913,9.5,66.2,0.7882,1,0,0,0,0,0,0
4,2.53333,1332,211.0,10.5,997,345.0,601,130.0,1304,1783,9.1,68.7,0.7925,1,0,0,0,0,0,0
5,2.2,1243,179.33333,8.6,924,274.0,648,119.0,1250,1534,9.0,69.8,0.8039,1,0,0,0,0,0,0
6,2.0,1251,214.66667,8.6,924,231.0,644,106.0,1246,1568,8.9,70.5,0.8056,1,0,0,0,0,0,0
7,2.2,1259,143.33333,9.1,944,268.0,631,111.0,1267,1622,8.9,70.4,0.8074,1,0,0,0,0,0,0
8,2.0,1268,110.66667,8.6,926,281.0,645,122.0,1247,1628,9.1,69.6,0.8045,1,0,0,0,0,0,0
9,2.5,1288,131.0,9.4,956,340.0,623,121.0,1272,1553,9.0,70.8,0.8173,1,0,0,0,0,0,0
10,3.0,1410,189.66667,11.0,1015,406.0,594,136.0,1319,1769,9.8,68.6,0.8324,1,0,0,0,0,0,0
11,2.8,1374,360.0,10.6,999,379.0,598,138.0,1316,1776,10.2,67.3,0.8373,1,0,0,0,0,0,0
12,3.4,1458,350.33333,13.2,1090,436.0,553,147.0,1383,1898,10.7,65.0,0.8378,1,0,0,0,0,0,0
13,5.5,1609,494.33333,18.1,1243,602.0,505,178.0,1491,2100,11.4,62.9,0.8454,1,0,0,0,0,0,0
14,4.0,1424,474.33333,13.2,1090,507.0,566,176.0,1351,1896,12.2,61.1,0.8652,1,0,0,0,0,0,0
15,2.4,1331,166.66667,9.7,966,266.0,633,159.0,1266,1745,12.1,61.8,0.8723,1,0,0,0,0,0,0
16,3.1,1434,330.0,13.3,1093,335.0,561,168.0,1366,1893,11.7,65.6,0.898,1,0,0,0,0,0,0
17,4.0,1542,317.33333,15.4,1161,464.0,531,181.0,1435,1972,11.4,67.9,0.9119,1,0,0,0,0,0,0
18,4.6,1651,487.66667,17.8,1234,527.0,501,184.0,1513,2020,11.2,70.8,0.9386,1,0,0,0,0,0,0
19,4.8,1633,317.33333,18.0,1240,592.0,496,170.0,1555,1906,10.9,75.9,0.9868,1,0,0,0,0,0,0
20,6.2,1739,429.0,21.3,1333,821.0,460,174.0,1689,1832,11.3,78.3,1.0455,1,0,0,0,0,0,0
21,4.6,1523,263.66667,14.5,1132,538.0,541,136.0,1488,1470,10.3,82.8,1.0369,1,0,0,0,0,0,0
22,4.5,1543,244.0,15.8,1174,513.0,521,127.0,1542,1494,10.4,82.5,1.0406,1,0,0,0,0,0,0
23,4.2,1469,225.33333,13.1,1086,514.0,564,125.0,1485,1394,11.0,81.7,1.0727,1,0,0,0,0,0,0
0,2.6,1271,199.66667,7.7,886,345.0,688,121.0,1321,1113,11.7,79.8,1.0964,0,1,0,0,0,0,0
1,1.6,1161,101.33333,6.0,810,231.0,775,117.0,1281,958,11.6,80.0,1.0924,0,1,0,0,0,0,0
2,1.3,1053,92.0,3.5,680,166.0,890,108.0,1166,807,11.3,80.1,1.0741,0,1,0,0,0,0,0
4,0.5,900,30.0,1.2,522,61.0,1242,55.0,1070,471,10.8,78.7,1.0202,0,1,0,0,0,0,0
5,0.4,855,25.66667,0.8,479,49.0,1319,46.0,1068,450,10.7,81.5,1.0497,0,1,0,0,0,0,0
6,0.3,848,25.66667,0.7,464,54.0,1425,46.0,1062,438,10.9,80.3,1.0444,0,1,0,0,0,0,0
7,0.4,873,44.66667,0.9,485,78.0,1305,67.0,1083,512,10.7,80.7,1.0377,0,1,0,0,0,0,0
8,0.6,945,83.33333,1.8,569,136.0,1140,90.0,1135,632,10.5,81.8,1.0416,0,1,0,0,0,0,0
9,0.9,1003,97.0,2.5,618,198.0,1003,117.0,1159,754,10.4,82.9,1.0419,0,1,0,0,0,0,0
10,1.1,1041,92.66667,3.1,659,211.0,908,118.0,1188,792,10.6,82.1,1.0451,0,1,0,0,0,0,0
11,1.0,1036,56.66667,3.5,685,183.0,942,112.0,1168,776,11.5,72.6,0.9846,0,1,0,0,0,0,0
12,1.6,1124,161.33333,5.7,799,277.0,775,134.0,1231,969,12.8,65.5,0.964,0,1,0,0,0,0,0
13,1.8,1130,113.33333,5.8,803,267.0,772,127.0,1230,975,13.9,60.9,0.9644,0,1,0,0,0,0,0
14,1.0,991,71.33333,2.7,632,123.0,981,88.0,1114,637,14.9,57.9,0.9726,0,1,0,0,0,0,0
15,0.8,988,56.0,2.2,596,68.0,1056,57.0,1118,541,14.8,63.5,1.0592,0,1,0,0,0,0,0
16,1.4,1163,96.66667,5.8,801,186.0,772,99.0,1288,876,13.6,68.9,1.0699,0,1,0,0,0,0,0
17,2.1,1226,128.66667,6.9,853,321.0,725,129.0,1307,1029,13.6,68.9,1.0661,0,1,0,0,0,0,0
18,2.3,1286,96.66667,9.1,942,343.0,687,137.0,1362,1103,13.5,67.1,1.0357,0,1,0,0,0,0,0
19,3.5,1423,270.33333,14.0,1116,550.0,553,146.0,1531,1369,12.3,75.4,1.0768,0,1,0,0,0,0,0
20,3.8,1408,330.0,13.1,1088,598.0,560,139.0,1504,1381,11.7,80.0,1.0938,0,1,0,0,0,0,0
21,2.4,1178,208.0,7.2,866,390.0,700,128.0,1342,1094,11.8,82.7,1.1381,0,1,0,0,0,0,0
22,1.0,985,69.0,3.8,701,159.0,877,106.0,1187,835,11.8,77.5,1.0741,0,1,0,0,0,0,0
23,1.3,1113,119.33333,5.2,776,193.0,828,114.0,1217,881,12.0,72.3,1.0095,0,1,0,0,0,0,0
0,2.3,1178,128.33333,7.4,873,316.0,700,137.0,1328,987,11.2,79.6,1.0587,0,0,1,0,0,0,0
1,1.5,1024,86.0,3.9,705,199.0,876,114.0,1168,807,11.5,74.2,1.0063,0,0,1,0,0,0,0
2,1.1,954,43.66667,2.7,630,134.0,988,92.0,1107,664,11.6,68.9,0.9411,0,0,1,0,0,0,0
4,0.7,877,41.66667,1.3,526,63.0,1171,55.0,1023,496,11.7,64.6,0.8888,0,0,1,0,0,0,0
5,0.4,826,34.66667,0.7,465,50.0,1322,46.0,978,433,11.9,61.1,0.8527,0,0,1,0,0,0,0
6,0.5,862,25.66667,1.4,535,93.0,1193,67.0,1020,524,12.5,57.3,0.8269,0,0,1,0,0,0,0
7,0.8,938,45.66667,3.0,653,161.0,970,95.0,1100,747,12.3,60.1,0.8562,0,0,1,0,0,0,0
8,1.9,1205,183.66667,9.1,943,368.0,688,133.0,1361,1052,11.5,68.7,0.9302,0,0,1,0,0,0,0
9,2.3,1171,323.66667,10.0,978,344.0,637,138.0,1374,1092,12.5,63.2,0.9113,0,0,1,0,0,0,0
10,1.9,1131,213.33333,8.6,926,288.0,684,127.0,1324,1036,12.9,63.2,0.9335,0,0,1,0,0,0,0
11,1.6,1074,165.66667,6.4,832,244.0,748,119.0,1230,934,13.5,59.9,0.9261,0,0,1,0,0,0,0
12,1.4,1062,116.66667,6.2,822,224.0,764,113.0,1228,917,13.4,61.3,0.9379,0,0,1,0,0,0,0
13,1.5,1045,141.33333,5.7,800,206.0,796,109.0,1193,839,14.4,57.1,0.9309,0,0,1,0,0,0,0
14,1.4,1034,152.66667,5.0,763,163.0,840,97.0,1192,761,15.0,57.2,0.9698,0,0,1,0,0,0,0
15,2.0,1186,172.0,8.0,899,296.0,695,117.0,1332,926,12.4,72.6,1.0422,0,0,1,0,0,0,0
16,2.5,1256,164.66667,10.5,996,386.0,625,132.0,1417,1104,12.8,73.6,1.0851,0,0,1,0,0,0,0
17,2.2,1138,129.0,6.9,854,262.0,735,117.0,1276,911,13.3,68.2,1.0356,0,0,1,0,0,0,0
18,2.0,1138,251.66667,7.8,891,212.0,721,110.0,1295,918,13.4,66.6,1.0187,0,0,1,0,0,0,0
19,2.1,1114,219.66667,8.0,899,245.0,710,119.0,1279,948,13.3,63.6,0.9661,0,0,1,0,0,0,0
20,2.1,1107,222.0,8.1,905,263.0,705,116.0,1288,966,12.9,62.4,0.9258,0,0,1,0,0,0,0
21,2.1,1117,276.66667,7.5,876,300.0,706,123.0,1264,1057,12.4,64.7,0.9266,0,0,1,0,0,0,0
22,1.6,1090,231.0,6.0,812,242.0,753,117.0,1213,1001,12.1,65.6,0.9222,0,0,1,0,0,0,0
23,1.1,954,64.0,3.2,665,152.0,916,100.0,1119,777,11.3,69.8,0.932,0,0,1,0,0,0,0
0,1.2,987,86.33333,4.1,715,165.0,884,101.0,1145,797,11.0,68.7,0.9001,0,0,0,1,0,0,0
1,1.6,1275,153.66667,8.8,930,215.0,649,106.0,1024,1617,5.3,50.7,0.4564,1,0,0,0,0,0,0
2,2.5,1173,174.33333,7.5,878,300.0,738,129.0,1002,1355,5.9,50.0,0.4689,1,0,0,0,0,0,0
4,1.9,1054,142.33333,5.6,791,253.0,830,126.0,967,1131,4.3,55.3,0.465,1,0,0,0,0,0,0
5,1.4,1004,94.0,4.8,753,181.0,879,106.0,942,1036,4.2,57.1,0.4759,1,0,0,0,0,0,0
6,1.5,1001,87.66667,5.3,777,171.0,859,99.0,954,1009,3.5,58.3,0.4636,1,0,0,0,0,0,0
7,1.4,974,108.33333,4.5,736,168.0,888,97.0,945,966,3.0,60.7,0.4667,1,0,0,0,0,0,0
8,1.1,915,64.0,3.0,653,169.0,973,94.0,905,901,2.6,63.2,0.4721,1,0,0,0,0,0,0
9,1.0,939,69.0,3.0,649,145.0,996,86.0,897,879,3.9,59.0,0.4807,1,0,0,0,0,0,0
10,1.2,973,57.33333,4.7,748,190.0,878,97.0,968,991,4.7,57.2,0.4932,1,0,0,0,0,0,0
11,1.7,1011,82.33333,5.4,782,225.0,846,113.0,992,1019,6.8,48.6,0.4822,1,0,0,0,0,0,0
12,2.3,1097,132.0,7.4,875,261.0,778,125.0,1080,1151,8.6,43.6,0.4887,1,0,0,0,0,0,0
13,2.2,1149,211.66667,8.4,914,382.0,742,147.0,1072,1242,9.5,41.2,0.4908,1,0,0,0,0,0,0
14,2.4,1117,248.0,8.9,934,357.0,721,153.0,1075,1206,10.9,35.9,0.468,1,0,0,0,0,0,0
15,2.2,1085,143.33333,7.9,896,299.0,760,147.0,1049,1138,12.5,32.3,0.467,1,0,0,0,0,0,0
16,2.1,1102,177.33333,7.7,885,313.0,772,139.0,1051,1142,12.8,32.6,0.4814,1,0,0,0,0,0,0
17,3.0,1281,215.33333,12.1,1053,510.0,659,165.0,1192,1438,10.9,39.7,0.5166,1,0,0,0,0,0,0
18,4.7,1472,346.0,16.6,1198,832.0,555,191.0,1344,1735,9.0,51.8,0.5961,1,0,0,0,0,0,0
19,3.6,1328,164.0,11.4,1029,622.0,637,172.0,1188,1611,8.1,54.1,0.5882,1,0,0,0,0,0,0
20,2.5,1198,180.33333,7.9,897,402.0,720,151.0,1072,1436,7.8,54.6,0.5786,1,0,0,0,0,0,0
21,2.3,1176,195.0,8.1,905,334.0,718,137.0,1104,1389,6.2,59.6,0.5698,1,0,0,0,0,0,0
22,2.1,1118,161.0,6.4,830,295.0,765,130.0,1058,1313,5.7,59.9,0.5523,1,0,0,0,0,0,0
23,1.7,1091,163.0,5.2,773,222.0,820,115.0,1003,1232,5.6,59.7,0.5463,1,0,0,0,0,0,0
0,1.8,1078,83.66667,5.2,775,230.0,809,112.0,1012,1195,4.7,62.9,0.5424,0,1,0,0,0,0,0
1,1.6,1043,74.0,4.3,726,195.0,875,105.0,972,1107,4.5,63.5,0.5411,0,1,0,0,0,0,0
2,1.3,992,76.66667,3.6,685,167.0,916,96.0,963,1035,4.5,63.6,0.5414,0,1,0,0,0,0,0
4,1.3,947,72.0,3.3,673,148.0,929,87.0,974,929,3.2,68.3,0.531,0,1,0,0,0,0,0
5,1.1,923,74.66667,2.7,634,123.0,984,75.0,943,875,3.1,69.2,0.5337,0,1,0,0,0,0,0
6,1.0,911,75.66667,2.4,613,148.0,992,82.0,934,861,2.4,71.9,0.5288,0,1,0,0,0,0,0
7,1.0,924,83.66667,2.6,629,143.0,994,83.0,941,852,3.1,68.7,0.5317,0,1,0,0,0,0,0
8,1.2,954,124.33333,3.4,674,180.0,940,88.0,981,891,2.1,73.1,0.5289,0,1,0,0,0,0,0
9,1.3,960,98.33333,3.9,704,226.0,887,106.0,1003,947,3.3,68.2,0.5346,0,1,0,0,0,0,0
10,1.6,1016,107.66667,4.9,760,254.0,835,112.0,1044,1016,4.1,65.8,0.5451,0,1,0,0,0,0,0
11,2.2,1139,183.0,7.5,879,372.0,753,141.0,1092,1201,6.6,56.6,0.5528,0,1,0,0,0,0,0
12,2.2,1130,166.66667,7.1,860,379.0,752,148.0,1058,1218,8.0,51.2,0.5516,0,1,0,0,0,0,0
13,2.8,1237,111.0,9.6,962,478.0,685,171.0,1138,1385,10.3,44.9,0.5612,0,1,0,0,0,0,0
14,2.1,1159,202.66667,6.5,837,344.0,742,160.0,1087,1311,12.3,41.7,0.5961,0,1,0,0,0,0,0
15,1.6,1124,216.0,5.5,790,258.0,791,137.0,1071,1206,13.5,41.3,0.6342,0,1,0,0,0,0,0
16,2.8,1312,254.0,10.5,998,474.0,640,167.0,1249,1473,13.4,43.1,0.66,0,1,0,0,0,0,0
17,2.6,1246,188.0,8.9,936,438.0,665,164.0,1182,1460,9.9,53.3,0.6504,0,1,0,0,0,0,0
18,2.8,1232,212.66667,8.8,931,451.0,674,166.0,1171,1627,8.9,54.6,0.6226,0,1,0,0,0,0,0
19,2.9,1286,263.0,10.5,996,473.0,644,167.0,1217,1827,8.9,54.8,0.6244,0,1,0,0,0,0,0
20,3.4,1347,255.66667,13.0,1084,560.0,582,174.0,1290,2004,8.3,58.2,0.6391,0,1,0,0,0,0,0
1,1.7,1135,141.33333,5.6,792,226.0,727,120.0,1170,1151,9.5,69.5,0.8261,0,0,0,0,1,0,0
2,1.9,1188,157.66667,8.1,901,259.0,657,119.0,1261,1185,9.1,70.9,0.8176,0,0,0,0,1,0,0
4,2.0,1219,201.66667,7.7,889,260.0,649,111.0,1186,1405,7.9,72.1,0.7679,0,0,0,0,1,0,0
5,1.7,1187,169.0,6.8,850,242.0,653,109.0,1169,1383,7.6,72.7,0.7598,0,0,0,0,1,0,0
6,1.8,1225,104.33333,8.1,904,267.0,644,110.0,1194,1460,7.5,71.7,0.7439,0,0,0,0,1,0,0
7,2.2,1333,204.33333,11.1,1019,411.0,576,126.0,1275,1612,7.9,70.6,0.7562,0,0,0,0,1,0,0
8,3.7,1489,429.0,16.4,1193,670.0,497,148.0,1475,1776,8.6,69.0,0.7732,0,0,0,0,1,0,0
9,4.8,1596,509.66667,21.6,1341,830.0,436,162.0,1672,1991,9.1,67.5,0.7831,0,0,0,0,1,0,0
10,4.8,1585,440.66667,19.3,1277,845.0,456,173.0,1567,1944,9.8,65.8,0.7967,0,0,0,0,1,0,0
11,5.2,1674,661.0,22.9,1376,992.0,438,198.0,1643,2098,11.2,61.9,0.8226,0,0,0,0,1,0,0
12,5.9,1741,642.66667,25.3,1438,1130.0,416,219.0,1741,2159,12.8,60.1,0.882,0,0,0,0,1,0,0
13,5.9,1680,590.66667,25.2,1434,977.0,417,206.0,1790,2005,13.4,62.4,0.9513,0,0,0,0,1,0,0
14,3.1,1295,199.0,13.2,1090,459.0,553,155.0,1479,1441,14.3,61.2,0.9941,0,0,0,0,1,0,0
15,2.6,1288,166.0,13.9,1112,346.0,560,150.0,1492,1380,14.6,59.6,0.9824,0,0,0,0,1,0,0
16,2.8,1281,202.0,13.8,1111,383.0,553,148.0,1483,1409,14.2,60.0,0.9684,0,0,0,0,1,0,0
17,2.8,1310,215.0,13.5,1099,414.0,559,158.0,1481,1445,13.8,62.6,0.9862,0,0,0,0,1,0,0
18,2.8,1276,176.33333,13.5,1099,370.0,559,152.0,1504,1388,13.6,64.0,0.9891,0,0,0,0,1,0,0
19,3.1,1312,237.33333,15.0,1148,400.0,532,148.0,1525,1411,13.4,64.5,0.9865,0,0,0,0,1,0,0
20,3.3,1332,344.66667,14.9,1146,378.0,539,147.0,1523,1377,13.5,64.7,0.9971,0,0,0,0,1,0,0
21,2.7,1248,268.33333,11.9,1046,357.0,588,144.0,1404,1316,13.4,65.3,0.9967,0,0,0,0,1,0,0
22,2.3,1182,162.33333,9.2,947,333.0,643,144.0,1334,1210,13.2,64.5,0.9732,0,0,0,0,1,0,0
23,1.6,1059,116.0,6.0,810,227.0,764,126.0,1200,1002,13.2,62.3,0.9392,0,0,0,0,1,0,0
0,1.6,1056,94.33333,5.6,795,203.0,783,115.0,1187,896,12.5,63.7,0.9196,0,0,0,0,0,1,0
1,1.7,1064,118.33333,5.4,785,210.0,769,116.0,1184,946,12.3,64.6,0.9229,0,0,0,0,0,1,0
2,1.6,1059,113.0,5.4,783,198.0,781,112.0,1188,877,12.5,63.8,0.9244,0,0,0,0,0,1,0
4,0.7,950,43.0,2.5,622,89.0,960,67.0,1093,643,12.0,64.6,0.906,0,0,0,0,0,1,0
5,0.9,1005,45.66667,3.4,679,89.0,875,67.0,1120,745,10.7,69.5,0.8919,0,0,0,0,0,1,0
6,0.8,939,33.66667,1.8,568,101.0,1037,72.0,1054,656,12.4,62.6,0.8994,0,0,0,0,0,1,0
7,0.7,961,40.0,2.6,629,104.0,1011,69.0,1114,682,12.3,62.7,0.8947,0,0,0,0,0,1,0
8,1.1,1017,78.66667,4.0,712,192.0,827,107.0,1147,829,11.4,66.6,0.8948,0,0,0,0,0,1,0
9,1.5,1108,123.66667,6.2,823,237.0,720,117.0,1247,961,11.1,70.2,0.9276,0,0,0,0,0,1,0
10,1.5,1122,215.0,5.8,803,211.0,733,115.0,1225,960,13.4,61.0,0.9348,0,0,0,0,0,1,0
11,1.6,1099,183.33333,6.3,826,230.0,739,120.0,1223,940,15.9,52.2,0.9377,0,0,0,0,0,1,0
12,1.6,1124,98.33333,5.9,805,240.0,726,128.0,1233,938,15.6,54.0,0.9515,0,0,0,0,0,1,0
13,2.0,1186,169.0,8.5,921,295.0,660,138.0,1310,1040,16.3,51.5,0.9462,0,0,0,0,0,1,0
14,1.7,1096,126.66667,6.2,819,243.0,733,127.0,1238,904,16.5,50.8,0.9442,0,0,0,0,0,1,0
15,1.5,1120,84.66667,6.4,829,196.0,725,111.0,1259,910,16.3,51.9,0.9535,0,0,0,0,0,1,0
16,2.0,1185,125.0,7.9,893,237.0,666,122.0,1312,1011,16.2,53.0,0.9687,0,0,0,0,0,1,0
17,1.9,1173,178.66667,7.7,885,274.0,685,134.0,1288,1038,15.6,54.8,0.966,0,0,0,0,0,1,0
18,2.1,1221,199.0,8.9,935,352.0,642,153.0,1323,1144,14.5,57.5,0.944,0,0,0,0,0,1,0
19,2.8,1330,265.66667,12.4,1063,488.0,578,169.0,1419,1352,14.0,60.1,0.9566,0,0,0,0,0,1,0
20,2.7,1325,208.33333,11.3,1027,426.0,591,162.0,1394,1365,13.5,63.0,0.9686,0,0,0,0,0,1,0
21,2.4,1195,222.33333,8.4,915,376.0,666,152.0,1295,1245,12.6,65.4,0.9529,0,0,0,0,0,1,0
22,1.6,1150,254.33333,7.3,869,237.0,694,127.0,1252,1203,12.0,67.5,0.9413,0,0,0,0,0,1,0
23,1.7,1145,146.66667,5.9,806,199.0,736,112.0,1207,1120,10.5,72.0,0.912,0,0,0,0,0,1,0
0,1.3,1041,137.66667,4.3,729,164.0,819,98.0,1130,972,10.0,70.9,0.8706,0,0,0,0,0,0,1
1,1.4,1032,97.33333,3.6,687,142.0,867,89.0,1109,878,9.8,70.7,0.8571,0,0,0,0,0,0,1
2,1.2,1010,77.33333,3.1,661,142.0,881,82.0,1100,853,8.0,75.0,0.8098,0,0,0,0,0,0,1
4,1.0,944,57.33333,2.5,617,127.0,944,77.0,1039,766,7.0,77.3,0.7782,0,0,0,0,0,0,1
5,0.6,862,27.0,1.4,540,73.0,1110,55.0,999,670,7.2,74.4,0.7581,0,0,0,0,0,0,1
6,0.7,909,48.66667,1.8,567,100.0,1049,63.0,993,694,6.7,75.0,0.7418,0,0,0,0,0,0,1
7,1.0,965,48.0,3.1,659,126.0,973,69.0,1059,739,6.4,76.3,0.7389,0,0,0,0,0,0,1
8,1.7,1102,183.66667,7.6,884,284.0,719,99.0,1218,940,6.0,78.5,0.7377,0,0,0,0,0,0,1
9,3.0,1226,321.33333,15.3,1157,419.0,552,125.0,1464,1201,6.3,77.4,0.7452,0,0,0,0,0,0,1
10,2.4,1132,180.66667,9.3,950,432.0,659,123.0,1253,1106,7.7,73.8,0.7769,0,0,0,0,0,0,1
11,2.2,1183,239.0,11.0,1013,310.0,632,128.0,1306,1186,10.2,61.5,0.7638,0,0,0,0,0,0,1
12,2.6,1211,350.66667,10.6,998,446.0,605,149.0,1298,1302,11.3,58.1,0.7743,0,0,0,0,0,0,1
13,2.5,1253,189.0,11.4,1030,464.0,590,137.0,1351,1368,10.6,62.3,0.7981,0,0,0,0,0,0,1
14,3.0,1311,438.66667,13.1,1088,505.0,563,147.0,1402,1452,11.1,62.0,0.8199,0,0,0,0,0,0,1
15,3.3,1341,296.66667,14.8,1142,564.0,536,168.0,1454,1537,12.6,57.7,0.8387,0,0,0,0,0,0,1
16,3.8,1432,330.0,16.5,1195,625.0,509,180.0,1513,1651,13.3,56.2,0.8548,0,0,0,0,0,0,1
17,3.6,1404,231.33333,16.5,1195,590.0,499,170.0,1501,1623,11.2,65.3,0.8639,0,0,0,0,0,0,1
18,5.0,1493,342.33333,21.5,1337,712.0,466,180.0,1638,1742,8.8,74.6,0.8434,0,0,0,0,0,0,1
19,5.7,1478,470.0,22.2,1357,723.0,473,178.0,1652,1639,7.2,78.5,0.803,0,0,0,0,0,0,1
20,5.0,1411,336.33333,20.5,1311,707.0,487,159.0,1589,1537,6.5,80.0,0.7789,0,0,0,0,0,0,1
21,4.8,1387,330.66667,17.7,1231,737.0,523,156.0,1487,1463,5.8,83.8,0.7768,0,0,0,0,0,0,1
22,3.9,1306,148.33333,15.4,1161,646.0,557,146.0,1407,1379,5.5,83.5,0.7619,0,0,0,0,0,0,1
23,3.3,1232,154.33333,11.6,1035,536.0,623,132.0,1296,1256,5.8,81.3,0.7568,0,0,0,0,0,0,1
0,3.4,1277,220.0,13.0,1085,567.0,589,137.0,1329,1344,5.4,82.6,0.7495,1,0,0,0,0,0,0
1,2.4,1063,99.0,6.7,843,357.0,762,114.0,1125,1089,6.4,76.3,0.7369,1,0,0,0,0,0,0
2,1.4,991,67.33333,4.6,744,187.0,863,95.0,1069,949,7.0,73.6,0.7417,1,0,0,0,0,0,0
4,1.2,972,44.33333,3.4,674,169.0,926,88.0,1032,882,7.9,69.3,0.7413,1,0,0,0,0,0,0
5,1.2,973,74.66667,3.4,675,184.0,903,94.0,1029,905,7.4,71.7,0.7434,1,0,0,0,0,0,0
6,1.2,985,48.33333,3.6,691,205.0,878,97.0,1056,902,7.7,71.9,0.7575,1,0,0,0,0,0,0
7,1.3,1020,87.66667,4.5,736,213.0,854,93.0,1069,923,8.1,68.0,0.7396,1,0,0,0,0,0,0
8,2.3,1192,133.0,10.0,978,415.0,638,113.0,1273,1210,6.7,77.1,0.7597,1,0,0,0,0,0,0
9,3.4,1325,418.66667,14.7,1140,583.0,542,126.0,1403,1468,6.8,77.9,0.7756,1,0,0,0,0,0,0
10,3.0,1219,141.33333,11.3,1026,462.0,604,133.0,1311,1329,8.9,66.7,0.7634,1,0,0,0,0,0,0
11,2.5,1195,162.0,10.4,992,387.0,632,141.0,1251,1295,11.6,54.1,0.7387,1,0,0,0,0,0,0
12,2.7,1230,377.33333,11.2,1020,414.0,605,139.0,1301,1365,13.5,49.4,0.7598,1,0,0,0,0,0,0
13,2.8,1312,375.33333,13.1,1087,440.0,567,147.0,1393,1452,13.8,50.9,0.796,1,0,0,0,0,0,0
14,3.6,1387,310.33333,14.3,1127,516.0,530,175.0,1430,1615,13.4,55.9,0.8588,1,0,0,0,0,0,0
15,3.1,1375,218.33333,12.8,1076,495.0,555,180.0,1377,1599,12.9,59.0,0.8736,1,0,0,0,0,0,0
16,4.3,1532,198.0,18.9,1265,643.0,482,194.0,1578,1777,13.3,59.0,0.8945,1,0,0,0,0,0,0
17,4.6,1531,355.0,17.9,1235,725.0,484,192.0,1541,1742,13.0,61.9,0.9224,1,0,0,0,0,0,0
18,4.3,1479,275.66667,16.5,1196,683.0,498,188.0,1511,1739,12.5,63.6,0.9193,1,0,0,0,0,0,0
19,4.3,1521,260.66667,16.9,1208,681.0,497,179.0,1549,1770,12.2,65.8,0.931,1,0,0,0,0,0,0
20,5.5,1616,501.0,22.4,1363,833.0,442,196.0,1701,1918,12.6,65.2,0.9474,1,0,0,0,0,0,0
21,3.4,1371,434.66667,13.6,1105,514.0,553,169.0,1429,1581,13.3,63.6,0.9681,1,0,0,0,0,0,0
22,2.4,1198,223.33333,9.1,943,371.0,647,151.0,1307,1291,13.5,62.6,0.9644,1,0,0,0,0,0,0
23,1.6,1102,104.66667,6.0,813,213.0,764,123.0,1204,1000,14.1,59.6,0.9563,1,0,0,0,0,0,0
0,1.7,1120,84.0,6.3,826,242.0,750,127.0,1222,974,14.0,61.4,0.9773,0,1,0,0,0,0,0
1,1.6,1093,89.0,5.5,789,241.0,771,127.0,1206,949,13.5,63.4,0.9755,0,1,0,0,0,0,0
2,1.3,1112,66.0,5.6,791,218.0,764,118.0,1216,934,13.2,64.2,0.9706,0,1,0,0,0,0,0
4,0.66667,934,47.0,2.3,609,70.0,976,55.0,1094,581,13.7,61.1,0.9537,0,1,0,0,0,0,0
5,0.6,919,62.33333,1.8,571,54.0,1017,44.0,1082,521,13.5,63.8,0.9801,0,1,0,0,0,0,0
6,0.6,929,63.0,1.6,556,60.0,1035,46.0,1094,575,12.5,67.3,0.9743,0,1,0,0,0,0,0
7,0.5,919,58.0,1.6,552,55.0,1063,46.0,1080,522,13.2,64.2,0.9664,0,1,0,0,0,0,0
8,0.6,944,76.66667,2.0,586,93.0,977,61.0,1090,586,13.1,63.4,0.9535,0,1,0,0,0,0,0
9,0.7,943,83.66667,1.9,580,81.0,980,60.0,1074,566,13.8,60.5,0.9526,0,1,0,0,0,0,0
10,0.9,1036,130.33333,3.5,683,109.0,846,71.0,1144,693,13.7,60.4,0.939,0,1,0,0,0,0,0
11,1.5,1168,114.33333,5.7,797,251.0,698,111.0,1235,1022,14.0,59.7,0.9495,0,1,0,0,0,0,0
12,1.9,1232,181.0,8.1,903,284.0,626,127.0,1313,1152,15.0,56.2,0.9539,0,1,0,0,0,0,0
13,1.9,1236,121.66667,8.1,901,262.0,628,128.0,1311,1108,16.9,50.9,0.9714,0,1,0,0,0,0,0
14,2.2,1278,153.66667,12.6,1070,256.0,557,142.0,1479,1110,16.6,52.4,0.981,0,1,0,0,0,0,0
15,3.8,1369,319.66667,18.1,1242,310.0,476,145.0,1669,1306,16.4,53.2,0.9826,0,1,0,0,0,0,0
16,2.0,1182,202.66667,8.7,929,269.0,648,145.0,1324,1029,16.1,52.8,0.9579,0,1,0,0,0,0,0
17,2.2,1210,177.0,8.8,933,348.0,648,156.0,1327,1094,15.7,54.4,0.9616,0,1,0,0,0,0,0
18,3.3,1316,234.66667,14.1,1121,396.0,548,154.0,1488,1282,15.4,55.3,0.9616,0,1,0,0,0,0,0
19,2.7,1221,179.33333,9.3,952,432.0,641,165.0,1334,1147,15.2,54.7,0.9362,0,1,0,0,0,0,0
20,2.6,1260,155.0,11.6,1034,419.0,588,153.0,1402,1208,14.7,56.6,0.9392,0,1,0,0,0,0,0
21,2.5,1231,169.33333,9.6,962,412.0,625,151.0,1348,1192,14.4,58.2,0.9495,0,1,0,0,0,0,0
22,1.5,1115,131.0,5.8,804,223.0,734,131.0,1220,1136,14.3,59.2,0.9608,0,1,0,0,0,0,0
23,1.9,1180,161.0,7.5,877,242.0,680,128.0,1297,1131,14.0,60.4,0.9622,0,1,0,0,0,0,0
0,2.0,1174,162.33333,7.4,873,288.0,672,137.0,1300,1071,13.7,63.6,0.9912,0,0,1,0,0,0,0
1,1.7,1178,114.0,7.4,876,209.0,666,119.0,1319,1059,13.1,68.7,1.0329,0,0,1,0,0,0,0
2,1.2,1052,105.66667,3.9,704,141.0,807,96.0,1210,909,13.2,69.9,1.0526,0,0,1,0,0,0,0
4,0.6,960,87.33333,1.3,532,66.0,1059,60.0,1122,724,12.9,70.4,1.0444,0,0,1,0,0,0,0
5,0.9,958,57.33333,1.8,571,64.0,998,54.0,1138,707,12.4,72.5,1.0411,0,0,1,0,0,0,0
6,1.3,989,84.0,3.0,650,105.0,900,66.0,1171,768,13.0,70.3,1.0502,0,0,1,0,0,0,0
7,0.4,1162,133.33333,6.7,843,303.0,685,104.0,1336,1027,12.3,73.3,1.0448,0,0,1,0,0,0,0
8,2.6,1523,553.66667,21.0,1324,620.0,451,137.0,1776,1502,12.8,71.8,1.0551,0,0,1,0,0,0,0
9,3.5,1511,741.0,21.4,1334,590.0,433,146.0,1804,1606,13.1,70.2,1.0567,0,0,1,0,0,0,0
10,2.1,1420,446.0,16.1,1183,592.0,488,136.0,1626,1520,12.8,71.8,1.0551,0,0,1,0,0,0,0
11,2.1,1413,586.33333,16.4,1193,698.0,484,144.0,1598,1566,13.1,70.3,1.0566,0,0,1,0,0,0,0
12,1.7,1335,494.33333,14.8,1141,482.0,512,133.0,1536,1501,13.7,67.0,1.0446,0,0,1,0,0,0,0
13,2.6,1451,345.0,20.1,1298,575.0,452,148.0,1744,1634,14.0,65.4,1.0427,0,0,1,0,0,0,0
14,2.6,1410,486.0,19.3,1276,548.0,459,155.0,1701,1587,14.4,63.8,1.0421,0,0,1,0,0,0,0
15,2.4,1429,239.33333,19.3,1277,498.0,456,152.0,1721,1560,14.1,65.9,1.0531,0,0,1,0,0,0,0
16,2.4,1409,277.66667,17.4,1223,479.0,475,145.0,1640,1538,14.1,65.9,1.0552,0,0,1,0,0,0,0
17,2.0,1372,215.0,17.0,1210,420.0,484,139.0,1629,1491,14.1,66.0,1.0539,0,0,1,0,0,0,0
18,2.0,1366,329.0,17.1,1213,378.0,489,134.0,1611,1469,14.0,66.4,1.0536,0,0,1,0,0,0,0
19,3.1,1365,500.66667,16.4,1192,340.0,492,128.0,1593,1486,13.8,66.4,1.0451,0,0,1,0,0,0,0
20,3.3,1385,324.33333,17.3,1218,399.0,478,135.0,1620,1494,13.4,68.1,1.0441,0,0,1,0,0,0,0
21,3.3,1361,373.66667,14.6,1137,449.0,503,136.0,1526,1471,13.2,69.1,1.0452,0,0,1,0,0,0,0
22,2.6,1312,272.33333,11.9,1047,374.0,545,126.0,1430,1399,13.0,70.0,1.042,0,0,1,0,0,0,0
23,1.7,1177,184.33333,7.3,871,244.0,660,116.0,1292,1192,12.7,69.9,1.0223,0,0,1,0,0,0,0
0,1.8,1205,197.33333,7.7,888,256.0,647,116.0,1292,1187,12.0,71.9,1.0071,0,0,0,1,0,0,0
1,1.5,1114,84.0,4.9,757,212.0,744,107.0,1204,1070,13.2,66.8,1.0087,0,0,0,1,0,0,0
2,1.1,1047,68.66667,3.9,708,146.0,816,91.0,1167,949,12.4,69.5,0.9986,0,0,0,1,0,0,0
4,0.7,992,64.33333,2.9,644,96.0,899,70.0,1128,854,11.8,70.6,0.9731,0,0,0,1,0,0,0
5,0.7,977,56.0,2.6,629,106.0,908,78.0,1129,835,12.3,68.0,0.9734,0,0,0,1,0,0,0
6,0.9,1047,41.0,3.3,671,115.0,863,75.0,1147,887,12.0,69.2,0.9697,0,0,0,1,0,0,0
7,1.3,1126,89.33333,5.2,775,236.0,760,101.0,1205,1019,11.7,69.8,0.9612,0,0,0,1,0,0,0
8,3.2,1474,304.66667,19.0,1268,583.0,502,136.0,1677,1503,12.1,67.6,0.95,0,0,0,1,0,0,0
9,5.1,1526,663.66667,26.5,1466,662.0,415,147.0,1855,1687,12.5,65.1,0.9399,0,0,0,1,0,0,0
10,3.7,1386,514.33333,15.3,1158,528.0,518,143.0,1485,1553,12.8,62.5,0.9213,0,0,0,1,0,0,0
11,3.2,1392,361.0,15.6,1166,549.0,519,153.0,1488,1624,13.4,59.9,0.9143,0,0,0,1,0,0,0
12,3.1,1363,377.33333,16.4,1192,531.0,499,148.0,1501,1637,13.4,57.9,0.8895,0,0,0,1,0,0,0
13,3.0,1331,455.66667,16.1,1184,493.0,507,149.0,1508,1533,13.6,56.4,0.8754,0,0,0,1,0,0,0
14,3.6,1401,303.66667,18.8,1261,527.0,479,141.0,1580,1577,13.8,56.3,0.8841,0,0,0,1,0,0,0
15,3.2,1374,267.66667,18.0,1239,487.0,483,147.0,1569,1532,13.7,57.9,0.9063,0,0,0,1,0,0,0
16,3.9,1436,186.33333,20.1,1299,581.0,451,159.0,1616,1621,13.6,58.9,0.9139,0,0,0,1,0,0,0
17,3.4,1386,187.0,17.6,1228,531.0,479,152.0,1546,1578,13.4,59.7,0.9142,0,0,0,1,0,0,0
18,3.9,1419,327.66667,19.3,1277,495.0,459,144.0,1603,1631,13.3,61.2,0.933,0,0,0,1,0,0,0
19,3.6,1428,633.66667,19.7,1288,487.0,465,146.0,1580,1629,13.2,61.8,0.9313,0,0,0,1,0,0,0
20,4.7,1508,574.33333,24.5,1416,596.0,418,162.0,1773,1733,12.9,61.5,0.9139,0,0,0,1,0,0,0
21,4.1,1438,543.66667,18.4,1251,595.0,470,156.0,1593,1622,12.6,63.9,0.9307,0,0,0,1,0,0,0
22,3.4,1415,316.0,16.6,1197,559.0,486,146.0,1539,1597,12.0,67.4,0.9417,0,0,0,1,0,0,0
23,3.5,1433,192.0,16.2,1186,586.0,479,151.0,1497,1738,11.9,69.0,0.9568,0,0,0,1,0,0,0
0,1.2,1208,223.66667,9.6,964,399.0,602,127.0,1305,1350,12.0,66.6,0.9293,0,0,0,0,1,0,0
1,2.4,1280,153.33333,11.4,1029,399.0,564,123.0,1366,1363,11.4,69.6,0.9373,0,0,0,0,1,0,0
2,2.1,1174,95.66667,9.1,942,381.0,626,122.0,1296,1262,11.2,70.3,0.9323,0,0,0,0,1,0,0
4,0.86667,1002,54.66667,4.2,722,162.0,807,85.0,1161,998,10.7,71.3,0.9161,0,0,0,0,1,0,0
5,1.0,1018,66.33333,4.7,746,183.0,800,83.0,1171,958,10.0,74.8,0.9161,0,0,0,0,1,0,0
6,1.4,1095,74.66667,7.3,868,357.0,676,98.0,1241,1078,9.2,78.5,0.9143,0,0,0,0,1,0,0
7,1.8,1182,125.0,9.3,951,479.0,634,109.0,1327,1143,8.8,79.4,0.9033,0,0,0,0,1,0,0
8,3.8,1478,304.66667,17.8,1234,852.0,470,138.0,1606,1551,8.7,79.4,0.8944,0,0,0,0,1,0,0
9,4.1,1515,519.66667,20.1,1298,822.0,434,138.0,1706,1669,8.9,76.5,0.8767,0,0,0,0,1,0,0
10,4.4,1488,536.66667,19.6,1286,910.0,452,170.0,1648,1766,9.9,73.3,0.8936,0,0,0,0,1,0,0
11,3.5,1383,429.0,16.5,1196,800.0,497,191.0,1514,1717,11.8,65.5,0.901,0,0,0,0,1,0,0
12,3.5,1383,391.0,17.3,1218,758.0,497,196.0,1506,1738,13.0,60.9,0.9061,0,0,0,0,1,0,0
13,3.8,1337,309.33333,17.7,1231,647.0,505,185.0,1518,1611,14.7,52.3,0.8687,0,0,0,0,1,0,0
14,3.1,1243,290.33333,15.2,1155,431.0,546,156.0,1473,1398,15.1,49.6,0.8428,0,0,0,0,1,0,0
15,3.4,1304,249.0,18.2,1244,491.0,507,173.0,1558,1497,15.7,48.8,0.8657,0,0,0,0,1,0,0
16,3.3,1284,207.33333,17.2,1216,476.0,522,166.0,1545,1415,15.8,48.9,0.8707,0,0,0,0,1,0,0
17,3.4,1303,210.66667,17.6,1226,538.0,521,173.0,1554,1457,14.6,54.0,0.8946,0,0,0,0,1,0,0
18,4.7,1461,342.33333,25.4,1440,621.0,440,177.0,1806,1669,14.3,56.3,0.9119,0,0,0,0,1,0,0
19,5.7,1517,452.66667,28.4,1512,728.0,421,182.0,1902,1740,14.1,57.8,0.9262,0,0,0,0,1,0,0
20,5.6,1526,511.33333,27.5,1492,716.0,428,166.0,1883,1770,13.1,62.9,0.943,0,0,0,0,1,0,0
21,5.9,1495,574.66667,23.3,1386,782.0,457,177.0,1736,1734,12.0,67.5,0.9467,0,0,0,0,1,0,0
22,3.6,1333,253.66667,15.2,1154,550.0,534,158.0,1441,1647,10.7,70.9,0.9113,0,0,0,0,1,0,0
23,2.5,1216,174.66667,11.1,1020,377.0,605,133.0,1337,1379,10.0,73.2,0.8988,0,0,0,0,1,0,0
0,2.9,1232,168.33333,11.5,1032,391.0,599,123.0,1347,1331,9.4,75.0,0.8874,0,0,0,0,0,1,0
1,2.5,1181,123.66667,10.2,985,433.0,629,120.0,1312,1240,8.5,76.9,0.8557,0,0,0,0,0,1,0
2,1.7,1042,85.33333,6.0,814,287.0,746,105.0,1167,1036,8.4,75.9,0.8407,0,0,0,0,0,1,0
4,1.1,915,54.66667,3.7,695,192.0,883,86.0,1094,826,6.2,82.1,0.7825,0,0,0,0,0,1,0
5,0.9,891,82.66667,3.2,666,161.0,931,77.0,1058,798,7.0,77.3,0.7759,0,0,0,0,0,1,0
6,1.0,937,68.0,3.7,694,194.0,915,81.0,1054,817,6.5,79.7,0.7751,0,0,0,0,0,1,0
7,1.6,1086,52.33333,8.0,901,343.0,715,103.0,1216,1055,7.7,76.8,0.8112,0,0,0,0,0,1,0
8,3.1,1326,222.33333,16.3,1190,624.0,531,127.0,1509,1391,8.2,74.9,0.8184,0,0,0,0,0,1,0
9,4.1,1469,569.0,24.0,1403,758.0,452,134.0,1780,1665,8.8,73.2,0.8298,0,0,0,0,0,1,0
10,3.9,1321,635.0,15.7,1170,760.0,532,158.0,1488,1539,9.7,70.1,0.8432,0,0,0,0,0,1,0
11,3.6,1396,435.66667,16.5,1196,713.0,524,175.0,1492,1653,11.7,62.7,0.8586,0,0,0,0,0,1,0
12,3.2,1270,377.33333,12.8,1077,615.0,583,178.0,1353,1586,13.1,58.5,0.877,0,0,0,0,0,1,0
13,2.2,1189,328.33333,11.3,1025,319.0,626,135.0,1316,1332,14.2,54.1,0.8707,0,0,0,0,0,1,0
14,2.4,1227,303.66667,12.9,1081,338.0,570,133.0,1396,1369,14.2,54.3,0.8757,0,0,0,0,0,1,0
15,2.7,1266,300.0,14.1,1118,380.0,564,134.0,1410,1373,14.0,56.3,0.894,0,0,0,0,0,1,0
16,2.7,1277,159.0,15.8,1175,366.0,531,137.0,1480,1397,13.5,57.8,0.8933,0,0,0,0,0,1,0
17,3.9,1438,232.33333,19.9,1295,567.0,470,160.0,1620,1577,12.3,63.0,0.9015,0,0,0,0,0,1,0
18,5.2,1523,311.33333,26.6,1470,702.0,414,166.0,1811,1783,11.4,68.0,0.9166,0,0,0,0,0,1,0
19,4.0,1384,439.33333,19.8,1290,523.0,475,144.0,1571,1568,10.8,69.5,0.8995,0,0,0,0,0,1,0
20,2.9,1283,163.33333,13.3,1093,373.0,581,129.0,1354,1356,11.0,67.1,0.8766,0,0,0,0,0,1,0
21,3.3,1304,317.0,13.0,1085,467.0,571,129.0,1385,1419,9.5,71.3,0.8458,0,0,0,0,0,1,0
22,2.0,1126,127.0,7.5,880,260.0,690,107.0,1202,1177,8.8,71.0,0.8089,0,0,0,0,0,1,0
23,1.8,1141,121.33333,7.8,892,244.0,686,101.0,1213,1141,8.0,73.4,0.7899,0,0,0,0,0,1,0
0,2.7,1183,147.66667,8.8,930,317.0,669,112.0,1210,1179,7.6,73.0,0.7629,0,0,0,0,0,0,1
1,1.8,1090,114.0,6.4,830,224.0,744,98.0,1125,1056,7.1,73.9,0.7515,0,0,0,0,0,0,1
2,1.3,1032,77.66667,4.5,736,176.0,809,90.0,1064,973,7.1,73.5,0.7439,0,0,0,0,0,0,1
4,1.1,981,69.0,4.2,721,103.0,866,59.0,1059,836,5.1,81.3,0.7204,0,0,0,0,0,0,1
5,1.6,1104,83.66667,6.9,851,367.0,687,98.0,1101,1085,4.3,82.9,0.6968,0,0,0,0,0,0,1
6,1.3,989,80.33333,5.0,762,326.0,793,109.0,1076,959,5.3,80.4,0.7234,0,0,0,0,0,0,1
7,1.4,1079,239.66667,7.3,869,374.0,732,110.0,1160,1039,5.7,79.3,0.7326,0,0,0,0,0,0,1
8,5.0,1472,462.33333,24.5,1418,756.0,459,159.0,1681,1554,6.8,74.8,0.7423,0,0,0,0,0,0,1
9,4.3,1313,680.0,16.9,1206,690.0,513,144.0,1469,1546,6.9,75.2,0.7505,0,0,0,0,0,0,1
10,4.1,1363,401.33333,17.7,1229,754.0,515,147.0,1490,1638,8.0,71.9,0.7712,0,0,0,0,0,0,1
11,3.8,1347,560.0,17.1,1212,750.0,527,179.0,1443,1568,9.3,67.1,0.7849,0,0,0,0,0,0,1
12,3.1,1240,494.33333,14.7,1140,590.0,567,164.0,1388,1433,10.2,63.6,0.7928,0,0,0,0,0,0,1
13,3.3,1280,448.66667,17.4,1222,525.0,526,160.0,1519,1452,11.0,60.9,0.7966,0,0,0,0,0,0,1
14,3.1,1210,389.33333,15.1,1151,406.0,569,143.0,1428,1345,11.3,60.1,0.8022,0,0,0,0,0,0,1
15,2.7,1216,234.33333,14.5,1134,360.0,566,138.0,1403,1336,12.2,56.9,0.8068,0,0,0,0,0,0,1
16,3.4,1320,259.66667,16.9,1207,448.0,535,143.0,1498,1442,11.9,59.1,0.8211,0,0,0,0,0,0,1
17,5.0,1477,265.66667,24.3,1412,733.0,450,196.0,1704,1748,10.3,66.3,0.8286,0,0,0,0,0,0,1
18,5.7,1500,339.66667,26.1,1458,847.0,428,197.0,1750,1776,8.2,74.9,0.8187,0,0,0,0,0,0,1
19,5.8,1512,335.0,26.4,1463,765.0,435,189.0,1720,1802,7.9,77.1,0.8223,0,0,0,0,0,0,1
20,5.8,1496,566.0,25.7,1447,715.0,435,188.0,1710,1796,8.3,75.0,0.8253,0,0,0,0,0,0,1
21,5.0,1360,309.66667,18.2,1246,716.0,513,190.0,1504,1600,8.2,75.2,0.8185,0,0,0,0,0,0,1
22,1.7,1024,116.0,6.2,819,235.0,782,126.0,1101,1083,8.3,69.7,0.7632,0,0,0,0,0,0,1
23,1.6,1094,110.0,6.7,845,198.0,780,113.0,1127,1064,6.7,74.4,0.7344,0,0,0,0,0,0,1
0,2.3,1111,155.33333,7.5,877,293.0,735,129.0,1142,1104,6.4,74.9,0.7238,1,0,0,0,0,0,0
1,2.4,1097,76.33333,7.5,878,356.0,737,128.0,1140,1053,4.9,80.1,0.7011,1,0,0,0,0,0,0
2,2.0,1051,86.0,6.2,820,285.0,778,122.0,1087,1009,4.8,79.4,0.6872,1,0,0,0,0,0,0
4,1.06667,978,71.33333,4.8,756,266.0,834,115.0,1015,878,2.4,86.6,0.6369,1,0,0,0,0,0,0
5,1.1,902,96.66667,3.1,659,158.0,940,92.0,972,800,3.4,81.4,0.6425,1,0,0,0,0,0,0
6,1.0,957,57.0,2.8,641,95.0,1013,70.0,940,784,4.2,77.0,0.6439,1,0,0,0,0,0,0
7,1.3,973,40.66667,4.3,728,148.0,902,83.0,1004,854,3.5,80.8,0.6406,1,0,0,0,0,0,0
8,1.9,1074,127.66667,9.7,967,337.0,703,127.0,1201,1065,3.5,80.3,0.6366,1,0,0,0,0,0,0
9,2.6,1115,104.66667,10.9,1012,453.0,650,142.0,1230,1161,4.0,78.5,0.645,1,0,0,0,0,0,0
10,2.7,1136,145.33333,10.6,1001,497.0,653,155.0,1216,1192,4.5,76.6,0.6534,1,0,0,0,0,0,0
11,2.4,1128,192.33333,10.0,977,448.0,673,153.0,1199,1202,5.6,72.3,0.6627,1,0,0,0,0,0,0
12,2.7,1196,178.66667,11.6,1035,496.0,633,177.0,1259,1338,7.5,64.4,0.672,1,0,0,0,0,0,0
13,3.1,1267,281.33333,15.6,1166,535.0,567,179.0,1382,1505,8.9,60.8,0.6921,1,0,0,0,0,0,0
14,4.4,1355,385.0,18.1,1244,644.0,536,212.0,1454,1715,10.6,55.3,0.7058,1,0,0,0,0,0,0
15,3.2,1194,271.33333,12.3,1061,459.0,622,182.0,1257,1473,12.3,46.3,0.6597,1,0,0,0,0,0,0
16,2.9,1188,241.0,11.4,1029,409.0,635,168.0,1243,1433,12.2,47.0,0.6686,1,0,0,0,0,0,0
17,3.0,1279,183.66667,15.2,1154,515.0,573,179.0,1391,1544,10.5,55.1,0.6993,1,0,0,0,0,0,0
18,3.7,1361,229.0,17.4,1223,640.0,525,182.0,1454,1648,8.7,66.3,0.7491,1,0,0,0,0,0,0
19,5.2,1474,492.33333,20.8,1319,816.0,496,194.0,1524,1784,7.9,69.9,0.7487,1,0,0,0,0,0,0
20,3.3,1235,176.66667,12.8,1078,505.0,616,166.0,1265,1519,7.6,65.3,0.6842,1,0,0,0,0,0,0
21,3.6,1289,212.66667,14.7,1140,560.0,590,168.0,1317,1532,6.5,67.6,0.6608,1,0,0,0,0,0,0
22,2.3,1124,166.0,8.3,910,389.0,717,148.0,1112,1340,5.9,66.4,0.6226,1,0,0,0,0,0,0
23,3.0,1231,169.66667,11.1,1017,492.0,655,151.0,1207,1414,5.2,70.0,0.6232,1,0,0,0,0,0,0
0,3.8,1289,238.33333,13.6,1104,531.0,623,165.0,1257,1499,5.2,67.8,0.6028,0,1,0,0,0,0,0
1,3.2,1166,202.0,9.8,970,487.0,705,165.0,1136,1306,4.9,67.1,0.5863,0,1,0,0,0,0,0
2,2.1,1062,136.66667,7.6,884,293.0,748,128.0,1062,1172,5.1,65.5,0.5811,0,1,0,0,0,0,0
4,1.7,1003,104.66667,5.9,807,219.0,819,115.0,1021,1005,3.7,68.9,0.5549,0,1,0,0,0,0,0
5,1.4,929,74.66667,4.2,721,198.0,923,120.0,956,913,4.5,62.7,0.5343,0,1,0,0,0,0,0
6,1.2,951,44.33333,4.5,737,166.0,910,106.0,977,922,4.7,62.3,0.5368,0,1,0,0,0,0,0
7,1.4,1011,67.33333,5.4,783,255.0,835,118.0,1013,1026,3.9,67.1,0.5483,0,1,0,0,0,0,0
8,1.4,939,77.66667,4.8,751,312.0,898,156.0,984,952,5.7,54.5,0.5034,0,1,0,0,0,0,0
9,1.7,946,106.66667,6.3,827,236.0,876,130.0,1037,915,6.1,50.3,0.4769,0,1,0,0,0,0,0
10,1.0,841,65.33333,2.6,625,172.0,1054,112.0,846,687,9.0,39.5,0.4554,0,1,0,0,0,0,0
11,1.0,850,49.0,2.6,629,138.0,1076,96.0,847,597,10.7,34.4,0.4406,0,1,0,0,0,0,0
12,0.8,831,49.66667,2.2,602,121.0,1123,89.0,824,527,11.1,33.4,0.4401,0,1,0,0,0,0,0
13,1.0,866,46.66667,3.0,652,143.0,1060,98.0,857,573,11.9,30.8,0.4285,0,1,0,0,0,0,0
14,0.8,819,43.33333,1.9,576,114.0,1142,85.0,809,492,11.4,32.0,0.431,0,1,0,0,0,0,0
15,0.7,833,45.66667,2.0,584,107.0,1144,80.0,821,463,11.3,32.5,0.4334,0,1,0,0,0,0,0
16,1.1,877,72.66667,2.8,642,176.0,1037,112.0,859,565,11.0,33.0,0.4331,0,1,0,0,0,0,0
17,1.1,892,57.33333,3.3,668,180.0,1017,121.0,872,632,10.3,35.0,0.4377,0,1,0,0,0,0,0
18,1.2,899,99.33333,3.4,674,212.0,1002,132.0,893,691,8.4,40.9,0.4542,0,1,0,0,0,0,0
19,2.0,1008,151.66667,7.1,861,331.0,839,160.0,977,943,8.3,38.5,0.4228,0,1,0,0,0,0,0
20,2.2,1013,147.33333,7.4,873,369.0,820,167.0,984,985,8.1,37.9,0.41,0,1,0,0,0,0,0
21,1.5,912,66.33333,4.3,730,274.0,959,157.0,893,821,7.7,39.0,0.4106,0,1,0,0,0,0,0
22,1.2,907,96.33333,3.9,705,199.0,995,130.0,880,767,7.0,41.5,0.4193,0,1,0,0,0,0,0
23,1.5,953,118.0,5.2,771,248.0,905,145.0,936,895,6.6,42.6,0.4179,0,1,0,0,0,0,0
0,1.4,916,76.33333,3.8,701,197.0,954,133.0,899,791,6.4,44.2,0.428,0,0,1,0,0,0,0
1,1.2,894,60.0,3.5,682,147.0,991,110.0,881,770,6.0,46.0,0.4349,0,0,1,0,0,0,0
2,1.0,895,58.33333,2.9,648,135.0,1001,100.0,875,839,4.4,53.1,0.4484,0,0,1,0,0,0,0
4,0.7,837,48.66667,1.1,512,95.0,1228,79.0,836,720,3.7,55.8,0.4489,0,0,1,0,0,0,0
5,0.5,795,41.0,1.0,504,94.0,1258,79.0,840,682,2.6,58.6,0.4385,0,0,1,0,0,0,0
6,0.7,874,53.0,1.6,552,121.0,1162,90.0,857,723,3.2,56.0,0.4364,0,0,1,0,0,0,0
7,1.0,920,49.33333,3.2,667,131.0,1005,95.0,916,813,3.6,55.4,0.4419,0,0,1,0,0,0,0
8,3.0,1257,161.33333,15.9,1176,552.0,612,169.0,1357,1365,1.8,63.3,0.4464,0,0,1,0,0,0,0
9,4.1,1222,617.0,18.0,1239,614.0,574,199.0,1346,1472,2.4,60.2,0.4426,0,0,1,0,0,0,0
10,3.1,1196,240.33333,14.7,1139,530.0,617,186.0,1271,1497,4.6,52.1,0.4472,0,0,1,0,0,0,0
11,3.8,1214,469.0,15.1,1153,721.0,612,208.0,1244,1626,8.2,40.5,0.4414,0,0,1,0,0,0,0
12,2.7,1149,331.33333,13.4,1096,474.0,639,178.0,1219,1476,10.5,34.7,0.4393,0,0,1,0,0,0,0
13,3.1,1166,398.33333,14.5,1134,514.0,603,176.0,1227,1531,11.1,33.3,0.4384,0,0,1,0,0,0,0
14,3.1,1170,410.66667,14.7,1138,504.0,611,177.0,1233,1503,11.1,32.6,0.4292,0,0,1,0,0,0,0
15,3.2,1176,211.66667,17.0,1209,508.0,588,182.0,1264,1488,12.4,28.3,0.4076,0,0,1,0,0,0,0
16,3.3,1147,200.0,15.3,1158,529.0,615,182.0,1200,1435,12.9,24.5,0.363,0,0,1,0,0,0,0
17,4.0,1294,172.33333,21.2,1330,676.0,535,193.0,1363,1725,11.4,28.7,0.3865,0,0,1,0,0,0,0
18,8.6,1683,343.33333,43.0,1831,1216.0,374,272.0,1964,2331,9.2,39.3,0.4573,0,0,1,0,0,0,0
19,8.7,1615,533.0,37.2,1712,1230.0,384,225.0,1811,2312,7.8,48.1,0.5115,0,0,1,0,0,0,0
20,3.6,1256,442.66667,16.7,1201,582.0,563,181.0,1251,1699,7.2,50.6,0.517,0,0,1,0,0,0,0
21,3.0,1205,244.33333,13.4,1098,460.0,610,172.0,1170,1587,6.0,53.3,0.5008,0,0,1,0,0,0,0
22,1.9,1087,133.0,8.7,926,340.0,715,153.0,1053,1390,5.3,55.0,0.4921,0,0,1,0,0,0,0
23,1.9,1092,112.33333,7.4,875,298.0,751,143.0,1010,1347,4.2,58.1,0.4832,0,0,1,0,0,0,0
0,1.6,1039,120.0,6.7,845,300.0,775,142.0,993,1268,3.4,60.9,0.4809,0,0,0,1,0,0,0
1,1.4,1001,112.33333,5.0,762,223.0,850,131.0,948,1155,3.0,60.2,0.4639,0,0,0,1,0,0,0
2,1.0,925,49.0,3.4,677,151.0,958,105.0,901,1024,3.2,58.8,0.4578,0,0,0,1,0,0,0
4,0.6,873,30.66667,2.1,592,108.0,1076,83.0,869,915,4.5,53.8,0.4572,0,0,0,1,0,0,0
5,0.8,880,41.33333,2.5,618,125.0,1023,87.0,893,928,3.1,59.7,0.4604,0,0,0,1,0,0,0
6,0.9,950,55.33333,3.5,680,181.0,936,106.0,914,1028,4.2,57.1,0.4743,0,0,0,1,0,0,0
7,1.5,1039,82.0,6.9,855,341.0,783,140.0,1025,1210,3.4,58.5,0.4608,0,0,0,1,0,0,0
8,3.1,1284,458.66667,16.8,1204,552.0,599,167.0,1337,1531,3.9,57.3,0.4661,0,0,0,1,0,0,0
9,5.1,1350,613.33333,20.3,1305,839.0,509,175.0,1383,1745,4.3,56.8,0.4768,0,0,0,1,0,0,0
10,5.8,1476,569.0,25.0,1428,1049.0,477,235.0,1536,1974,5.6,52.9,0.4841,0,0,0,1,0,0,0
11,3.8,1342,452.66667,17.2,1215,796.0,542,196.0,1332,1806,5.5,54.9,0.4985,0,0,0,1,0,0,0
12,4.4,1488,459.0,21.4,1336,999.0,479,211.0,1483,1985,5.1,64.3,0.5697,0,0,0,1,0,0,0
13,4.9,1557,371.66667,25.1,1432,1022.0,445,234.0,1605,2068,5.5,66.1,0.601,0,0,0,1,0,0,0
14,5.2,1610,410.33333,28.0,1502,1023.0,420,240.0,1697,2087,5.5,69.3,0.6331,0,0,0,1,0,0,0
15,4.6,1583,306.33333,26.1,1457,1065.0,431,243.0,1640,1994,5.0,75.5,0.6667,0,0,0,1,0,0,0
16,4.8,1620,308.66667,24.7,1420,1098.0,436,224.0,1598,1971,5.2,76.2,0.6796,0,0,0,1,0,0,0
17,4.9,1605,265.66667,24.5,1416,1099.0,436,240.0,1614,1941,5.3,77.4,0.6954,0,0,0,1,0,0,0
18,4.9,1604,470.66667,27.7,1496,939.0,410,215.0,1733,1969,5.0,79.6,0.7022,0,0,0,1,0,0,0
19,5.5,1582,477.0,26.0,1455,875.0,423,216.0,1725,1813,5.1,83.0,0.7352,0,0,0,1,0,0,0
20,4.2,1523,424.33333,21.7,1342,745.0,466,184.0,1588,1677,6.4,82.9,0.8022,0,0,0,1,0,0,0
21,1.5,1172,130.0,6.0,813,339.0,774,152.0,1233,1118,10.3,74.0,0.9237,0,0,0,1,0,0,0
22,0.1,1021,115.33333,3.3,670,135.0,932,104.0,1187,828,11.3,71.8,0.9577,0,0,0,1,0,0,0
23,0.2,1125,130.66667,4.9,758,167.0,820,104.0,1241,867,9.8,81.9,0.9923,0,0,0,1,0,0,0
0,0.9,1197,146.33333,6.6,840,232.0,712,124.0,1298,974,9.5,83.8,0.9972,0,0,0,0,1,0,0
1,1.0,1174,100.0,6.7,842,273.0,723,127.0,1286,975,9.9,81.0,0.9885,0,0,0,0,1,0,0
2,0.4,1106,83.0,4.4,733,165.0,822,109.0,1208,902,9.9,79.8,0.9725,0,0,0,0,1,0,0
4,0.43333,828,39.33333,1.1,506,75.0,1222,73.0,945,673,4.8,75.7,0.659,0,0,0,0,1,0,0
5,0.83333,830,60.0,0.9,492,53.0,1263,52.0,948,578,4.7,78.9,0.682,0,0,0,0,1,0,0
6,0.46667,840,39.0,1.2,515,72.0,1235,57.0,941,563,5.0,75.0,0.6627,0,0,0,0,1,0,0
7,0.1,909,61.66667,2.5,622,130.0,1046,89.0,992,730,5.6,69.5,0.6362,0,0,0,0,1,0,0
8,0.7,1098,164.0,7.6,881,265.0,760,128.0,1203,974,7.0,64.9,0.6512,0,0,0,0,1,0,0
9,1.2,1036,101.66667,7.3,868,314.0,732,152.0,1158,958,7.1,65.4,0.6644,0,0,0,0,1,0,0
10,0.2,912,152.0,3.7,692,194.0,923,128.0,1020,713,6.4,67.4,0.6537,0,0,0,0,1,0,0
11,1.13333,873,98.66667,2.5,618,180.0,1036,124.0,994,617,5.3,75.9,0.6824,0,0,0,0,1,0,0
12,1.0,889,70.66667,2.7,634,181.0,1009,117.0,1018,591,6.3,73.0,0.7024,0,0,0,0,1,0,0
13,0.3,965,101.66667,4.6,742,193.0,889,110.0,1099,661,8.6,63.3,0.7073,0,0,0,0,1,0,0
14,0.6,1009,202.0,6.7,845,263.0,771,128.0,1132,856,10.0,55.0,0.6753,0,0,0,0,1,0,0
15,0.2,918,110.0,4.3,729,176.0,904,114.0,1014,639,9.4,53.6,0.6333,0,0,0,0,1,0,0
16,0.2,920,141.0,4.3,729,168.0,891,110.0,1013,647,9.2,55.0,0.6402,0,0,0,0,1,0,0
17,0.7,923,105.66667,4.1,715,170.0,915,112.0,1015,646,8.7,55.1,0.6228,0,0,0,0,1,0,0
18,1.8,1021,204.66667,7.6,883,234.0,766,130.0,1139,846,8.9,54.4,0.62,0,0,0,0,1,0,0
19,2.2,998,244.66667,7.0,858,256.0,770,135.0,1109,857,8.6,53.6,0.5992,0,0,0,0,1,0,0
20,2.3,1061,240.0,9.6,962,257.0,721,141.0,1167,942,9.0,50.4,0.5809,0,0,0,0,1,0,0
21,2.6,1016,283.66667,7.8,892,317.0,758,141.0,1109,945,9.2,49.8,0.5808,0,0,0,0,1,0,0
22,1.1,859,58.33333,2.4,611,135.0,1053,95.0,918,562,8.8,52.1,0.5918,0,0,0,0,1,0,0
23,1.2,945,65.66667,3.9,707,159.0,963,97.0,1005,657,8.8,50.9,0.5781,0,0,0,0,1,0,0
0,1.8,937,143.66667,4.1,715,186.0,896,112.0,995,723,8.7,51.1,0.5755,0,0,0,0,0,1,0
1,1.1,876,74.33333,2.5,618,102.0,1032,74.0,948,555,8.6,51.5,0.5772,0,0,0,0,0,1,0
2,0.9,831,70.33333,1.3,530,75.0,1169,62.0,893,472,8.5,51.9,0.5766,0,0,0,0,0,1,0
4,0.6,810,38.66667,0.7,470,41.0,1315,40.0,863,412,7.8,54.2,0.5755,0,0,0,0,0,1,0
5,0.6,822,33.66667,0.9,493,50.0,1278,45.0,876,453,7.1,56.0,0.569,0,0,0,0,0,1,0
6,0.9,898,51.0,2.9,646,189.0,1013,93.0,954,702,7.0,57.6,0.5784,0,0,0,0,0,1,0
7,1.0,909,48.0,2.7,636,182.0,992,104.0,947,720,7.5,55.3,0.5734,0,0,0,0,0,1,0
8,3.4,1256,154.0,14.4,1130,636.0,616,162.0,1316,1311,7.0,56.3,0.566,0,0,0,0,0,1,0
9,4.2,1298,642.0,17.2,1217,704.0,552,169.0,1409,1444,7.6,53.5,0.5605,0,0,0,0,0,1,0
10,4.4,1326,536.66667,17.4,1223,854.0,547,190.0,1381,1613,8.3,50.5,0.5558,0,0,0,0,0,1,0
11,2.9,1139,272.33333,11.5,1031,652.0,649,170.0,1181,1388,12.4,37.1,0.5329,0,0,0,0,0,1,0
12,2.6,1135,274.0,11.9,1047,529.0,641,151.0,1175,1379,13.9,32.3,0.5117,0,0,0,0,0,1,0
13,2.6,1117,161.0,12.6,1071,438.0,638,150.0,1178,1289,14.4,28.9,0.4723,0,0,0,0,0,1,0
14,3.0,1094,165.33333,14.3,1128,438.0,626,154.0,1191,1280,14.8,25.4,0.4259,0,0,0,0,0,1,0
15,2.3,982,148.0,10.3,990,378.0,745,140.0,1018,1059,15.1,20.8,0.3536,0,0,0,0,0,1,0
16,3.0,1107,206.0,14.5,1134,482.0,639,167.0,1172,1299,15.4,23.5,0.4076,0,0,0,0,0,1,0
17,4.5,1290,208.33333,21.9,1349,709.0,534,204.0,1386,1638,13.7,28.1,0.4381,0,0,0,0,0,1,0
18,6.0,1445,287.33333,28.5,1516,796.0,455,210.0,1594,1946,11.5,37.5,0.5068,0,0,0,0,0,1,0
19,4.3,1357,312.0,21.2,1330,605.0,511,182.0,1414,1798,10.4,42.3,0.5337,0,0,0,0,0,1,0
20,3.4,1248,197.0,16.0,1179,472.0,577,165.0,1259,1609,9.9,44.0,0.5381,0,0,0,0,0,1,0
21,2.8,1220,185.0,13.0,1085,411.0,618,150.0,1205,1531,8.7,48.3,0.5458,0,0,0,0,0,1,0
22,2.1,1137,96.66667,7.0,856,264.0,758,132.0,1032,1338,8.1,49.9,0.5417,0,0,0,0,0,1,0
23,1.7,1102,110.0,6.4,829,217.0,773,120.0,1015,1274,7.3,52.8,0.5419,0,0,0,0,0,1,0
0,1.8,1082,86.66667,5.8,801,211.0,780,119.0,1035,1200,8.0,52.2,0.5623,0,0,0,0,0,0,1
1,1.6,1053,78.33333,5.6,795,179.0,786,110.0,1039,1143,6.8,56.4,0.5609,0,0,0,0,0,0,1
2,1.4,1003,72.33333,4.5,740,135.0,847,94.0,992,1048,6.7,57.4,0.5654,0,0,0,0,0,0,1
4,0.76667,1071,39.0,5.9,808,221.0,757,101.0,1046,1172,5.4,65.9,0.5947,0,0,0,0,0,0,1
5,1.3,1118,117.33333,6.6,841,284.0,702,117.0,1056,1368,5.5,66.5,0.6054,0,0,0,0,0,0,1
6,1.6,1206,206.33333,9.2,948,357.0,628,121.0,1129,1540,5.9,65.8,0.6178,0,0,0,0,0,0,1
7,2.4,1256,307.66667,12.2,1056,469.0,582,138.0,1230,1575,6.4,63.9,0.6192,0,0,0,0,0,0,1
8,4.5,1501,583.0,22.6,1367,766.0,465,174.0,1558,1856,7.2,62.2,0.6351,0,0,0,0,0,0,1
9,5.7,1578,647.66667,29.0,1527,875.0,419,179.0,1761,2086,7.9,60.0,0.6406,0,0,0,0,0,0,1
10,4.3,1427,698.0,19.4,1280,800.0,500,175.0,1481,1948,8.3,58.5,0.6403,0,0,0,0,0,0,1
11,4.2,1440,544.0,20.5,1311,815.0,482,183.0,1476,2022,9.3,54.5,0.6415,0,0,0,0,0,0,1
12,4.5,1522,490.0,22.5,1365,841.0,464,189.0,1526,2104,10.2,53.1,0.6608,0,0,0,0,0,0,1
13,5.0,1517,556.0,24.0,1403,827.0,451,198.0,1579,2195,11.1,51.4,0.679,0,0,0,0,0,0,1
14,2.9,1300,344.66667,13.9,1113,402.0,573,142.0,1291,1845,12.8,46.9,0.6919,0,0,0,0,0,0,1
15,3.0,1401,215.33333,16.8,1204,415.0,526,139.0,1401,1947,13.1,48.0,0.7181,0,0,0,0,0,0,1
16,3.3,1551,361.66667,20.2,1303,435.0,469,99.0,1520,2171,13.5,51.5,0.793,0,0,0,0,0,0,1
17,1.4,1411,439.33333,16.4,1191,570.0,519,135.0,1426,1920,13.4,51.2,0.7808,0,0,0,0,0,0,1
18,2.3,1434,349.33333,18.0,1239,530.0,506,223.0,1458,1835,12.1,55.3,0.7777,0,0,0,0,0,0,1
19,1.6,1489,702.66667,20.3,1305,617.0,476,194.0,1547,1919,12.0,56.5,0.7924,0,0,0,0,0,0,1
20,4.9,1835,643.33333,38.1,1731,983.0,355,244.0,2083,2254,10.4,64.4,0.8123,0,0,0,0,0,0,1
21,6.4,1804,763.33333,35.7,1679,1200.0,370,243.0,2005,2210,9.4,69.1,0.815,0,0,0,0,0,0,1
22,3.5,1579,593.66667,21.8,1345,1028.0,459,230.0,1608,1961,8.9,71.0,0.8115,0,0,0,0,0,0,1
23,1.7,1508,262.66667,18.2,1246,797.0,496,207.0,1498,1791,8.1,73.8,0.7968,0,0,0,0,0,0,1
0,2.6,1535,242.0,20.1,1300,977.0,483,223.0,1524,1725,7.3,76.8,0.7904,1,0,0,0,0,0,0
1,1.6,1395,238.66667,14.4,1131,811.0,552,216.0,1362,1553,7.3,76.7,0.7862,1,0,0,0,0,0,0
2,1.5,1392,256.0,15.1,1153,757.0,542,198.0,1395,1506,7.1,77.3,0.7826,1,0,0,0,0,0,0
4,0.5,1297,173.66667,11.5,1032,388.0,605,126.0,1297,1300,7.0,77.8,0.7848,1,0,0,0,0,0,0
5,0.9,1331,200.0,13.7,1106,497.0,568,144.0,1322,1383,5.7,80.5,0.7416,1,0,0,0,0,0,0
6,0.4,1288,181.33333,11.6,1036,582.0,590,183.0,1242,1413,5.2,81.4,0.7276,1,0,0,0,0,0,0
7,0.5,1322,378.0,13.2,1091,574.0,565,193.0,1307,1471,5.6,80.4,0.7349,1,0,0,0,0,0,0
8,0.8,1390,461.0,15.6,1167,588.0,522,196.0,1392,1619,6.3,78.8,0.7544,1,0,0,0,0,0,0
9,1.4,1443,569.66667,16.9,1207,645.0,502,208.0,1431,1673,6.9,76.9,0.7682,1,0,0,0,0,0,0
10,1.6,1496,454.0,18.5,1254,643.0,484,217.0,1472,1881,9.2,67.7,0.79,1,0,0,0,0,0,0
11,1.5,1439,494.0,16.6,1198,628.0,502,246.0,1426,1877,11.6,59.8,0.8152,1,0,0,0,0,0,0
12,1.0,1432,250.66667,15.0,1150,547.0,527,204.0,1393,1818,14.0,52.0,0.8288,1,0,0,0,0,0,0
13,1.0,1398,205.33333,15.0,1149,461.0,535,192.0,1417,1699,15.0,50.2,0.8495,1,0,0,0,0,0,0
14,1.3,1380,213.66667,16.9,1206,455.0,515,186.0,1500,1677,14.9,49.9,0.8394,1,0,0,0,0,0,0
15,0.1,1022,90.33333,7.0,857,244.0,770,133.0,1068,1088,15.8,33.8,0.6034,1,0,0,0,0,0,0
16,0.93333,973,63.66667,5.9,806,202.0,851,126.0,994,926,15.4,29.3,0.5068,1,0,0,0,0,0,0
17,1.23333,951,87.33333,7.1,862,256.0,823,138.0,972,961,14.4,25.7,0.4193,1,0,0,0,0,0,0
18,0.1,987,100.0,8.6,925,310.0,776,148.0,1016,1066,13.4,27.2,0.4157,1,0,0,0,0,0,0
19,0.4,1100,193.0,12.2,1057,391.0,687,167.0,1126,1241,12.2,28.7,0.4077,1,0,0,0,0,0,0
20,0.7,1064,135.33333,12.6,1072,444.0,704,175.0,1103,1220,11.3,25.7,0.3422,1,0,0,0,0,0,0
21,2.7,1316,382.33333,21.1,1327,794.0,549,224.0,1328,1613,9.7,31.9,0.3848,1,0,0,0,0,0,0
22,2.1,1262,534.66667,16.9,1208,716.0,587,215.0,1219,1577,8.4,36.5,0.4035,1,0,0,0,0,0,0
23,1.3,1259,175.66667,15.1,1152,565.0,610,196.0,1165,1569,8.2,36.8,0.4016,1,0,0,0,0,0,0
0,0.8,1166,199.66667,10.1,981,451.0,697,195.0,993,1445,8.0,36.0,0.3872,0,1,0,0,0,0,0
1,1.83333,1066,137.66667,7.5,880,313.0,784,181.0,946,1240,7.0,39.9,0.4006,0,1,0,0,0,0,0
2,1.46667,1051,95.0,7.6,883,241.0,783,150.0,978,1169,5.7,44.3,0.4093,0,1,0,0,0,0,0
4,1.6,969,106.0,5.5,788,224.0,854,139.0,938,1006,4.2,50.8,0.4234,0,1,0,0,0,0,0
5,0.66667,862,41.66667,2.3,609,82.0,1101,74.0,810,757,4.6,45.1,0.3861,0,1,0,0,0,0,0
6,0.5,859,34.66667,2.0,581,89.0,1112,73.0,829,753,2.7,53.3,0.4006,0,1,0,0,0,0,0
7,0.4,849,25.66667,1.6,552,93.0,1165,77.0,812,737,3.1,51.0,0.3947,0,1,0,0,0,0,0
8,0.66667,879,40.0,2.1,594,134.0,1119,98.0,839,792,2.5,54.1,0.4017,0,1,0,0,0,0,0
9,0.76667,956,46.33333,4.4,735,189.0,915,121.0,942,945,3.1,53.5,0.4123,0,1,0,0,0,0,0
10,1.8,1039,160.66667,6.4,828,292.0,791,162.0,987,1115,5.0,47.5,0.418,0,1,0,0,0,0,0
11,2.1,1066,186.0,7.3,871,326.0,775,178.0,996,1131,5.8,43.4,0.4032,0,1,0,0,0,0,0
12,2.63333,1124,235.33333,8.7,927,397.0,722,206.0,1047,1242,7.1,42.8,0.4327,0,1,0,0,0,0,0
13,2.23333,1160,177.33333,9.2,948,371.0,712,191.0,1072,1289,7.9,41.6,0.4459,0,1,0,0,0,0,0
14,1.86667,1110,135.66667,7.9,896,305.0,737,175.0,1040,1276,8.1,41.2,0.448,0,1,0,0,0,0,0
15,2.06667,1138,140.0,9.0,940,328.0,706,169.0,1088,1359,8.3,41.3,0.4533,0,1,0,0,0,0,0
16,1.3,1095,78.33333,7.0,857,281.0,756,180.0,1075,1020,8.9,49.1,0.5629,0,1,0,0,0,0,0
17,1.2,1045,68.66667,3.7,694,168.0,911,124.0,1025,805,7.1,66.0,0.6678,0,1,0,0,0,0,0
18,1.16667,1078,75.0,4.3,727,183.0,849,130.0,1057,857,5.7,75.1,0.6942,0,1,0,0,0,0,0
19,1.16667,1169,74.33333,6.8,846,217.0,767,141.0,1157,942,5.4,77.6,0.7031,0,1,0,0,0,0,0
20,2.4,1174,180.0,8.7,926,245.0,674,157.0,1220,1020,5.4,78.2,0.7074,0,1,0,0,0,0,0
21,1.03333,1075,57.66667,4.7,749,154.0,827,123.0,1050,899,7.3,68.1,0.6979,0,1,0,0,0,0,0
22,1.06667,1044,68.0,3.5,685,141.0,903,104.0,1042,860,5.8,74.4,0.6924,0,1,0,0,0,0,0
23,1.43333,1110,79.33333,5.4,782,210.0,798,134.0,1101,954,6.2,72.3,0.6887,0,1,0,0,0,0,0
0,1.26667,1086,83.0,4.4,733,140.0,848,105.0,1064,883,5.9,72.7,0.6791,0,0,1,0,0,0,0
1,1.23333,1092,84.0,6.0,811,191.0,773,121.0,1129,966,5.0,76.5,0.6728,0,0,1,0,0,0,0
2,0.1,1127,151.66667,7.6,884,248.0,704,136.0,1173,983,4.0,80.4,0.663,0,0,1,0,0,0,0
4,0.66667,831,41.66667,1.0,498,50.0,1237,48.0,855,443,5.8,59.5,0.5519,0,0,1,0,0,0,0
5,0.3,791,52.66667,0.6,459,43.0,1421,40.0,809,390,6.6,51.3,0.5026,0,0,1,0,0,0,0
6,0.5,836,48.0,1.2,520,86.0,1296,67.0,832,479,7.0,47.2,0.4745,0,0,1,0,0,0,0
7,0.6,907,64.66667,2.9,644,152.0,1028,104.0,902,732,6.6,47.9,0.4686,0,0,1,0,0,0,0
8,1.8,1174,138.0,11.1,1018,341.0,688,169.0,1210,1149,7.2,49.8,0.5061,0,0,1,0,0,0,0
9,2.0,1094,176.0,9.7,967,355.0,682,203.0,1147,1136,6.9,52.8,0.5293,0,0,1,0,0,0,0
10,1.4,992,129.66667,5.7,800,327.0,797,183.0,1007,934,8.7,46.7,0.5249,0,0,1,0,0,0,0
11,0.6,955,93.66667,5.4,783,240.0,844,151.0,976,845,10.0,40.6,0.4971,0,0,1,0,0,0,0
12,0.5,959,97.0,5.1,771,217.0,852,138.0,975,808,11.8,35.4,0.4877,0,0,1,0,0,0,0
13,0.7,981,105.33333,5.8,804,191.0,829,127.0,997,783,10.7,37.2,0.4788,0,0,1,0,0,0,0
15,1.1,1023,115.33333,8.0,898,256.0,759,148.0,1034,899,10.7,33.1,0.4256,0,0,1,0,0,0,0
16,1.3,1009,111.0,7.1,860,287.0,787,172.0,993,922,10.6,34.2,0.4375,0,0,1,0,0,0,0
17,1.0,1007,175.0,7.6,884,278.0,780,163.0,1014,951,8.9,38.1,0.4341,0,0,1,0,0,0,0
18,1.5,1054,164.66667,10.4,992,302.0,715,180.0,1092,1051,7.8,39.7,0.4206,0,0,1,0,0,0,0
19,1.5,1018,223.0,8.9,934,259.0,740,169.0,1014,967,7.3,42.2,0.4341,0,0,1,0,0,0,0
20,1.2,976,77.33333,7.3,870,221.0,795,152.0,971,861,6.9,42.5,0.4257,0,0,1,0,0,0,0
21,0.3,872,117.66667,3.6,689,142.0,970,107.0,866,631,6.6,43.2,0.4247,0,0,1,0,0,0,0
22,0.76667,805,48.0,1.7,559,93.0,1183,75.0,781,466,6.4,41.7,0.4034,0,0,1,0,0,0,0
23,0.8,800,47.33333,1.5,541,71.0,1250,58.0,779,407,6.1,42.6,0.4041,0,0,1,0,0,0,0
0,0.76667,785,45.0,1.0,504,66.0,1306,57.0,760,387,5.9,41.8,0.3928,0,0,0,1,0,0,0
1,0.83333,757,52.33333,0.6,459,49.0,1447,44.0,735,337,5.7,41.5,0.3836,0,0,0,1,0,0,0
2,0.6,751,33.66667,0.4,424,29.0,1583,29.0,726,303,5.5,42.4,0.3867,0,0,0,1,0,0,0
4,0.5,759,31.0,0.2,399,19.0,1696,19.0,749,288,4.3,51.6,0.4323,0,0,0,1,0,0,0
5,0.46667,758,33.0,0.2,388,20.0,1785,20.0,765,274,3.7,56.3,0.453,0,0,0,1,0,0,0
6,0.5,761,38.66667,0.1,383,39.0,1745,35.0,787,289,3.3,58.1,0.4559,0,0,0,1,0,0,0
7,0.6,762,42.0,0.4,434,77.0,1556,60.0,763,318,3.9,47.3,0.3862,0,0,0,1,0,0,0
8,0.2,869,43.66667,2.9,646,180.0,1068,115.0,876,476,4.3,45.9,0.3843,0,0,0,1,0,0,0
9,0.7,938,91.66667,5.4,785,243.0,853,157.0,969,704,4.2,50.1,0.4168,0,0,0,1,0,0,0
10,0.5,951,106.66667,5.1,769,236.0,856,147.0,1000,735,3.4,62.7,0.4943,0,0,0,1,0,0,0
11,0.4,892,68.33333,3.8,702,297.0,935,188.0,924,735,5.0,51.4,0.4534,0,0,0,1,0,0,0
12,0.3,876,56.33333,3.9,703,235.0,968,126.0,892,653,5.7,44.1,0.4063,0,0,0,1,0,0,0
13,0.3,872,53.0,3.6,686,186.0,972,114.0,880,603,5.2,44.5,0.3968,0,0,0,1,0,0,0
14,0.4,893,63.0,4.2,722,196.0,932,123.0,917,645,4.7,48.6,0.4194,0,0,0,1,0,0,0
15,0.2,879,99.0,3.6,687,167.0,980,107.0,914,564,4.5,51.0,0.4327,0,0,0,1,0,0,0
16,0.4,896,73.0,3.6,689,211.0,966,121.0,909,614,5.1,50.1,0.4432,0,0,0,1,0,0,0
17,0.4,909,76.33333,3.9,706,194.0,928,118.0,923,658,5.0,50.4,0.443,0,0,0,1,0,0,0
18,0.7,958,76.66667,4.9,758,206.0,858,134.0,985,719,4.3,56.4,0.4721,0,0,0,1,0,0,0
19,1.0,984,70.0,5.8,803,211.0,813,142.0,1012,772,4.3,56.7,0.476,0,0,0,1,0,0,0
20,1.1,991,67.66667,6.1,814,197.0,790,133.0,1040,812,4.3,57.0,0.4771,0,0,0,1,0,0,0
21,0.3,881,56.0,2.8,638,139.0,990,106.0,910,583,3.5,60.3,0.4782,0,0,0,1,0,0,0
22,0.1,853,56.66667,2.4,616,113.0,1071,87.0,870,491,4.1,52.5,0.4351,0,0,0,1,0,0,0
23,0.86667,804,53.66667,1.5,546,81.0,1194,67.0,796,400,3.9,50.6,0.4127,0,0,0,1,0,0,0
0,0.7,788,38.33333,1.1,514,63.0,1285,55.0,771,354,3.9,47.7,0.3901,0,0,0,0,1,0,0
1,0.53333,788,35.66667,0.9,487,55.0,1346,49.0,769,329,4.0,47.8,0.3939,0,0,0,0,1,0,0
2,0.53333,763,34.33333,0.4,428,31.0,1532,30.0,757,296,3.9,50.9,0.4144,0,0,0,0,1,0,0
4,0.43333,747,39.0,0.2,390,20.0,1775,20.0,738,266,3.3,52.8,0.4137,0,0,0,0,1,0,0
5,0.46667,744,33.0,0.1,383,17.0,1881,17.0,720,253,2.7,53.9,0.4062,0,0,0,0,1,0,0
6,0.53333,774,33.66667,0.5,441,42.0,1646,35.0,760,282,2.8,54.4,0.411,0,0,0,0,1,0,0
7,0.63333,800,51.0,0.9,492,90.0,1310,71.0,783,353,3.6,49.0,0.3915,0,0,0,0,1,0,0
8,0.3,896,51.0,3.3,668,227.0,1043,136.0,887,519,3.3,50.2,0.3934,0,0,0,0,1,0,0
9,0.6,913,91.66667,4.4,733,250.0,902,163.0,901,681,3.5,47.5,0.3778,0,0,0,0,1,0,0
10,0.3,871,100.0,2.8,638,219.0,1022,143.0,860,583,4.3,49.4,0.4136,0,0,0,0,1,0,0
11,0.1,872,68.33333,3.2,662,211.0,1007,134.0,874,628,4.5,48.4,0.4131,0,0,0,0,1,0,0
12,0.1,858,48.33333,2.7,634,189.0,1053,130.0,868,566,4.3,50.0,0.4199,0,0,0,0,1,0,0
13,0.2,876,67.0,3.5,683,180.0,993,122.0,894,572,4.3,49.7,0.4166,0,0,0,0,1,0,0
14,0.5,900,65.0,4.8,751,197.0,891,129.0,913,637,4.9,45.3,0.3955,0,0,0,0,1,0,0
15,0.3,864,84.0,3.4,678,198.0,987,132.0,866,579,5.6,42.4,0.3884,0,0,0,0,1,0,0
16,0.3,902,73.0,4.2,721,203.0,924,133.0,900,666,5.7,43.1,0.3984,0,0,0,0,1,0,0
17,0.3,916,88.66667,4.2,720,188.0,912,126.0,922,707,4.8,49.7,0.4305,0,0,0,0,1,0,0
18,1.0,1004,137.66667,8.5,918,294.0,752,177.0,1033,990,5.1,43.0,0.3821,0,0,0,0,1,0,0
19,1.4,1024,194.0,9.2,945,302.0,729,185.0,1073,1026,5.3,44.4,0.397,0,0,0,0,1,0,0
20,1.4,1011,165.66667,7.6,884,261.0,763,169.0,1048,910,4.9,47.9,0.418,0,0,0,0,1,0,0
21,1.1,1006,174.33333,6.2,822,232.0,794,151.0,1025,897,4.7,50.8,0.4398,0,0,0,0,1,0,0
22,0.4,913,68.0,2.9,645,154.0,966,114.0,922,651,4.6,54.8,0.4704,0,0,0,0,1,0,0
23,0.2,905,65.66667,2.5,620,120.0,986,90.0,904,598,4.0,56.8,0.4688,0,0,0,0,1,0,0
0,0.2,872,52.33333,2.6,628,117.0,1009,87.0,857,560,4.2,46.8,0.39,0,0,0,0,0,1,0
1,0.2,843,35.66667,2.2,597,108.0,1059,83.0,808,527,4.5,42.0,0.3571,0,0,0,0,0,1,0
2,0.2,863,30.33333,2.5,622,97.0,1025,74.0,826,574,4.1,42.1,0.3487,0,0,0,0,0,1,0
4,0.46667,769,33.0,0.3,412,28.0,1481,28.0,727,326,4.4,42.2,0.3571,0,0,0,0,0,1,0
5,0.4,778,48.66667,0.3,417,27.0,1531,26.0,745,312,4.1,45.9,0.3804,0,0,0,0,0,1,0
6,0.5,801,35.66667,0.7,470,81.0,1313,61.0,762,382,4.3,42.5,0.3556,0,0,0,0,0,1,0
7,0.7,827,35.33333,1.4,533,129.0,1198,91.0,775,488,4.6,38.1,0.3267,0,0,0,0,0,1,0
8,1.9,1038,88.33333,6.6,837,336.0,822,184.0,972,915,4.6,39.4,0.3367,0,0,0,0,0,1,0
9,2.4,1040,207.0,8.4,917,335.0,739,204.0,1038,1021,4.8,41.9,0.3634,0,0,0,0,0,1,0
10,2.0,980,105.66667,5.5,790,318.0,839,185.0,934,897,5.9,40.2,0.376,0,0,0,0,0,1,0
11,1.3,912,68.33333,3.5,683,201.0,961,125.0,872,699,7.0,38.4,0.3861,0,0,0,0,0,1,0
12,1.0,887,78.66667,3.0,649,166.0,1009,104.0,854,588,6.6,40.2,0.3944,0,0,0,0,0,1,0
13,1.2,922,86.0,4.1,716,192.0,930,115.0,893,643,6.6,41.2,0.4046,0,0,0,0,0,1,0
14,1.5,928,106.0,4.7,748,198.0,900,126.0,900,685,7.3,36.8,0.3779,0,0,0,0,0,1,0
15,1.3,921,113.33333,4.5,736,198.0,921,125.0,881,673,7.3,35.0,0.3584,0,0,0,0,0,1,0
16,1.5,905,93.33333,4.7,747,223.0,924,139.0,850,691,7.0,33.5,0.3367,0,0,0,0,0,1,0
17,1.5,906,93.33333,5.1,769,224.0,913,142.0,865,726,6.5,32.4,0.3155,0,0,0,0,0,1,0
18,2.1,981,107.33333,7.7,886,266.0,819,170.0,928,912,5.7,33.9,0.3131,0,0,0,0,0,1,0
19,2.6,1053,87.33333,10.3,987,326.0,750,195.0,1025,1048,5.0,36.1,0.3178,0,0,0,0,0,1,0
20,3.0,1086,158.33333,11.5,1032,343.0,717,202.0,1049,1136,4.7,38.3,0.3306,0,0,0,0,0,1,0
21,2.0,967,238.33333,6.0,811,243.0,863,168.0,911,909,4.5,39.9,0.339,0,0,0,0,0,1,0
22,1.4,902,72.66667,3.6,689,177.0,995,128.0,838,719,4.3,41.1,0.3451,0,0,0,0,0,1,0
23,1.3,916,63.33333,4.3,725,155.0,953,115.0,855,746,4.0,43.1,0.3551,0,0,0,0,0,1,0
0,1.2,895,71.66667,3.4,677,143.0,999,111.0,827,700,3.7,46.0,0.3701,0,0,0,0,0,0,1
1,1.1,866,72.33333,2.4,613,124.0,1075,97.0,810,579,3.3,47.4,0.3716,0,0,0,0,0,0,1
2,0.9,861,55.66667,2.0,585,94.0,1120,77.0,807,553,3.0,49.1,0.3774,0,0,0,0,0,0,1
4,0.6,849,31.0,1.2,522,56.0,1158,51.0,779,467,3.6,48.0,0.3835,0,0,0,0,0,0,1
5,0.5,818,28.33333,0.9,486,58.0,1282,49.0,781,422,4.0,47.8,0.3919,0,0,0,0,0,0,1
6,0.6,864,42.33333,1.6,554,105.0,1159,79.0,819,545,4.1,48.1,0.3975,0,0,0,0,0,0,1
7,0.7,856,51.0,1.7,559,122.0,1138,92.0,810,556,4.1,47.4,0.3926,0,0,0,0,0,0,1
8,1.6,1024,89.33333,6.2,823,274.0,827,167.0,992,879,4.2,48.7,0.4073,0,0,0,0,0,0,1
9,2.2,1050,171.33333,8.2,909,342.0,742,206.0,1055,993,4.1,49.8,0.4117,0,0,0,0,0,0,1
10,1.8,984,165.33333,6.4,832,296.0,822,184.0,966,892,4.3,48.4,0.4043,0,0,0,0,0,0,1
11,1.5,990,165.0,5.9,808,279.0,838,176.0,975,901,4.6,49.7,0.4271,0,0,0,0,0,0,1
12,1.8,970,135.66667,5.7,798,325.0,842,191.0,941,874,4.5,49.6,0.421,0,0,0,0,0,0,1
13,1.4,943,108.66667,5.3,781,222.0,871,147.0,925,722,4.4,48.4,0.4087,0,0,0,0,0,0,1
14,2.1,994,103.33333,7.3,871,279.0,793,174.0,997,836,4.7,47.2,0.4075,0,0,0,0,0,0,1
15,1.6,932,80.0,5.1,767,248.0,888,167.0,920,669,4.2,49.5,0.4118,0,0,0,0,0,0,1
16,1.3,891,63.66667,3.9,706,193.0,949,138.0,860,600,3.4,50.7,0.3991,0,0,0,0,0,0,1
2,0.7,793,34.0,0.8,480,70.0,1306,60.0,745,376,1.9,49.7,0.3528,1,0,0,0,0,0,0
4,0.5,776,31.33333,0.5,445,37.0,1460,34.0,737,330,1.4,53.8,0.3687,1,0,0,0,0,0,0
5,0.5,766,32.33333,0.5,448,33.0,1494,31.0,734,321,1.0,54.7,0.3657,1,0,0,0,0,0,0
6,0.4,774,55.33333,0.6,458,43.0,1473,37.0,735,334,1.4,52.3,0.3591,1,0,0,0,0,0,0
7,0.5,801,42.0,0.9,494,73.0,1324,58.0,754,395,1.6,51.0,0.3561,1,0,0,0,0,0,0
8,0.8,847,54.33333,2.0,586,125.0,1163,92.0,814,473,1.4,53.1,0.3642,1,0,0,0,0,0,0
9,1.1,874,79.66667,2.8,641,154.0,1022,110.0,857,553,1.7,54.1,0.3785,1,0,0,0,0,0,0
10,1.1,879,70.0,2.8,642,140.0,1027,101.0,836,545,2.5,51.0,0.3778,1,0,0,0,0,0,0
11,1.1,888,58.0,3.0,652,150.0,1025,96.0,833,547,2.9,48.7,0.3706,1,0,0,0,0,0,0
12,1.1,873,54.66667,2.4,610,139.0,1051,102.0,819,527,3.6,45.8,0.3674,1,0,0,0,0,0,0
13,1.1,877,48.0,2.5,618,135.0,1027,96.0,830,505,3.1,48.1,0.3722,1,0,0,0,0,0,0
14,1.2,893,71.0,3.0,653,152.0,987,102.0,845,550,3.4,46.6,0.3668,1,0,0,0,0,0,0
15,1.0,866,87.66667,2.2,602,121.0,1071,88.0,809,465,3.7,45.8,0.3697,1,0,0,0,0,0,0
16,1.2,873,64.66667,2.6,629,122.0,1049,87.0,817,467,4.4,43.7,0.3688,1,0,0,0,0,0,0
17,1.3,911,65.66667,3.4,676,167.0,998,115.0,855,555,4.0,44.9,0.3689,1,0,0,0,0,0,0
18,1.4,908,44.33333,3.0,653,165.0,980,118.0,847,551,3.3,46.8,0.3671,1,0,0,0,0,0,0
19,1.3,907,43.0,3.1,657,190.0,981,134.0,844,569,3.1,48.1,0.3707,1,0,0,0,0,0,0
20,1.4,925,54.0,3.4,678,176.0,960,125.0,861,594,2.8,49.0,0.37,1,0,0,0,0,0,0
21,1.5,920,51.33333,2.9,649,196.0,983,140.0,849,598,3.1,47.4,0.3661,1,0,0,0,0,0,0
22,1.0,865,53.66667,1.7,561,103.0,1102,83.0,791,434,2.9,49.0,0.3725,1,0,0,0,0,0,0
23,1.0,867,48.0,1.6,553,91.0,1136,73.0,792,412,2.8,49.1,0.3726,1,0,0,0,0,0,0
0,1.1,900,41.33333,2.3,604,119.0,1051,92.0,815,469,2.9,49.7,0.3782,0,1,0,0,0,0,0
1,1.3,901,49.33333,2.2,599,147.0,1023,109.0,825,515,3.8,46.5,0.3762,0,1,0,0,0,0,0
2,1.0,863,38.66667,1.7,560,101.0,1107,82.0,787,430,3.2,46.9,0.3658,0,1,0,0,0,0,0
4,0.53333,873,44.66667,1.8,565,102.0,1097,83.0,793,494,3.1,44.8,0.3473,0,1,0,0,0,0,0
5,0.6,806,36.66667,0.6,459,55.0,1322,50.0,728,368,3.1,44.4,0.342,0,1,0,0,0,0,0
6,0.5,801,40.66667,0.6,454,51.0,1374,44.0,727,348,3.0,43.4,0.3337,0,1,0,0,0,0,0
7,0.4,790,33.66667,0.4,431,53.0,1439,49.0,722,354,2.8,43.8,0.3308,0,1,0,0,0,0,0
8,0.5,805,44.66667,0.7,465,74.0,1358,62.0,736,382,2.7,43.2,0.3259,0,1,0,0,0,0,0
9,0.7,843,45.0,1.2,520,113.0,1202,85.0,762,450,3.3,42.3,0.3299,0,1,0,0,0,0,0
10,0.8,849,38.66667,1.4,537,107.0,1148,82.0,757,460,4.6,39.0,0.333,0,1,0,0,0,0,0
11,0.8,872,49.0,2.0,583,101.0,1126,77.0,765,441,5.6,37.5,0.3426,0,1,0,0,0,0,0
12,1.0,890,57.0,2.0,585,129.0,1097,92.0,776,454,7.2,34.2,0.3488,0,1,0,0,0,0,0
13,0.9,874,44.66667,1.6,552,126.0,1128,95.0,760,415,6.9,35.6,0.3561,0,1,0,0,0,0,0
14,0.9,863,50.0,1.6,553,132.0,1133,95.0,742,419,8.2,30.1,0.3281,0,1,0,0,0,0,0
15,0.9,840,50.66667,1.8,566,101.0,1176,76.0,717,368,7.6,27.9,0.2927,0,1,0,0,0,0,0
16,1.0,845,37.33333,1.8,569,128.0,1151,95.0,709,397,7.9,25.9,0.2774,0,1,0,0,0,0,0
17,1.0,888,53.33333,2.6,625,170.0,1062,118.0,763,510,7.8,28.3,0.3017,0,1,0,0,0,0,0
18,1.1,845,43.33333,2.0,582,174.0,1120,123.0,719,473,6.3,28.8,0.2772,0,1,0,0,0,0,0
19,1.2,880,57.0,2.8,641,215.0,1077,140.0,759,537,5.4,30.1,0.2726,0,1,0,0,0,0,0
20,1.6,917,74.66667,3.9,708,248.0,972,163.0,787,670,5.0,31.1,0.273,0,1,0,0,0,0,0
21,1.7,927,87.33333,4.1,715,247.0,965,164.0,797,711,4.6,33.8,0.2898,0,1,0,0,0,0,0
22,1.1,868,55.66667,2.4,615,154.0,1095,120.0,752,551,4.3,36.6,0.3064,0,1,0,0,0,0,0
23,1.3,932,56.66667,3.5,685,186.0,996,130.0,820,670,4.0,39.0,0.3203,0,1,0,0,0,0,0
0,1.7,971,54.0,4.6,741,231.0,901,145.0,864,771,2.9,42.8,0.3276,0,0,1,0,0,0,0
1,1.5,891,48.0,3.0,650,174.0,987,126.0,782,586,3.4,38.9,0.3076,0,0,1,0,0,0,0
2,0.8,806,34.0,1.0,495,68.0,1282,61.0,685,355,4.0,36.4,0.2982,0,0,1,0,0,0,0
4,0.4,791,26.33333,0.4,435,39.0,1486,37.0,668,292,3.7,37.7,0.3024,0,0,1,0,0,0,0
5,0.4,787,36.66667,0.3,415,39.0,1474,37.0,667,293,3.4,38.9,0.3075,0,0,1,0,0,0,0
6,0.4,814,25.66667,0.6,449,54.0,1363,50.0,674,328,3.7,37.5,0.3012,0,0,1,0,0,0,0
7,0.7,844,48.66667,1.4,538,158.0,1164,109.0,726,479,3.7,35.2,0.2833,0,0,1,0,0,0,0
8,1.8,1049,80.33333,7.1,863,350.0,826,198.0,923,979,3.7,33.9,0.2732,0,0,1,0,0,0,0
10,3.5,1293,515.33333,15.1,1153,584.0,602,283.0,1141,1667,6.6,34.4,0.3359,0,0,1,0,0,0,0
11,2.8,1121,514.66667,12.5,1066,478.0,683,256.0,1040,1378,10.0,22.4,0.2753,0,0,1,0,0,0,0
12,3.1,1112,239.0,12.8,1078,563.0,683,261.0,1028,1426,11.9,18.6,0.2581,0,0,1,0,0,0,0
13,2.5,1060,209.0,11.9,1048,414.0,707,181.0,983,1246,12.5,17.2,0.2477,0,0,1,0,0,0,0
14,2.7,1056,127.66667,11.7,1040,398.0,711,194.0,976,1187,13.2,17.3,0.2606,0,0,1,0,0,0,0
15,2.9,1131,259.66667,14.7,1139,451.0,643,214.0,1097,1363,13.5,18.7,0.2872,0,0,1,0,0,0,0
16,3.2,1162,172.33333,15.7,1170,503.0,618,204.0,1131,1425,14.1,18.2,0.2908,0,0,1,0,0,0,0
17,4.1,1283,141.33333,21.1,1328,640.0,552,228.0,1294,1722,13.0,20.3,0.303,0,0,1,0,0,0,0
18,6.1,1414,251.0,27.4,1490,843.0,488,270.0,1433,2051,10.4,24.7,0.3116,0,0,1,0,0,0,0
19,6.8,1486,303.33333,30.8,1570,954.0,455,285.0,1557,2179,8.6,29.8,0.3344,0,0,1,0,0,0,0
20,6.8,1523,327.33333,29.2,1533,984.0,456,282.0,1532,2214,7.3,36.8,0.3771,0,0,1,0,0,0,0
21,3.7,1283,285.0,15.0,1149,586.0,587,235.0,1148,1799,6.3,39.4,0.3795,0,0,1,0,0,0,0
22,2.1,1109,104.33333,7.1,863,360.0,737,208.0,960,1527,5.4,43.5,0.3922,0,0,1,0,0,0,0
23,1.4,1055,96.0,5.4,782,231.0,798,161.0,940,1377,5.1,45.6,0.4056,0,0,1,0,0,0,0
0,1.3,1038,91.66667,4.8,756,200.0,813,146.0,921,1317,4.2,49.4,0.412,0,0,0,1,0,0,0
1,1.1,996,83.66667,3.8,698,153.0,871,123.0,894,1228,4.1,50.1,0.415,0,0,0,1,0,0,0
2,1.0,995,69.66667,3.5,680,135.0,879,109.0,904,1201,4.1,51.5,0.4263,0,0,0,1,0,0,0
4,0.8,1042,67.0,3.6,688,196.0,814,115.0,935,1204,2.5,64.8,0.4807,0,0,0,1,0,0,0
5,0.9,1042,49.66667,3.8,701,208.0,795,114.0,945,1216,1.8,68.9,0.4878,0,0,0,1,0,0,0
6,1.1,1024,81.33333,4.2,724,241.0,814,122.0,944,1198,2.0,64.9,0.4661,0,0,0,1,0,0,0
7,1.6,1147,76.66667,7.7,886,417.0,702,149.0,1056,1381,2.2,65.3,0.473,0,0,0,1,0,0,0
8,3.7,1496,360.0,20.0,1298,896.0,492,187.0,1441,1873,3.1,64.0,0.4938,0,0,0,1,0,0,0
9,4.8,1541,643.66667,22.1,1353,966.0,449,198.0,1492,2112,3.7,61.7,0.4967,0,0,0,1,0,0,0
10,4.1,1491,593.66667,17.2,1215,878.0,503,196.0,1343,2038,4.4,58.8,0.4979,0,0,0,1,0,0,0
11,4.5,1533,618.0,21.4,1334,985.0,466,218.0,1434,2118,5.8,54.1,0.502,0,0,0,1,0,0,0
12,4.5,1507,574.33333,19.8,1292,1017.0,479,227.0,1379,2110,7.3,50.8,0.5226,0,0,0,1,0,0,0
13,3.7,1451,452.0,18.8,1264,683.0,497,181.0,1408,1965,9.5,47.2,0.5589,0,0,0,1,0,0,0
14,4.2,1432,431.66667,18.8,1264,660.0,487,179.0,1476,1888,11.8,44.4,0.6118,0,0,0,1,0,0,0
15,3.3,1408,300.0,16.7,1202,492.0,506,151.0,1411,1774,12.7,45.5,0.6648,0,0,0,1,0,0,0
16,3.2,1377,174.33333,14.4,1129,497.0,540,162.0,1392,1626,13.5,44.8,0.6898,0,0,0,1,0,0,0
17,3.6,1454,262.0,16.3,1190,562.0,508,165.0,1434,1761,12.3,48.9,0.6967,0,0,0,1,0,0,0
18,3.5,1268,432.33333,14.4,1128,539.0,573,173.0,1255,1533,10.8,40.3,0.5201,0,0,0,1,0,0,0
19,4.1,1259,375.0,17.0,1211,502.0,559,188.0,1243,1531,9.4,36.7,0.4324,0,0,0,1,0,0,0
20,4.0,1261,262.33333,14.8,1143,452.0,595,186.0,1208,1477,8.3,39.5,0.4318,0,0,0,1,0,0,0
21,3.3,1133,108.0,9.8,971,357.0,683,172.0,1059,1332,7.8,41.3,0.4389,0,0,0,1,0,0,0
22,3.0,1054,110.66667,6.1,818,289.0,777,150.0,966,1210,7.3,43.8,0.4505,0,0,0,1,0,0,0
23,2.6,1055,115.0,5.4,783,221.0,805,137.0,969,1167,6.7,47.6,0.4688,0,0,0,1,0,0,0
0,2.6,1059,86.0,4.7,747,204.0,820,133.0,964,1133,6.6,51.2,0.5007,0,0,0,0,1,0,0
1,2.6,1063,104.0,5.1,769,183.0,807,122.0,993,1109,6.4,52.6,0.5074,0,0,0,0,1,0,0
2,2.9,1135,84.0,6.9,854,222.0,722,130.0,1065,1218,5.3,57.8,0.5177,0,0,0,0,1,0,0
4,2.5,1058,117.0,4.8,753,210.0,764,121.0,986,1149,3.3,66.8,0.5215,0,0,0,0,1,0,0
5,2.0,1040,81.33333,3.6,688,185.0,846,115.0,920,1090,3.7,62.9,0.5059,0,0,0,0,1,0,0
6,2.2,1069,44.33333,4.5,737,257.0,792,125.0,946,1114,2.6,67.5,0.5034,0,0,0,0,1,0,0
7,2.4,1042,145.33333,5.2,771,297.0,795,136.0,941,1089,3.5,60.9,0.4857,0,0,0,0,1,0,0
8,4.0,1322,227.33333,15.1,1151,573.0,566,174.0,1286,1446,2.7,63.4,0.4787,0,0,0,0,1,0,0
9,6.7,1549,663.66667,27.3,1485,883.0,422,224.0,1638,1930,2.8,64.2,0.4859,0,0,0,0,1,0,0
10,5.6,1416,627.66667,19.6,1285,824.0,501,230.0,1390,1809,5.8,53.1,0.4942,0,0,0,0,1,0,0
11,4.3,1337,494.33333,14.8,1143,693.0,560,205.0,1236,1769,9.7,40.1,0.4832,0,0,0,0,1,0,0
12,4.0,1281,412.0,14.5,1132,714.0,577,204.0,1206,1696,12.7,30.0,0.4398,0,0,0,0,1,0,0
13,2.6,1037,136.33333,10.1,981,388.0,721,139.0,1000,1086,13.7,20.7,0.3221,0,0,0,0,1,0,0
14,2.2,1028,253.66667,10.1,983,337.0,728,133.0,979,1048,13.7,19.9,0.3114,0,0,0,0,1,0,0
15,1.9,984,152.33333,8.3,913,326.0,762,127.0,930,990,14.1,18.1,0.2884,0,0,0,0,1,0,0
16,1.8,1010,191.0,9.0,940,329.0,759,124.0,960,1027,14.5,18.0,0.2956,0,0,0,0,1,0,0
17,3.1,1113,219.0,13.4,1096,465.0,645,158.0,1092,1359,13.2,20.4,0.3074,0,0,0,0,1,0,0
18,4.8,1253,361.66667,19.5,1284,612.0,536,171.0,1285,1618,10.5,25.1,0.3194,0,0,0,0,1,0,0
19,5.8,1400,622.33333,27.8,1499,759.0,461,193.0,1527,1869,8.9,31.4,0.3597,0,0,0,0,1,0,0
20,5.9,1470,700.66667,31.4,1584,771.0,436,195.0,1641,2033,8.2,36.2,0.3953,0,0,0,0,1,0,0
21,4.1,1281,289.66667,15.6,1168,655.0,571,212.0,1195,1756,6.7,39.6,0.3906,0,0,0,0,1,0,0
22,1.8,1084,111.66667,7.0,855,332.0,748,193.0,939,1446,5.8,42.0,0.3904,0,0,0,0,1,0,0
23,1.7,1097,110.0,7.8,892,287.0,719,167.0,979,1423,4.9,45.9,0.3999,0,0,0,0,1,0,0
0,1.7,1032,107.33333,5.6,791,242.0,793,156.0,915,1278,4.5,47.9,0.4079,0,0,0,0,0,1,0
1,1.5,1046,84.0,6.0,812,242.0,782,153.0,940,1265,3.9,51.6,0.4226,0,0,0,0,0,1,0
2,1.1,975,81.33333,3.9,707,192.0,860,128.0,902,1107,3.4,54.7,0.4323,0,0,0,0,0,1,0
4,0.86667,926,57.33333,2.6,623,134.0,954,96.0,873,1011,2.0,60.8,0.4337,0,0,0,0,0,1,0
5,0.3,932,61.33333,2.9,645,142.0,916,105.0,882,1006,1.2,63.7,0.4327,0,0,0,0,0,1,0
6,0.4,937,40.66667,2.8,640,194.0,923,130.0,870,1010,2.1,60.3,0.4368,0,0,0,0,0,1,0
7,0.6,996,49.0,4.2,724,216.0,861,134.0,938,1067,1.3,63.1,0.4322,0,0,0,0,0,1,0
8,3.0,1382,422.0,16.7,1202,728.0,534,275.0,1352,1630,1.3,64.8,0.441,0,0,0,0,0,1,0
9,5.6,1544,592.66667,29.1,1530,975.0,416,309.0,1706,2030,2.1,62.2,0.4491,0,0,0,0,0,1,0
10,4.9,1429,581.0,20.7,1317,947.0,495,322.0,1425,1916,5.1,50.8,0.4499,0,0,0,0,0,1,0
11,3.5,1312,298.66667,15.5,1164,790.0,570,333.0,1230,1761,8.5,39.7,0.4425,0,0,0,0,0,1,0
12,2.2,1205,197.66667,10.3,989,551.0,643,235.0,1084,1597,11.5,33.0,0.4476,0,0,0,0,0,1,0
13,2.7,1322,452.0,13.8,1110,565.0,568,241.0,1208,1776,12.2,34.3,0.4864,0,0,0,0,0,1,0
14,2.7,1301,300.0,12.7,1074,532.0,574,214.0,1255,1636,13.5,35.0,0.5396,0,0,0,0,0,1,0
15,2.1,1280,263.66667,11.4,1030,459.0,597,174.0,1246,1480,14.9,34.9,0.5869,0,0,0,0,0,1,0
16,2.0,1256,163.66667,10.2,986,407.0,612,157.0,1240,1413,15.7,34.5,0.6111,0,0,0,0,0,1,0
17,2.4,1358,262.0,14.3,1128,434.0,545,170.0,1344,1611,14.7,37.2,0.618,0,0,0,0,0,1,0
18,6.7,1713,376.66667,32.4,1605,980.0,383,212.0,1870,2186,12.2,44.8,0.6342,0,0,0,0,0,1,0
19,6.4,1655,656.0,29.0,1527,966.0,393,249.0,1758,2203,10.3,52.4,0.6578,0,0,0,0,0,1,0
20,3.9,1444,513.0,17.6,1227,646.0,485,231.0,1414,1891,9.3,55.5,0.6503,0,0,0,0,0,1,0
21,2.7,1314,317.33333,12.6,1069,471.0,571,216.0,1271,1662,8.3,57.6,0.6304,0,0,0,0,0,1,0
22,3.0,1368,272.33333,15.5,1164,528.0,524,217.0,1350,1674,6.3,65.1,0.6237,0,0,0,0,0,1,0
23,2.1,1195,116.33333,9.1,943,378.0,645,203.0,1149,1462,6.5,63.1,0.6132,0,0,0,0,0,1,0
0,1.2,1083,138.0,6.4,828,235.0,734,161.0,1067,1273,6.0,62.7,0.589,0,0,0,0,0,0,1
1,1.2,1055,81.66667,5.1,771,217.0,781,147.0,1030,1174,5.1,65.4,0.5797,0,0,0,0,0,0,1
2,0.7,973,53.33333,3.3,672,141.0,887,111.0,954,1031,4.7,64.6,0.5568,0,0,0,0,0,0,1
4,0.8,949,30.66667,3.1,657,158.0,895,115.0,948,991,5.0,63.5,0.5575,0,0,0,0,0,0,1
5,0.4,920,42.0,2.2,601,87.0,974,80.0,920,925,3.9,65.5,0.5367,0,0,0,0,0,0,1
6,0.7,989,32.0,3.9,703,194.0,843,122.0,988,1017,1.8,74.5,0.5271,0,0,0,0,0,0,1
7,1.4,1100,42.33333,6.9,854,401.0,714,186.0,1075,1187,1.8,73.7,0.5198,0,0,0,0,0,0,1
8,4.0,1411,484.33333,19.7,1288,887.0,492,306.0,1472,1638,2.3,70.9,0.5182,0,0,0,0,0,0,1
9,3.9,1328,694.66667,20.1,1300,654.0,499,301.0,1405,1672,4.4,61.1,0.5176,0,0,0,0,0,0,1
10,3.1,1308,478.66667,16.3,1189,566.0,534,274.0,1325,1656,7.7,49.8,0.5267,0,0,0,0,0,0,1
11,3.2,1280,299.66667,14.3,1127,649.0,558,247.0,1277,1641,12.1,36.9,0.5212,0,0,0,0,0,0,1
12,1.5,1056,203.66667,7.0,857,309.0,735,169.0,1028,1117,15.0,28.5,0.4821,0,0,0,0,0,0,1
13,1.2,1019,177.66667,6.3,825,229.0,781,138.0,994,901,14.5,28.3,0.4665,0,0,0,0,0,0,1
14,1.9,1084,269.0,8.6,923,312.0,712,149.0,1085,1046,12.9,31.8,0.4707,0,0,0,0,0,0,1
15,1.5,998,160.0,6.6,841,276.0,792,165.0,979,884,12.1,32.3,0.4548,0,0,0,0,0,0,1
16,1.4,987,196.0,6.1,816,236.0,816,156.0,959,821,11.3,33.5,0.4476,0,0,0,0,0,0,1
17,1.9,1079,173.33333,8.8,932,312.0,719,184.0,1018,1056,11.4,32.6,0.4373,0,0,0,0,0,0,1
18,2.2,1096,209.66667,9.4,954,345.0,687,197.0,1085,1139,9.1,37.8,0.4372,0,0,0,0,0,0,1
19,3.0,1146,326.0,11.8,1043,386.0,639,204.0,1169,1248,8.1,41.0,0.4458,0,0,0,0,0,0,1
20,2.6,1125,290.66667,11.3,1025,356.0,653,207.0,1147,1200,7.7,41.9,0.4409,0,0,0,0,0,0,1
21,2.8,1130,171.66667,9.7,968,467.0,680,208.0,1102,1220,7.1,43.9,0.4433,0,0,0,0,0,0,1
22,1.6,1017,83.33333,5.8,805,287.0,807,174.0,958,1032,6.3,45.8,0.4408,0,0,0,0,0,0,1
23,1.3,1017,82.33333,5.3,776,239.0,843,157.0,946,971,6.0,46.1,0.4351,0,0,0,0,0,0,1
0,1.6,1041,84.0,5.3,778,266.0,828,166.0,947,1011,5.5,49.0,0.4471,1,0,0,0,0,0,0
1,1.5,1034,80.66667,5.1,769,261.0,816,167.0,952,1049,4.9,52.0,0.4548,1,0,0,0,0,0,0
2,1.3,1009,81.33333,4.8,751,223.0,828,154.0,939,1053,4.1,54.7,0.4536,1,0,0,0,0,0,0
4,2.0,1084,52.66667,7.0,859,272.0,703,164.0,1017,1163,1.5,66.2,0.4571,1,0,0,0,0,0,0
5,1.3,989,65.0,4.4,731,226.0,815,149.0,936,1018,1.0,67.7,0.4523,1,0,0,0,0,0,0
6,0.9,1047,116.33333,5.6,792,250.0,757,150.0,957,1121,0.8,69.9,0.4591,1,0,0,0,0,0,0
7,1.4,1091,161.66667,7.3,868,402.0,705,205.0,1021,1200,1.3,67.2,0.4598,1,0,0,0,0,0,0
8,3.1,1263,212.66667,12.7,1074,708.0,614,283.0,1198,1403,2.0,63.6,0.4564,1,0,0,0,0,0,0
9,4.1,1165,207.66667,11.3,1024,759.0,646,310.0,1134,1365,4.1,52.7,0.4345,1,0,0,0,0,0,0
10,1.3,966,110.0,4.9,760,302.0,877,200.0,890,940,7.5,39.2,0.4091,1,0,0,0,0,0,0
11,0.9,927,72.33333,3.8,702,210.0,932,147.0,847,750,9.0,34.5,0.398,1,0,0,0,0,0,0
12,1.0,909,50.66667,3.4,678,180.0,960,128.0,838,652,9.2,34.5,0.4025,1,0,0,0,0,0,0
13,1.0,941,56.66667,4.2,723,165.0,922,121.0,880,643,9.3,33.8,0.3981,1,0,0,0,0,0,0
14,1.1,903,55.66667,3.7,696,180.0,932,129.0,850,629,9.3,33.1,0.3874,1,0,0,0,0,0,0
15,0.8,891,48.66667,3.3,668,147.0,991,110.0,819,549,9.7,30.8,0.3716,1,0,0,0,0,0,0
16,1.0,904,75.66667,3.4,674,177.0,968,126.0,824,578,9.6,31.1,0.3718,1,0,0,0,0,0,0
17,0.9,900,48.66667,3.1,659,157.0,990,121.0,807,582,8.6,32.8,0.3669,1,0,0,0,0,0,0
18,0.9,926,73.0,4.3,725,195.0,933,142.0,847,694,7.2,35.0,0.3567,1,0,0,0,0,0,0
19,1.6,999,57.66667,6.2,821,263.0,846,174.0,915,926,6.4,36.8,0.3566,1,0,0,0,0,0,0
20,1.4,994,80.33333,5.2,774,239.0,854,168.0,917,915,6.0,40.2,0.3773,1,0,0,0,0,0,0
21,1.4,1010,179.33333,5.8,801,267.0,826,180.0,944,986,5.5,42.6,0.3874,1,0,0,0,0,0,0
22,1.1,938,93.66667,3.5,685,214.0,934,157.0,870,840,4.9,43.7,0.3809,1,0,0,0,0,0,0
23,1.2,983,64.33333,4.9,760,236.0,869,162.0,898,939,4.2,43.2,0.3605,1,0,0,0,0,0,0
0,1.8,963,81.33333,4.7,749,251.0,900,173.0,834,869,4.0,39.2,0.3228,0,1,0,0,0,0,0
1,1.4,962,78.66667,4.9,756,255.0,902,176.0,843,908,3.7,40.1,0.323,0,1,0,0,0,0,0
2,1.4,980,74.33333,5.0,761,235.0,854,172.0,876,1051,3.1,47.1,0.3638,0,1,0,0,0,0,0
4,0.8,898,44.33333,2.6,624,129.0,987,108.0,825,871,0.8,53.8,0.3542,0,1,0,0,0,0,0
5,0.8,854,56.33333,1.8,572,95.0,1070,88.0,788,793,1.2,51.9,0.3515,0,1,0,0,0,0,0
6,0.7,838,44.33333,1.3,531,95.0,1146,85.0,774,753,1.0,52.2,0.3489,0,1,0,0,0,0,0
7,0.7,831,48.0,1.5,543,100.0,1132,88.0,787,737,0.6,53.3,0.3467,0,1,0,0,0,0,0
8,0.6,833,43.66667,1.3,526,110.0,1169,94.0,771,722,0.8,52.8,0.3468,0,1,0,0,0,0,0
9,0.8,870,57.33333,2.0,582,149.0,1091,115.0,791,737,0.3,53.7,0.3424,0,1,0,0,0,0,0
10,1.3,984,82.66667,4.3,727,197.0,891,137.0,908,913,4.1,42.9,0.3551,0,1,0,0,0,0,0
11,2.0,1065,197.0,6.7,844,351.0,780,212.0,979,1117,8.0,33.3,0.3591,0,1,0,0,0,0,0
12,1.7,968,63.33333,4.6,743,249.0,886,173.0,840,774,10.7,25.2,0.3242,0,1,0,0,0,0,0
13,1.2,911,65.0,3.5,683,188.0,981,135.0,790,558,11.1,23.5,0.3105,0,1,0,0,0,0,0
14,1.0,868,50.0,2.1,590,127.0,1081,100.0,753,420,10.6,26.0,0.332,0,1,0,0,0,0,0
15,0.8,868,51.0,1.9,576,96.0,1128,78.0,755,363,10.3,27.7,0.3481,0,1,0,0,0,0,0
16,1.0,904,76.66667,2.7,633,138.0,1040,100.0,789,410,10.2,28.3,0.3516,0,1,0,0,0,0,0
17,1.4,944,74.33333,3.7,693,217.0,928,150.0,832,568,9.2,29.9,0.3479,0,1,0,0,0,0,0
18,1.1,925,68.0,2.9,649,186.0,1003,142.0,819,570,6.9,36.4,0.3635,0,1,0,0,0,0,0
19,1.6,985,78.66667,4.5,736,227.0,891,165.0,875,774,6.0,38.0,0.3584,0,1,0,0,0,0,0
20,1.8,1002,107.33333,5.3,780,252.0,855,179.0,892,857,5.8,36.4,0.3385,0,1,0,0,0,0,0
21,1.4,938,73.66667,3.7,692,193.0,937,149.0,805,737,5.8,35.4,0.3286,0,1,0,0,0,0,0
22,1.1,896,65.33333,2.6,627,158.0,1033,126.0,782,610,5.4,36.6,0.3304,0,1,0,0,0,0,0
23,1.0,907,57.0,2.4,614,150.0,1052,120.0,782,627,5.1,37.9,0.3358,0,1,0,0,0,0,0
0,1.1,902,51.0,2.4,613,130.0,1049,110.0,777,566,4.8,38.0,0.33,0,0,1,0,0,0,0
1,1.0,885,38.33333,2.0,582,104.0,1072,92.0,760,517,4.5,38.1,0.3249,0,0,1,0,0,0,0
2,0.8,863,28.0,1.5,545,86.0,1119,78.0,749,484,4.3,38.1,0.3207,0,0,1,0,0,0,0
4,0.6,852,26.33333,0.8,482,67.0,1187,65.0,726,496,3.8,41.0,0.3327,0,0,1,0,0,0,0
5,0.6,879,32.33333,1.0,495,75.0,1147,73.0,753,623,3.3,44.6,0.3499,0,0,1,0,0,0,0
6,0.6,900,33.66667,1.3,525,97.0,1090,85.0,780,696,3.6,44.5,0.3574,0,0,1,0,0,0,0
7,0.8,963,46.33333,2.4,615,177.0,980,133.0,837,916,3.4,47.0,0.3713,0,0,1,0,0,0,0
8,2.3,1183,160.66667,8.7,929,433.0,675,246.0,1037,1309,2.9,49.5,0.3775,0,0,1,0,0,0,0
9,2.8,1161,433.0,10.5,996,471.0,639,281.0,1067,1396,5.6,40.5,0.3704,0,0,1,0,0,0,0
10,2.1,1102,213.0,7.9,896,346.0,720,222.0,969,1226,7.5,33.8,0.352,0,0,1,0,0,0,0
11,1.7,1029,155.66667,6.5,835,262.0,771,182.0,897,1002,10.8,25.2,0.3251,0,0,1,0,0,0,0
12,1.4,973,85.33333,5.7,797,221.0,845,154.0,845,769,12.9,20.6,0.3045,0,0,1,0,0,0,0
13,1.6,981,110.0,6.2,820,265.0,807,168.0,876,784,12.2,21.4,0.3033,0,0,1,0,0,0,0
14,1.4,960,68.66667,5.4,784,219.0,842,149.0,868,643,12.0,21.9,0.3069,0,0,1,0,0,0,0
15,1.3,973,82.0,4.9,761,235.0,862,156.0,865,682,12.2,24.0,0.3392,0,0,1,0,0,0,0
16,1.4,968,72.66667,5.0,765,227.0,843,156.0,863,692,12.0,24.3,0.3393,0,0,1,0,0,0,0
17,1.7,1022,93.33333,6.9,854,285.0,771,187.0,941,926,10.5,27.8,0.3525,0,0,1,0,0,0,0
18,1.9,1067,87.33333,7.5,879,291.0,740,194.0,989,996,8.7,33.9,0.3832,0,0,1,0,0,0,0
19,2.3,1101,88.0,8.2,908,295.0,707,204.0,1025,1095,7.8,37.6,0.4004,0,0,1,0,0,0,0
20,2.0,1081,155.33333,7.7,885,243.0,720,174.0,1017,1058,7.2,39.4,0.4032,0,0,1,0,0,0,0
21,1.6,988,75.0,4.5,738,209.0,843,154.0,906,893,7.1,39.6,0.4019,0,0,1,0,0,0,0
22,1.0,932,59.66667,2.7,630,147.0,980,117.0,842,681,7.1,39.6,0.4001,0,0,1,0,0,0,0
23,0.9,923,64.33333,2.3,602,117.0,1028,98.0,831,599,7.2,39.3,0.4004,0,0,1,0,0,0,0
0,0.9,915,64.33333,2.1,589,105.0,1045,90.0,813,550,6.9,39.6,0.3966,0,0,0,1,0,0,0
1,0.9,879,43.66667,1.4,534,84.0,1129,74.0,785,470,7.0,39.8,0.4006,0,0,0,1,0,0,0
2,0.5,852,36.33333,0.8,479,51.0,1275,49.0,761,375,7.1,40.5,0.409,0,0,0,1,0,0,0
4,0.5,878,33.0,1.0,496,54.0,1182,54.0,782,451,6.0,42.9,0.404,0,0,0,1,0,0,0
5,0.6,910,31.33333,1.3,524,74.0,1102,69.0,802,600,6.4,42.7,0.4126,0,0,0,1,0,0,0
6,0.6,918,62.66667,1.6,551,114.0,1062,92.0,817,712,6.1,43.6,0.4129,0,0,0,1,0,0,0
7,1.0,991,51.0,3.0,653,228.0,944,146.0,885,931,5.9,45.1,0.4211,0,0,0,1,0,0,0
8,2.1,1223,222.33333,10.0,979,455.0,658,224.0,1120,1332,6.0,46.4,0.4367,0,0,0,1,0,0,0
9,2.9,1277,520.66667,15.1,1153,493.0,543,253.0,1268,1520,6.6,43.7,0.4273,0,0,0,1,0,0,0
10,2.2,1114,165.33333,8.6,922,410.0,689,225.0,1022,1223,8.7,36.3,0.4074,0,0,0,1,0,0,0
11,1.6,1088,155.66667,6.9,853,277.0,729,180.0,996,1122,10.5,33.4,0.4246,0,0,0,1,0,0,0
12,1.8,1064,135.66667,7.6,881,340.0,727,194.0,979,1099,11.4,27.8,0.3748,0,0,0,1,0,0,0
13,1.5,1047,129.33333,6.9,854,238.0,753,158.0,959,904,12.7,27.4,0.4011,0,0,0,1,0,0,0
14,2.2,1075,122.33333,8.5,920,323.0,726,184.0,992,1022,13.3,23.3,0.354,0,0,0,1,0,0,0
15,1.6,973,70.66667,5.3,777,286.0,858,165.0,844,719,13.9,20.7,0.3271,0,0,0,1,0,0,0
16,1.5,942,105.33333,4.4,733,271.0,912,156.0,800,609,13.6,20.0,0.3093,0,0,0,1,0,0,0
21,4.0,1521,259.0,16.8,1203,490.0,476,207.0,1400,2141,8.5,50.9,0.5664,0,0,0,0,0,0,1
22,4.0,1428,463.66667,13.0,1085,550.0,526,213.0,1268,2023,8.3,53.3,0.5843,0,0,0,0,0,0,1
23,3.6,1463,251.33333,12.6,1069,422.0,530,192.0,1279,1967,7.1,58.1,0.5885,0,0,0,0,0,0,1
0,4.2,1494,285.0,14.2,1124,541.0,504,211.0,1313,1931,5.8,64.3,0.5964,1,0,0,0,0,0,0
1,4.3,1462,364.66667,12.9,1080,599.0,522,229.0,1274,1889,5.3,66.8,0.5979,1,0,0,0,0,0,0
2,3.6,1326,213.0,9.7,967,490.0,578,216.0,1174,1699,5.0,66.6,0.5871,1,0,0,0,0,0,0
4,1.33333,1154,103.66667,5.5,788,223.0,709,146.0,1065,1390,5.1,65.9,0.5827,1,0,0,0,0,0,0
5,1.4,1175,91.0,6.6,839,214.0,670,136.0,1087,1371,4.1,69.0,0.5735,1,0,0,0,0,0,0
6,1.4,1203,133.66667,7.3,870,274.0,641,156.0,1103,1427,4.6,67.6,0.5778,1,0,0,0,0,0,0
7,1.6,1250,148.0,8.8,933,338.0,620,176.0,1144,1489,5.2,65.5,0.5836,1,0,0,0,0,0,0
8,2.3,1321,251.0,11.9,1046,496.0,562,224.0,1263,1610,6.0,62.8,0.5929,1,0,0,0,0,0,0
9,2.4,1323,253.66667,12.0,1049,433.0,550,207.0,1290,1619,7.1,59.3,0.6005,1,0,0,0,0,0,0
10,2.7,1381,413.0,11.9,1045,496.0,541,221.0,1307,1706,7.8,58.0,0.6136,1,0,0,0,0,0,0
11,3.4,1480,437.66667,16.2,1186,615.0,498,229.0,1382,1882,9.0,54.7,0.6271,1,0,0,0,0,0,0
12,3.1,1485,393.0,17.6,1229,551.0,477,208.0,1450,1911,10.0,53.1,0.6495,1,0,0,0,0,0,0
13,3.6,1522,353.0,17.6,1229,575.0,470,207.0,1488,1943,10.8,52.0,0.6738,1,0,0,0,0,0,0
14,3.8,1570,450.66667,17.5,1224,575.0,468,216.0,1448,2020,11.0,51.4,0.6746,1,0,0,0,0,0,0
15,3.3,1507,351.66667,15.7,1170,574.0,488,224.0,1392,1999,11.0,51.4,0.6725,1,0,0,0,0,0,0
16,3.4,1540,317.66667,16.7,1202,582.0,475,225.0,1440,2008,10.9,52.0,0.6796,1,0,0,0,0,0,0
17,3.7,1556,326.33333,17.1,1214,658.0,472,227.0,1435,2026,11.1,52.0,0.6869,1,0,0,0,0,0,0
18,4.6,1707,395.66667,23.0,1378,851.0,416,248.0,1637,2225,11.0,53.6,0.7033,1,0,0,0,0,0,0
19,5.0,1766,535.0,24.6,1419,903.0,404,251.0,1659,2317,11.0,55.1,0.7221,1,0,0,0,0,0,0
20,5.7,1846,351.33333,26.8,1474,952.0,389,265.0,1712,2426,11.4,55.4,0.7471,1,0,0,0,0,0,0
21,5.2,1795,395.66667,23.2,1382,894.0,410,262.0,1609,2355,11.1,56.9,0.7506,1,0,0,0,0,0,0
22,5.0,1755,621.0,22.0,1352,839.0,417,241.0,1587,2375,10.2,60.0,0.7461,1,0,0,0,0,0,0
23,4.5,1738,367.33333,20.4,1309,743.0,424,231.0,1543,2494,10.1,59.9,0.7379,1,0,0,0,0,0,0
0,4.1,1712,391.33333,18.0,1239,671.0,443,229.0,1488,2411,9.9,63.2,0.7706,0,1,0,0,0,0,0
1,4.1,1751,454.66667,18.5,1255,689.0,435,221.0,1541,2226,9.4,73.4,0.8662,0,1,0,0,0,0,0
2,3.1,1574,252.66667,13.3,1093,478.0,497,180.0,1451,1808,9.4,77.7,0.9203,0,1,0,0,0,0,0
4,2.8,1515,157.0,12.5,1066,345.0,508,140.0,1430,1548,8.9,81.3,0.9277,0,1,0,0,0,0,0
5,2.9,1491,168.33333,11.5,1031,373.0,515,153.0,1387,1541,8.5,82.9,0.9243,0,1,0,0,0,0,0
6,2.6,1453,202.0,10.9,1012,324.0,534,150.0,1348,1441,8.3,84.0,0.9234,0,1,0,0,0,0,0
7,2.6,1443,123.0,10.7,1003,341.0,542,145.0,1356,1396,8.1,85.0,0.9221,0,1,0,0,0,0,0
8,2.8,1473,220.0,11.9,1047,424.0,522,149.0,1420,1411,8.7,83.7,0.9423,0,1,0,0,0,0,0
9,3.3,1548,360.0,13.4,1097,522.0,491,155.0,1477,1497,9.5,82.4,0.976,0,1,0,0,0,0,0
10,3.2,1586,360.0,13.0,1084,492.0,495,158.0,1473,1619,11.0,78.2,1.022,0,1,0,0,0,0,0
11,3.3,1488,350.33333,11.2,1023,492.0,533,188.0,1456,1590,14.1,67.9,1.0859,0,1,0,0,0,0,0
12,1.5,1220,223.66667,5.5,787,204.0,675,154.0,1310,1163,16.3,56.6,1.0422,0,1,0,0,0,0,0
13,1.2,1198,109.66667,4.9,758,142.0,698,107.0,1277,1001,18.7,48.0,1.0259,0,1,0,0,0,0,0
14,1.1,1168,97.0,6.5,836,118.0,666,92.0,1278,822,19.5,39.3,0.882,0,1,0,0,0,0,0
15,1.7,1149,109.0,8.4,917,126.0,616,106.0,1293,773,19.9,34.1,0.782,0,1,0,0,0,0,0
16,1.0,1052,96.33333,4.4,734,115.0,799,90.0,1109,588,19.4,32.4,0.7239,0,1,0,0,0,0,0
17,1.0,1053,55.66667,4.3,727,137.0,789,100.0,1081,610,17.1,35.8,0.6944,0,1,0,0,0,0,0
18,2.6,1238,193.0,11.6,1037,212.0,583,132.0,1388,1000,15.5,40.7,0.7103,0,1,0,0,0,0,0
19,2.5,1188,119.0,9.0,939,354.0,658,211.0,1234,1048,14.8,42.8,0.7182,0,1,0,0,0,0,0
20,2.1,1150,135.0,7.8,891,331.0,684,179.0,1198,1002,13.9,43.8,0.6937,0,1,0,0,0,0,0
21,1.0,984,89.33333,3.7,694,141.0,881,116.0,1032,711,13.7,42.9,0.6687,0,1,0,0,0,0,0
22,1.3,1111,207.0,5.3,777,228.0,760,143.0,1137,1024,12.5,47.8,0.6877,0,1,0,0,0,0,0
23,1.5,1131,212.66667,5.6,793,228.0,728,142.0,1173,1054,11.8,53.4,0.7366,0,1,0,0,0,0,0
0,1.4,1115,144.33333,5.3,778,203.0,749,135.0,1158,994,10.9,55.9,0.7312,0,0,1,0,0,0,0
1,1.6,1133,169.0,6.0,811,215.0,708,136.0,1182,1031,10.1,58.9,0.7301,0,0,1,0,0,0,0
2,1.1,1024,125.33333,4.0,709,142.0,798,109.0,1120,884,9.8,61.2,0.7413,0,0,1,0,0,0,0
4,0.5,923,50.66667,1.8,567,66.0,994,62.0,1024,688,8.3,67.2,0.7382,0,0,1,0,0,0,0
5,0.4,902,54.0,1.5,548,54.0,1063,49.0,1024,617,7.7,68.9,0.728,0,0,1,0,0,0,0
6,0.7,995,53.66667,2.9,646,121.0,895,81.0,1053,818,6.9,70.0,0.6997,0,0,1,0,0,0,0
7,0.7,858,40.0,2.2,597,141.0,1054,104.0,857,690,9.0,37.3,0.4297,0,0,1,0,0,0,0
8,2.3,1233,192.66667,11.4,1030,388.0,619,176.0,1257,1291,9.4,44.9,0.5296,0,0,1,0,0,0,0
9,2.5,1140,340.33333,9.5,958,366.0,627,193.0,1175,1200,10.3,45.4,0.5666,0,0,1,0,0,0,0
10,1.7,1096,230.0,11.6,1036,254.0,635,168.0,1043,1127,11.5,39.6,0.5372,0,0,1,0,0,0,0
11,2.5,1295,326.0,33.9,1639,164.0,477,123.0,1013,1582,11.7,36.9,0.506,0,0,1,0,0,0,0
12,2.1,926,147.33333,7.6,882,142.0,744,111.0,913,700,11.8,36.2,0.4999,0,0,1,0,0,0,0
13,1.1,970,84.33333,7.0,857,162.0,748,120.0,990,693,12.0,38.7,0.5402,0,0,1,0,0,0,0
14,1.3,960,47.33333,6.9,853,177.0,782,123.0,967,709,13.7,30.3,0.4724,0,0,1,0,0,0,0
15,1.1,941,72.66667,5.8,800,157.0,823,115.0,917,671,12.6,30.6,0.4443,0,0,1,0,0,0,0
16,1.1,921,80.66667,5.2,771,162.0,850,120.0,885,632,13.0,27.4,0.4085,0,0,1,0,0,0,0
17,1.4,940,66.0,6.4,829,209.0,823,140.0,901,716,13.6,22.7,0.3529,0,0,1,0,0,0,0
18,2.3,1036,90.33333,11.9,1046,304.0,694,185.0,1044,1059,11.8,23.0,0.3171,0,0,1,0,0,0,0
19,4.2,1102,263.33333,17.4,1221,484.0,609,212.0,1136,1329,10.7,19.9,0.2547,0,0,1,0,0,0,0
20,3.5,1035,165.66667,14.7,1141,399.0,670,200.0,1018,1196,10.4,18.0,0.2269,0,0,1,0,0,0,0
21,3.0,990,170.33333,10.0,978,390.0,751,191.0,928,1131,9.7,20.6,0.2488,0,0,1,0,0,0,0
22,1.7,950,79.0,6.6,839,287.0,834,169.0,878,977,9.4,24.8,0.2923,0,0,1,0,0,0,0
23,1.6,988,75.0,6.6,839,202.0,803,139.0,936,963,8.8,31.2,0.3533,0,0,1,0,0,0,0
0,1.0,884,77.0,3.1,658,126.0,982,102.0,813,581,8.7,31.2,0.3521,0,0,0,1,0,0,0
1,0.8,840,33.66667,2.2,597,87.0,1081,76.0,766,432,8.5,30.4,0.3391,0,0,0,1,0,0,0
2,0.6,814,31.0,1.3,526,59.0,1228,56.0,740,352,8.0,32.9,0.353,0,0,0,1,0,0,0
4,0.46667,802,20.33333,0.5,440,31.0,1413,30.0,738,312,6.9,39.1,0.3901,0,0,0,1,0,0,0
5,0.3,805,33.66667,0.5,437,28.0,1491,28.0,738,296,6.9,39.8,0.3966,0,0,0,1,0,0,0
6,0.4,850,79.33333,1.3,529,64.0,1183,56.0,780,385,6.1,40.8,0.3868,0,0,0,1,0,0,0
7,0.5,913,80.33333,2.5,619,123.0,1018,94.0,834,586,6.0,41.5,0.3896,0,0,0,1,0,0,0
8,1.5,1047,133.33333,6.7,844,363.0,784,196.0,979,987,6.1,39.9,0.3781,0,0,0,1,0,0,0
9,2.1,1055,216.33333,8.0,899,416.0,731,220.0,1017,1035,6.5,39.5,0.3865,0,0,0,1,0,0,0
10,1.6,974,103.0,5.3,778,286.0,832,168.0,905,782,9.4,32.7,0.3855,0,0,0,1,0,0,0
11,1.0,863,76.33333,3.3,669,198.0,993,133.0,776,511,11.3,24.9,0.3318,0,0,0,1,0,0,0
12,1.2,889,86.33333,4.4,734,216.0,942,134.0,801,566,12.8,19.8,0.2933,0,0,0,1,0,0,0
13,1.3,906,96.66667,5.5,790,211.0,893,138.0,837,642,12.3,19.3,0.274,0,0,0,1,0,0,0
14,1.4,874,96.66667,4.8,751,199.0,918,135.0,792,591,12.0,19.3,0.2716,0,0,0,1,0,0,0
15,1.0,849,82.33333,3.5,680,161.0,1015,111.0,741,461,11.9,19.2,0.2677,0,0,0,1,0,0,0
16,1.4,923,87.66667,4.9,761,218.0,909,124.0,840,609,12.1,20.7,0.2906,0,0,0,1,0,0,0
17,1.5,962,88.0,6.6,841,252.0,827,158.0,901,821,11.5,22.1,0.2987,0,0,0,1,0,0,0
18,2.4,1067,207.0,12.3,1059,337.0,671,181.0,1085,1163,10.4,23.1,0.2905,0,0,0,1,0,0,0
19,2.8,1125,382.0,14.1,1121,357.0,630,185.0,1132,1405,9.5,25.2,0.2996,0,0,0,1,0,0,0
20,3.1,1149,220.0,14.2,1124,410.0,623,187.0,1141,1405,8.9,26.9,0.3069,0,0,0,1,0,0,0
21,3.1,1155,235.0,11.6,1034,445.0,648,196.0,1061,1429,8.2,30.1,0.327,0,0,0,1,0,0,0
22,2.0,1065,130.66667,8.2,908,314.0,741,174.0,953,1284,7.4,31.8,0.3287,0,0,0,1,0,0,0
23,2.1,1145,154.33333,9.2,946,366.0,699,182.0,1015,1409,6.6,37.5,0.3664,0,0,0,1,0,0,0
0,1.9,1134,159.33333,8.3,912,336.0,707,182.0,999,1376,6.3,40.1,0.3842,0,0,0,0,1,0,0
1,2.5,1195,93.33333,10.7,1004,387.0,652,193.0,1078,1421,5.2,44.2,0.3943,0,0,0,0,1,0,0
2,2.0,1141,87.33333,8.0,898,320.0,689,174.0,1014,1356,4.4,47.5,0.4017,0,0,0,0,1,0,0
4,1.1,1052,63.0,4.5,740,237.0,768,142.0,913,1202,3.3,52.2,0.4074,0,0,0,0,1,0,0
5,0.8,1033,66.0,3.8,701,224.0,782,137.0,883,1206,3.2,52.4,0.4071,0,0,0,0,1,0,0
6,0.9,1080,82.66667,5.1,768,237.0,732,140.0,924,1305,3.6,51.7,0.4123,0,0,0,0,1,0,0
7,1.6,1208,142.66667,8.8,931,454.0,622,201.0,1052,1485,3.5,54.2,0.4297,0,0,0,0,1,0,0
8,3.6,1363,207.66667,16.1,1183,854.0,520,288.0,1273,1643,5.2,48.3,0.4304,0,0,0,0,1,0,0
9,3.3,1239,406.33333,13.4,1096,758.0,577,260.0,1211,1459,7.8,37.6,0.3994,0,0,0,0,1,0,0
10,2.1,1044,185.33333,9.0,940,428.0,706,206.0,1014,1152,8.9,33.8,0.385,0,0,0,0,1,0,0
11,1.3,956,134.33333,5.0,761,205.0,849,98.0,887,885,9.1,33.0,0.3827,0,0,0,0,1,0,0
12,1.1,955,79.0,4.3,725,205.0,890,138.0,880,770,9.1,34.5,0.3994,0,0,0,0,1,0,0
13,1.5,997,72.33333,6.3,825,226.0,790,139.0,948,852,9.6,31.3,0.3763,0,0,0,0,1,0,0
14,1.5,987,85.66667,6.0,810,199.0,801,137.0,939,830,8.5,36.3,0.4026,0,0,0,0,1,0,0
15,1.6,1007,133.0,5.7,798,253.0,793,155.0,942,867,9.3,34.6,0.405,0,0,0,0,1,0,0
16,1.5,1025,125.33333,5.6,795,259.0,783,155.0,967,881,8.9,37.9,0.4318,0,0,0,0,1,0,0
17,1.6,1083,108.0,7.0,856,252.0,720,148.0,1010,975,8.2,41.8,0.4563,0,0,0,0,1,0,0
18,2.2,1143,175.66667,9.5,960,313.0,641,153.0,1110,1136,7.4,44.5,0.4582,0,0,0,0,1,0,0
19,3.4,1288,205.33333,15.9,1178,433.0,539,171.0,1300,1434,7.0,43.4,0.4366,0,0,0,0,1,0,0
20,5.6,1464,503.0,24.7,1421,611.0,457,227.0,1542,1746,6.6,43.4,0.4241,0,0,0,0,1,0,0
21,5.2,1341,508.33333,16.8,1204,626.0,534,251.0,1294,1592,5.9,44.3,0.4137,0,0,0,0,1,0,0
22,2.8,1177,216.66667,10.7,1004,408.0,640,216.0,1111,1341,5.0,46.6,0.4099,0,0,0,0,1,0,0
23,2.4,1089,192.0,8.3,913,357.0,712,200.0,1016,1208,5.8,40.3,0.374,0,0,0,0,1,0,0
0,2.7,1196,198.0,11.0,1014,375.0,643,192.0,1101,1334,5.4,43.8,0.3945,0,0,0,0,0,1,0
1,2.6,1107,129.33333,7.4,874,326.0,721,187.0,984,1208,5.7,42.1,0.3883,0,0,0,0,0,1,0
2,2.3,1102,103.66667,7.9,897,326.0,715,173.0,1024,1196,5.7,42.1,0.3885,0,0,0,0,0,1,0
4,0.6,912,43.66667,1.7,559,72.0,1016,64.0,837,656,5.7,46.6,0.4298,0,0,0,0,0,1,0
5,0.5,883,38.33333,1.0,496,49.0,1140,46.0,804,478,6.9,45.0,0.4499,0,0,0,0,0,1,0
6,0.5,893,47.66667,1.1,507,59.0,1111,51.0,794,489,6.9,42.2,0.4224,0,0,0,0,0,1,0
7,1.0,1033,63.33333,4.0,711,220.0,893,115.0,935,893,6.4,43.8,0.423,0,0,0,0,0,1,0
8,2.6,1222,105.0,9.7,966,602.0,636,238.0,1134,1322,6.6,44.6,0.4383,0,0,0,0,0,1,0
9,2.7,1190,321.33333,10.6,1000,485.0,624,202.0,1152,1280,7.7,42.1,0.444,0,0,0,0,0,1,0
10,1.8,1035,203.33333,5.4,783,295.0,794,167.0,969,943,10.1,36.7,0.4536,0,0,0,0,0,1,0
11,1.2,990,107.0,3.9,705,217.0,873,139.0,913,772,9.0,41.4,0.4775,0,0,0,0,0,1,0
12,1.3,1011,101.33333,4.4,732,236.0,830,147.0,944,826,8.7,42.5,0.4787,0,0,0,0,0,1,0
13,1.4,1041,128.66667,5.0,763,196.0,790,130.0,1003,808,8.3,47.8,0.5238,0,0,0,0,0,1,0
14,1.8,1086,131.0,6.8,850,233.0,723,143.0,1072,901,8.9,45.5,0.5208,0,0,0,0,0,1,0
15,1.3,1021,91.0,4.8,755,207.0,807,143.0,980,763,8.9,46.1,0.5256,0,0,0,0,0,1,0
16,1.4,1014,199.66667,5.0,761,198.0,806,136.0,972,722,9.0,44.9,0.5173,0,0,0,0,0,1,0
17,1.4,1023,122.0,5.2,771,212.0,807,143.0,982,735,9.3,42.3,0.4974,0,0,0,0,0,1,0
18,2.4,1172,204.0,10.0,977,280.0,657,177.0,1160,1047,8.4,45.2,0.4977,0,0,0,0,0,1,0
19,2.8,1172,247.66667,11.1,1017,315.0,623,198.0,1185,1163,7.6,47.8,0.5013,0,0,0,0,0,1,0
20,3.3,1219,229.0,12.9,1081,378.0,590,200.0,1246,1244,7.4,47.2,0.4871,0,0,0,0,0,1,0
21,2.5,1106,272.33333,7.8,891,320.0,708,191.0,1058,1025,7.4,46.9,0.4854,0,0,0,0,0,1,0
22,2.1,1078,74.0,6.3,824,265.0,759,169.0,1016,982,6.9,48.2,0.4832,0,0,0,0,0,1,0
23,1.2,939,65.66667,2.8,637,129.0,960,106.0,883,607,7.1,47.9,0.4867,0,0,0,0,0,1,0
0,1.2,975,82.66667,3.3,670,129.0,943,105.0,910,616,6.9,48.7,0.4874,0,0,0,0,0,0,1
1,1.3,958,78.66667,3.1,660,172.0,935,130.0,905,654,6.8,48.2,0.4792,0,0,0,0,0,0,1
2,1.0,921,46.33333,2.1,594,100.0,1025,82.0,867,479,6.3,49.6,0.4787,0,0,0,0,0,0,1
4,0.6,874,28.33333,0.7,472,49.0,1179,45.0,803,382,6.4,49.8,0.4814,0,0,0,0,0,0,1
5,0.4,872,44.0,0.8,476,36.0,1249,35.0,794,350,6.9,48.1,0.4796,0,0,0,0,0,0,1
6,0.5,904,65.66667,1.3,530,79.0,1079,60.0,846,438,6.4,50.2,0.485,0,0,0,0,0,0,1
7,0.7,951,59.33333,1.8,568,128.0,1021,90.0,888,578,6.4,50.7,0.4886,0,0,0,0,0,0,1
8,2.1,1183,124.33333,7.9,896,456.0,673,205.0,1115,1140,6.9,48.8,0.4903,0,0,0,0,0,0,1
9,2.5,1187,171.33333,9.8,970,477.0,625,199.0,1174,1203,8.4,44.6,0.4922,0,0,0,0,0,0,1
10,2.0,1072,208.66667,7.4,874,342.0,715,153.0,1033,1000,10.8,37.1,0.4794,0,0,0,0,0,0,1
11,1.4,1011,196.0,5.3,780,254.0,805,163.0,964,806,11.2,36.2,0.4818,0,0,0,0,0,0,1
12,1.3,997,78.66667,4.8,752,231.0,837,152.0,952,724,11.8,34.4,0.4758,0,0,0,0,0,0,1
13,1.4,989,129.33333,5.6,791,213.0,804,146.0,953,690,11.5,33.1,0.4479,0,0,0,0,0,0,1
14,1.6,1006,122.33333,6.6,837,208.0,775,146.0,971,757,10.9,32.6,0.426,0,0,0,0,0,0,1
15,1.7,1016,118.33333,6.7,845,270.0,771,134.0,987,818,11.3,31.7,0.4249,0,0,0,0,0,0,1
16,1.8,1069,265.0,8.4,918,276.0,724,164.0,1045,936,11.6,30.9,0.4223,0,0,0,0,0,0,1
17,2.4,1109,139.66667,10.3,989,375.0,664,141.0,1096,1133,11.1,32.2,0.4243,0,0,0,0,0,0,1
18,2.8,1182,327.66667,12.6,1071,395.0,617,204.0,1187,1298,9.7,36.0,0.4333,0,0,0,0,0,0,1
19,3.3,1253,382.0,16.0,1179,421.0,573,210.0,1268,1387,8.5,39.0,0.4336,0,0,0,0,0,0,1
20,4.8,1288,316.0,17.6,1228,632.0,549,250.0,1333,1502,8.3,40.3,0.4411,0,0,0,0,0,0,1
21,2.8,1153,158.66667,10.1,981,424.0,666,202.0,1097,1273,8.0,41.3,0.4448,0,0,0,0,0,0,1
22,2.4,1161,157.33333,9.8,969,369.0,677,190.0,1111,1271,7.0,44.2,0.4446,0,0,0,0,0,0,1
23,2.9,1271,201.66667,11.5,1031,484.0,618,236.0,1138,1464,5.4,51.8,0.4698,0,0,0,0,0,0,1
0,2.7,1156,160.0,8.2,909,456.0,684,250.0,1023,1384,4.1,55.0,0.4558,1,0,0,0,0,0,0
1,2.1,1106,94.33333,6.8,850,373.0,727,219.0,997,1281,3.1,57.8,0.4462,1,0,0,0,0,0,0
2,1.5,1008,77.33333,4.3,726,228.0,834,156.0,913,1083,3.1,56.7,0.4388,1,0,0,0,0,0,0
4,0.9,931,38.0,2.6,627,117.0,948,98.0,860,911,2.3,58.9,0.4317,1,0,0,0,0,0,0
5,0.8,922,58.0,2.4,611,108.0,962,89.0,867,893,1.9,60.0,0.4276,1,0,0,0,0,0,0
6,0.8,911,44.0,2.3,606,126.0,950,104.0,866,894,1.9,60.3,0.4293,1,0,0,0,0,0,0
7,1.1,993,53.66667,4.5,736,235.0,819,148.0,941,1018,0.9,64.6,0.4294,1,0,0,0,0,0,0
8,1.9,1100,135.0,8.5,919,339.0,678,194.0,1072,1191,0.6,65.0,0.4231,1,0,0,0,0,0,0
9,2.5,1141,122.0,9.0,940,399.0,651,231.0,1099,1285,2.1,59.9,0.4338,1,0,0,0,0,0,0
10,2.2,1085,145.66667,5.7,800,346.0,750,200.0,983,1219,3.1,57.2,0.4402,1,0,0,0,0,0,0
11,2.1,1153,178.33333,6.9,853,407.0,696,217.0,1027,1370,4.2,54.0,0.4483,1,0,0,0,0,0,0
12,2.3,1122,168.66667,6.4,831,393.0,722,210.0,982,1317,7.4,43.8,0.4538,1,0,0,0,0,0,0
13,1.2,992,109.33333,3.5,685,166.0,890,126.0,902,818,11.2,34.5,0.4586,1,0,0,0,0,0,0
14,1.2,1018,87.33333,3.7,693,157.0,868,118.0,937,683,13.8,32.4,0.5084,1,0,0,0,0,0,0
15,1.1,981,65.0,2.9,649,141.0,924,114.0,901,573,12.4,34.9,0.5002,1,0,0,0,0,0,0
16,1.1,988,69.0,3.4,679,144.0,905,117.0,911,595,12.8,31.9,0.4684,1,0,0,0,0,0,0
17,1.4,1059,101.0,5.3,777,191.0,797,140.0,969,774,13.5,29.1,0.4486,1,0,0,0,0,0,0
18,1.7,1110,66.0,7.3,870,255.0,708,168.0,1057,1059,11.6,33.3,0.454,1,0,0,0,0,0,0
19,2.5,1204,156.33333,10.0,979,379.0,639,202.0,1147,1326,10.9,34.9,0.4568,1,0,0,0,0,0,0
20,2.7,1275,324.66667,12.3,1061,427.0,593,211.0,1203,1494,10.4,37.3,0.4708,1,0,0,0,0,0,0
21,3.1,1297,268.0,11.8,1044,509.0,600,231.0,1185,1559,9.7,39.7,0.4792,1,0,0,0,0,0,0
22,2.8,1277,217.0,10.4,991,459.0,609,214.0,1141,1575,9.1,41.9,0.4857,1,0,0,0,0,0,0
23,1.9,1207,199.66667,7.7,888,293.0,664,181.0,1062,1447,9.3,41.9,0.4927,1,0,0,0,0,0,0
0,1.9,1222,189.0,7.5,880,269.0,684,173.0,1083,1367,9.4,44.7,0.5279,0,1,0,0,0,0,0
1,1.7,1141,166.66667,6.1,816,244.0,745,169.0,1026,1230,8.5,45.8,0.5108,0,1,0,0,0,0,0
2,2.2,1228,83.66667,8.3,913,293.0,643,174.0,1124,1396,7.8,50.0,0.53,0,1,0,0,0,0,0
4,1.5,1067,80.0,4.9,758,177.0,775,130.0,993,1009,8.2,46.9,0.5099,0,1,0,0,0,0,0
5,0.8,947,43.33333,1.9,580,81.0,978,72.0,894,572,8.4,48.6,0.5375,0,1,0,0,0,0,0
6,0.5,918,44.66667,1.0,501,42.0,1148,40.0,881,420,8.0,54.7,0.5883,0,1,0,0,0,0,0
7,0.5,920,32.33333,1.1,506,61.0,1142,56.0,905,453,7.8,55.7,0.5914,0,1,0,0,0,0,0
8,0.7,941,40.0,1.5,541,101.0,1065,81.0,919,520,8.0,53.8,0.5796,0,1,0,0,0,0,0
9,0.7,949,49.66667,1.6,552,98.0,1035,81.0,919,531,8.8,50.7,0.5752,0,1,0,0,0,0,0
10,0.9,990,48.66667,2.3,604,114.0,944,88.0,947,579,10.1,47.6,0.587,0,1,0,0,0,0,0
11,1.0,996,68.66667,2.5,620,118.0,928,94.0,946,570,10.6,45.8,0.5838,0,1,0,0,0,0,0
12,1.1,1023,67.33333,2.5,623,120.0,916,97.0,976,571,9.1,56.2,0.6515,0,1,0,0,0,0,0
13,1.1,1037,63.66667,2.8,636,151.0,891,112.0,1024,582,7.9,66.5,0.7124,0,1,0,0,0,0,0
14,1.0,1017,55.33333,2.4,613,131.0,919,104.0,1007,551,8.0,65.0,0.6991,0,1,0,0,0,0,0
15,1.1,1042,52.33333,3.3,671,145.0,861,107.0,1038,634,8.4,61.0,0.6721,0,1,0,0,0,0,0
16,1.3,1037,83.0,3.2,665,156.0,854,114.0,1013,633,8.6,57.3,0.6429,0,1,0,0,0,0,0
17,1.2,1009,55.0,2.8,640,151.0,915,115.0,996,613,8.4,56.3,0.6227,0,1,0,0,0,0,0
18,1.3,1033,57.66667,3.4,675,173.0,853,127.0,1006,702,8.0,57.7,0.6222,0,1,0,0,0,0,0
19,1.1,1016,74.33333,2.9,647,154.0,906,119.0,997,649,7.1,62.6,0.6341,0,1,0,0,0,0,0
20,1.5,1076,71.66667,4.6,745,221.0,801,149.0,1040,841,7.4,59.3,0.6123,0,1,0,0,0,0,0
21,1.4,1029,55.66667,3.8,699,193.0,851,140.0,1001,795,7.7,56.9,0.5994,0,1,0,0,0,0,0
22,1.1,984,53.66667,3.1,661,130.0,898,105.0,965,638,7.7,54.4,0.5753,0,1,0,0,0,0,0
23,1.3,1003,91.33333,3.7,694,156.0,876,116.0,976,663,7.7,53.0,0.5572,0,1,0,0,0,0,0
0,1.4,1009,70.66667,3.3,671,148.0,877,112.0,1010,610,6.7,62.8,0.6188,0,0,1,0,0,0,0
1,1.1,946,56.0,2.1,588,93.0,1005,80.0,948,480,6.6,61.9,0.6056,0,0,1,0,0,0,0
2,0.8,910,25.66667,1.2,518,66.0,1130,59.0,936,404,5.7,70.3,0.6498,0,0,1,0,0,0,0
4,0.43333,879,26.33333,0.5,447,38.0,1317,36.0,910,348,4.0,81.5,0.6712,0,0,1,0,0,0,0
5,0.5,907,35.33333,1.0,502,50.0,1129,49.0,947,399,3.9,81.5,0.6653,0,0,1,0,0,0,0
6,0.6,949,44.66667,2.1,589,77.0,987,63.0,1001,464,3.3,84.3,0.6617,0,0,1,0,0,0,0
7,1.2,1054,89.66667,5.5,786,183.0,766,123.0,1129,699,4.2,80.9,0.6742,0,0,1,0,0,0,0
8,2.2,1214,239.66667,10.9,1010,256.0,609,164.0,1282,1006,5.1,75.0,0.6646,0,0,1,0,0,0,0
9,2.9,1253,304.66667,13.3,1095,355.0,566,218.0,1375,1206,4.6,77.6,0.6651,0,0,1,0,0,0,0
10,2.9,1197,185.33333,9.6,964,491.0,614,254.0,1260,1122,3.8,84.3,0.6811,0,0,1,0,0,0,0
11,2.0,1156,199.0,7.0,859,387.0,684,210.0,1196,1069,6.2,77.4,0.7383,0,0,1,0,0,0,0
12,1.7,1132,217.0,6.6,837,384.0,694,208.0,1199,1062,7.7,67.6,0.7133,0,0,1,0,0,0,0
13,2.2,1207,189.0,9.3,950,368.0,623,204.0,1303,1162,8.1,64.8,0.7039,0,0,1,0,0,0,0
14,1.8,1127,156.33333,7.9,896,258.0,664,172.0,1227,1010,8.1,64.0,0.6942,0,0,1,0,0,0,0
15,1.6,1112,82.0,6.9,851,231.0,694,157.0,1184,931,6.9,71.3,0.7118,0,0,1,0,0,0,0
16,1.9,1186,122.0,8.6,925,290.0,641,181.0,1272,1025,7.0,73.7,0.7425,0,0,1,0,0,0,0
17,2.2,1192,149.33333,10.0,976,335.0,618,194.0,1290,1110,7.3,70.0,0.7195,0,0,1,0,0,0,0
18,2.2,1177,87.33333,8.8,931,293.0,656,193.0,1281,979,5.8,77.8,0.7223,0,0,1,0,0,0,0
19,4.9,1478,324.66667,20.2,1301,526.0,469,252.0,1682,1409,5.4,80.9,0.7293,0,0,1,0,0,0,0
20,6.3,1486,647.33333,19.7,1289,607.0,466,283.0,1633,1438,5.5,79.8,0.7261,0,0,1,0,0,0,0
21,2.7,1118,158.33333,7.1,863,326.0,680,208.0,1194,1083,5.6,74.0,0.6808,0,0,1,0,0,0,0
22,1.4,1019,82.0,4.4,730,188.0,811,143.0,1082,916,5.6,71.9,0.6604,0,0,1,0,0,0,0
23,1.2,961,78.0,2.9,643,163.0,914,124.0,1046,825,6.4,70.7,0.6848,0,0,1,0,0,0,0
0,0.8,931,75.0,2.1,591,102.0,1015,89.0,1015,704,6.3,70.1,0.6733,0,0,0,1,0,0,0
1,0.8,938,68.0,2.1,592,95.0,992,85.0,1032,668,4.4,80.5,0.6825,0,0,0,1,0,0,0
2,0.7,888,45.66667,1.1,511,71.0,1112,66.0,963,512,3.9,83.1,0.6787,0,0,0,1,0,0,0
4,0.4,851,38.66667,0.5,440,46.0,1349,46.0,918,377,3.4,85.4,0.6736,0,0,0,1,0,0,0
5,0.5,905,30.66667,1.0,503,62.0,1152,60.0,956,467,3.3,84.5,0.6608,0,0,0,1,0,0,0
6,0.9,987,53.33333,2.6,628,170.0,929,117.0,1035,691,3.4,84.5,0.664,0,0,0,1,0,0,0
7,1.5,1124,57.33333,6.7,842,313.0,690,178.0,1180,981,3.4,84.5,0.6677,0,0,0,1,0,0,0
8,3.8,1408,244.0,16.7,1200,687.0,490,295.0,1523,1369,4.1,82.7,0.682,0,0,0,1,0,0,0
9,5.4,1501,617.0,24.0,1403,757.0,418,243.0,1789,1589,4.6,80.3,0.6889,0,0,0,1,0,0,0
10,3.5,1266,442.0,15.0,1149,559.0,528,255.0,1435,1370,6.1,74.0,0.7025,0,0,0,1,0,0,0
11,1.7,1082,161.66667,6.9,855,286.0,725,201.0,1140,1005,9.1,58.4,0.6787,0,0,0,1,0,0,0
12,2.0,1123,180.33333,9.1,942,324.0,653,208.0,1225,1105,11.4,48.9,0.658,0,0,0,1,0,0,0
13,2.1,1174,212.0,10.0,979,316.0,611,212.0,1282,1142,8.3,64.4,0.7072,0,0,0,1,0,0,0
14,3.0,1209,174.66667,12.9,1082,407.0,573,238.0,1355,1105,6.5,71.0,0.6903,0,0,0,1,0,0,0
15,2.1,1120,196.0,9.0,940,305.0,657,201.0,1245,917,6.6,71.1,0.6973,0,0,0,1,0,0,0
16,2.5,1174,243.33333,10.9,1010,360.0,613,218.0,1305,1050,7.4,69.3,0.7165,0,0,0,1,0,0,0
17,2.2,1068,139.66667,7.9,896,339.0,702,222.0,1177,848,6.4,70.6,0.6834,0,0,0,1,0,0,0
18,2.4,1146,313.0,10.2,985,304.0,650,206.0,1236,952,5.8,72.5,0.6718,0,0,0,1,0,0,0
19,3.6,1204,518.0,13.2,1089,397.0,601,251.0,1335,1059,5.6,71.6,0.6556,0,0,0,1,0,0,0
20,2.6,1062,272.0,8.1,903,270.0,717,190.0,1141,720,4.2,77.8,0.6491,0,0,0,1,0,0,0
21,2.7,1122,263.66667,8.5,919,339.0,680,218.0,1201,981,4.3,79.5,0.6648,0,0,0,1,0,0,0
22,1.4,940,72.66667,3.6,686,190.0,903,150.0,1005,648,4.5,75.5,0.6429,0,0,0,1,0,0,0
23,0.9,935,65.66667,2.6,628,126.0,995,111.0,986,611,4.4,77.1,0.6523,0,0,0,1,0,0,0
0,1.5,1011,93.33333,4.3,725,189.0,852,142.0,1050,773,4.2,78.2,0.6506,0,0,0,0,1,0,0
1,1.1,952,63.66667,3.2,665,146.0,907,119.0,1007,703,4.0,79.3,0.6517,0,0,0,0,1,0,0
2,0.8,899,58.0,1.8,572,98.0,1063,87.0,951,560,3.9,78.7,0.643,0,0,0,0,1,0,0
4,0.6,882,45.0,1.2,516,75.0,1132,70.0,959,575,3.2,82.8,0.6426,0,0,0,0,1,0,0
5,0.6,844,32.66667,0.7,466,77.0,1261,68.0,894,478,4.1,76.0,0.6304,0,0,0,0,1,0,0
6,0.6,860,39.0,1.0,497,72.0,1251,66.0,912,442,4.2,75.9,0.6311,0,0,0,0,1,0,0
7,0.7,917,50.66667,2.2,597,152.0,1084,117.0,994,602,4.5,76.3,0.648,0,0,0,0,1,0,0
8,1.7,1126,135.0,7.7,886,337.0,719,197.0,1208,936,4.4,79.1,0.6687,0,0,0,0,1,0,0
9,1.9,1033,190.66667,6.2,820,360.0,740,198.0,1114,870,4.3,79.8,0.6706,0,0,0,0,1,0,0
10,1.4,944,78.0,3.8,697,243.0,881,167.0,1022,688,3.1,83.0,0.6419,0,0,0,0,1,0,0
11,1.3,955,68.0,3.6,687,277.0,895,180.0,1004,706,2.8,83.9,0.6326,0,0,0,0,1,0,0
12,1.2,992,137.33333,3.7,694,266.0,900,169.0,1020,756,3.9,79.5,0.6482,0,0,0,0,1,0,0
13,1.9,1090,137.66667,8.3,910,317.0,701,210.0,1192,974,5.1,74.5,0.6621,0,0,0,0,1,0,0
14,2.5,1151,224.33333,10.1,983,375.0,629,232.0,1244,1121,5.7,72.5,0.6686,0,0,0,0,1,0,0
15,2.3,1148,166.33333,9.9,975,349.0,638,223.0,1243,1064,5.6,74.6,0.6826,0,0,0,0,1,0,0
16,2.3,1140,172.0,9.2,946,377.0,653,224.0,1231,1076,5.4,75.9,0.6875,0,0,0,0,1,0,0
17,2.5,1160,183.0,10.3,990,403.0,632,238.0,1254,1090,4.9,78.2,0.6826,0,0,0,0,1,0,0
18,2.8,1167,182.33333,11.4,1027,422.0,610,249.0,1289,1119,4.8,79.0,0.6845,0,0,0,0,1,0,0
19,2.7,1194,225.66667,11.7,1038,388.0,605,223.0,1317,1181,4.8,78.6,0.6826,0,0,0,0,1,0,0
20,3.1,1224,161.33333,12.6,1071,431.0,590,244.0,1331,1240,4.6,78.2,0.6686,0,0,0,0,1,0,0
21,2.9,1209,250.0,11.4,1028,425.0,619,243.0,1264,1254,4.2,79.7,0.6647,0,0,0,0,1,0,0
22,2.6,1145,183.66667,9.6,962,391.0,657,226.0,1212,1192,4.3,78.9,0.6621,0,0,0,0,1,0,0
23,1.5,1016,109.0,4.6,744,231.0,825,167.0,1053,1020,4.2,77.9,0.6479,0,0,0,0,1,0,0
0,1.6,1018,86.33333,4.7,750,248.0,831,172.0,1051,916,3.2,83.0,0.645,0,0,0,0,0,1,0
1,1.1,937,70.66667,2.6,625,142.0,977,120.0,983,798,5.1,74.5,0.6626,0,0,0,0,0,1,0
2,0.9,949,42.66667,2.9,647,117.0,956,100.0,1023,762,4.0,80.8,0.6666,0,0,0,0,0,1,0
4,0.63333,884,43.33333,1.3,528,96.0,1148,86.0,960,619,2.9,85.3,0.6503,0,0,0,0,0,1,0
5,0.6,883,58.0,1.2,518,87.0,1135,81.0,962,606,3.3,84.5,0.6612,0,0,0,0,0,1,0
6,0.8,968,106.33333,3.0,652,197.0,937,131.0,1051,788,3.6,84.4,0.6724,0,0,0,0,0,1,0
7,1.5,1071,112.66667,5.5,787,290.0,755,170.0,1146,947,3.8,83.8,0.6771,0,0,0,0,0,1,0
8,3.1,1310,188.33333,12.9,1082,621.0,555,267.0,1400,1254,4.1,82.5,0.6819,0,0,0,0,0,1,0
9,3.8,1332,508.33333,14.5,1132,645.0,522,269.0,1439,1352,3.9,83.9,0.6847,0,0,0,0,0,1,0
10,2.7,1178,147.33333,9.0,939,573.0,640,244.0,1228,1165,4.1,83.9,0.6967,0,0,0,0,0,1,0
11,1.8,1093,172.33333,6.5,836,414.0,728,232.0,1142,1025,4.6,82.0,0.6997,0,0,0,0,0,1,0
12,1.4,1060,135.66667,5.4,784,314.0,770,196.0,1117,941,5.5,79.5,0.7238,0,0,0,0,0,1,0
13,1.7,1121,129.33333,7.4,873,317.0,697,195.0,1206,1000,6.7,76.2,0.7519,0,0,0,0,0,1,0
14,1.9,1118,147.33333,7.7,888,290.0,685,189.0,1223,962,7.9,69.0,0.7394,0,0,0,0,0,1,0
15,2.2,1205,132.66667,10.7,1002,385.0,612,212.0,1299,1214,8.5,66.3,0.7387,0,0,0,0,0,1,0
16,3.0,1274,190.0,13.3,1094,507.0,537,267.0,1364,1428,7.6,70.8,0.7399,0,0,0,0,0,1,0
17,3.0,1301,172.66667,13.2,1092,534.0,525,262.0,1388,1484,7.2,72.4,0.7372,0,0,0,0,0,1,0
18,3.9,1405,315.33333,17.5,1224,601.0,468,270.0,1503,1658,6.7,74.2,0.7326,0,0,0,0,0,1,0
19,4.0,1375,578.66667,17.7,1230,583.0,473,260.0,1522,1632,6.1,75.8,0.7184,0,0,0,0,0,1,0
20,3.9,1367,527.33333,17.5,1225,551.0,485,265.0,1492,1628,6.3,74.9,0.7187,0,0,0,0,0,1,0
21,3.5,1324,318.33333,14.1,1121,547.0,531,262.0,1399,1481,6.0,78.0,0.7345,0,0,0,0,0,1,0
22,2.4,1170,156.33333,8.4,917,385.0,652,227.0,1218,1205,5.6,81.2,0.7443,0,0,0,0,0,1,0
23,2.1,1169,178.33333,7.9,895,318.0,681,192.0,1201,1106,5.5,81.5,0.7393,0,0,0,0,0,1,0
0,2.5,1181,143.66667,8.1,905,356.0,657,202.0,1215,1106,5.3,84.1,0.753,0,0,0,0,0,0,1
1,2.1,1146,93.33333,7.1,860,326.0,692,189.0,1181,1092,5.2,83.9,0.7487,0,0,0,0,0,0,1
2,1.5,1059,85.0,5.2,773,233.0,767,157.0,1127,984,5.1,83.5,0.7416,0,0,0,0,0,0,1
4,1.0,1007,43.33333,3.4,677,116.0,863,97.0,1053,848,5.0,82.5,0.7265,0,0,0,0,0,0,1
5,0.8,932,67.33333,2.1,595,120.0,991,100.0,1025,771,5.0,82.8,0.7273,0,0,0,0,0,0,1
6,1.0,998,62.33333,4.1,717,228.0,872,146.0,1095,895,5.2,80.7,0.7219,0,0,0,0,0,0,1
7,1.4,1072,86.0,6.1,819,303.0,751,175.0,1161,1003,5.3,80.2,0.7179,0,0,0,0,0,0,1
10,4.2,1364,290.0,17.8,1234,529.0,504,190.0,1533,1606,8.3,67.4,0.7384,0,0,0,0,0,0,1
11,3.3,1190,520.66667,11.8,1044,615.0,615,166.0,1324,1354,10.8,52.1,0.6746,0,0,0,0,0,0,1
12,1.7,1021,136.66667,6.6,839,298.0,771,153.0,1084,914,13.0,40.3,0.6028,0,0,0,0,0,0,1
13,2.1,1051,124.66667,8.4,914,317.0,707,167.0,1122,913,10.9,44.8,0.5849,0,0,0,0,0,0,1
14,2.2,1021,102.33333,7.6,882,305.0,727,137.0,1097,847,11.5,42.1,0.5706,0,0,0,0,0,0,1
15,1.8,1016,129.33333,6.7,842,253.0,762,140.0,1067,778,12.5,38.5,0.5568,0,0,0,0,0,0,1
16,2.0,1040,147.33333,7.9,893,296.0,723,150.0,1104,835,12.6,38.5,0.5586,0,0,0,0,0,0,1
17,2.3,1089,118.33333,8.4,916,293.0,710,152.0,1124,903,12.3,38.4,0.5488,0,0,0,0,0,0,1
18,2.8,1148,265.0,12.1,1054,353.0,631,177.0,1233,1157,10.2,43.1,0.5366,0,0,0,0,0,0,1
19,3.4,1162,161.33333,12.6,1070,399.0,625,189.0,1229,1237,8.6,48.2,0.5385,0,0,0,0,0,0,1
20,4.0,1197,327.66667,13.6,1102,454.0,609,195.0,1309,1253,7.8,50.8,0.5384,0,0,0,0,0,0,1
21,2.3,1059,246.66667,8.1,905,356.0,735,179.0,1098,1130,7.3,52.8,0.5404,0,0,0,0,0,0,1
22,2.7,1207,183.33333,11.2,1023,473.0,629,188.0,1233,1373,6.2,62.4,0.5958,0,0,0,0,0,0,1
23,2.7,1188,264.66667,10.1,983,482.0,648,170.0,1193,1338,5.1,68.2,0.6033,0,0,0,0,0,0,1
0,2.8,1153,242.66667,8.8,933,443.0,687,161.0,1133,1268,4.7,69.0,0.5936,1,0,0,0,0,0,0
1,2.1,1061,135.66667,6.8,849,373.0,757,145.0,1063,1125,4.0,69.8,0.5756,1,0,0,0,0,0,0
2,1.9,1028,112.33333,6.4,831,320.0,771,136.0,1063,1054,3.4,71.3,0.5626,1,0,0,0,0,0,0
4,1.7,1037,99.0,5.2,771,233.0,784,122.0,1004,1029,2.3,75.1,0.5514,1,0,0,0,0,0,0
5,1.3,942,51.0,3.6,688,161.0,897,115.0,947,882,3.8,66.2,0.5359,1,0,0,0,0,0,0
6,0.9,904,43.0,2.7,633,137.0,993,103.0,897,717,4.6,60.5,0.5173,1,0,0,0,0,0,0
7,1.0,855,51.33333,1.9,578,144.0,1121,108.0,855,599,5.7,54.3,0.5022,1,0,0,0,0,0,0
8,1.0,914,102.0,3.9,705,182.0,966,124.0,926,687,6.2,51.3,0.488,1,0,0,0,0,0,0
9,1.5,933,82.33333,4.1,714,227.0,899,133.0,927,706,6.7,49.5,0.4892,1,0,0,0,0,0,0
10,1.5,942,73.66667,3.7,696,203.0,920,124.0,912,682,8.8,45.0,0.5114,1,0,0,0,0,0,0
11,1.4,943,75.0,3.6,688,179.0,924,116.0,909,629,9.6,43.5,0.5202,1,0,0,0,0,0,0
12,2.4,959,91.66667,4.1,717,171.0,892,113.0,939,664,9.8,43.3,0.5238,1,0,0,0,0,0,0
13,2.8,971,113.33333,4.5,739,181.0,868,117.0,972,664,9.9,43.5,0.53,1,0,0,0,0,0,0
14,2.9,954,65.33333,4.5,735,175.0,863,118.0,953,630,9.8,44.1,0.5332,1,0,0,0,0,0,0
15,2.6,929,69.66667,2.9,645,148.0,962,108.0,906,524,9.7,45.1,0.5417,1,0,0,0,0,0,0
16,2.5,933,68.66667,3.1,660,132.0,955,98.0,911,488,9.0,47.3,0.542,1,0,0,0,0,0,0
17,2.7,967,68.66667,3.9,704,162.0,888,117.0,961,609,7.4,56.0,0.5797,1,0,0,0,0,0,0
18,2.8,987,52.0,4.2,723,185.0,863,126.0,974,684,6.4,61.7,0.5956,1,0,0,0,0,0,0
19,3.0,1003,61.33333,5.2,772,234.0,821,142.0,1008,788,6.8,58.0,0.5758,1,0,0,0,0,0,0
20,3.7,1138,148.66667,10.2,986,275.0,663,157.0,1188,1030,7.3,56.7,0.5806,1,0,0,0,0,0,0
21,3.5,1087,156.33333,8.1,903,272.0,713,161.0,1106,1026,7.2,56.7,0.579,1,0,0,0,0,0,0
22,3.8,1129,180.0,8.5,920,331.0,689,169.0,1139,1182,6.7,59.1,0.5848,1,0,0,0,0,0,0
23,4.3,1191,254.33333,10.7,1005,347.0,637,166.0,1224,1284,5.9,62.1,0.5808,1,0,0,0,0,0,0
0,4.8,1256,254.0,11.5,1032,488.0,612,189.0,1230,1371,6.3,60.4,0.5811,0,1,0,0,0,0,0
1,4.2,1171,189.0,9.5,960,404.0,679,184.0,1121,1234,5.5,60.2,0.5458,0,1,0,0,0,0,0
2,3.3,1016,84.66667,5.3,780,255.0,798,145.0,1004,1060,4.6,64.4,0.5525,0,1,0,0,0,0,0
4,1.2,980,73.66667,4.6,744,174.0,840,119.0,979,970,2.8,70.9,0.5383,0,1,0,0,0,0,0
5,1.0,901,78.66667,2.7,631,108.0,988,87.0,915,751,3.7,65.9,0.5295,0,1,0,0,0,0,0
6,0.9,914,64.66667,3.1,655,107.0,949,77.0,949,742,1.6,74.3,0.5168,0,1,0,0,0,0,0
7,1.1,940,55.33333,3.2,665,188.0,900,112.0,955,879,1.4,76.3,0.5261,0,1,0,0,0,0,0
8,1.1,935,40.66667,3.6,689,225.0,894,118.0,949,871,2.5,69.5,0.5172,0,1,0,0,0,0,0
9,1.2,970,48.0,3.7,691,208.0,891,124.0,956,890,3.7,64.8,0.5208,0,1,0,0,0,0,0
10,1.7,1064,105.33333,6.4,830,270.0,739,144.0,1053,1059,7.8,49.9,0.5307,0,1,0,0,0,0,0
11,1.6,1023,91.0,5.2,776,202.0,817,128.0,972,808,11.2,37.1,0.4936,0,1,0,0,0,0,0
12,1.4,955,75.66667,3.9,706,168.0,888,120.0,884,616,12.6,30.6,0.446,0,1,0,0,0,0,0
13,1.8,943,69.33333,4.1,714,191.0,898,131.0,868,609,10.3,32.9,0.4131,0,1,0,0,0,0,0
14,1.1,895,58.66667,2.5,622,149.0,1012,115.0,804,471,10.0,35.5,0.4346,0,1,0,0,0,0,0
15,0.9,890,40.66667,2.2,601,101.0,1053,82.0,803,391,8.8,40.0,0.4538,0,1,0,0,0,0,0
16,1.1,904,40.0,2.3,608,134.0,1033,100.0,807,398,8.3,40.3,0.4431,0,1,0,0,0,0,0
17,1.1,888,28.66667,2.4,611,150.0,1035,111.0,791,419,7.9,38.9,0.4141,0,1,0,0,0,0,0
18,1.2,905,53.66667,2.9,648,188.0,1007,132.0,822,509,6.8,41.0,0.4072,0,1,0,0,0,0,0
19,1.6,974,49.0,4.9,757,254.0,886,155.0,884,723,6.0,42.0,0.3962,0,1,0,0,0,0,0
20,2.6,1048,62.66667,6.8,847,324.0,801,181.0,955,888,5.5,43.5,0.3963,0,1,0,0,0,0,0
21,1.5,895,76.66667,3.1,660,238.0,975,155.0,826,596,4.6,46.8,0.4001,0,1,0,0,0,0,0
22,1.0,875,65.33333,2.1,594,128.0,1079,105.0,793,451,4.5,48.0,0.4085,0,1,0,0,0,0,0
23,1.3,943,57.0,3.9,703,169.0,950,119.0,870,581,4.3,48.6,0.4069,0,1,0,0,0,0,0
0,1.6,947,51.0,3.8,697,215.0,913,150.0,878,698,4.0,50.0,0.4115,0,0,1,0,0,0,0
1,1.0,865,38.33333,1.8,566,111.0,1119,94.0,797,423,4.0,52.9,0.4338,0,0,1,0,0,0,0
2,0.6,823,25.66667,1.0,503,60.0,1268,56.0,755,332,4.0,51.0,0.42,0,0,1,0,0,0,0
4,0.3,781,28.66667,0.4,425,29.0,1609,28.0,667,261,3.8,48.0,0.3879,0,0,1,0,0,0,0
5,0.3,781,25.66667,0.3,409,25.0,1664,25.0,669,252,3.6,50.3,0.4022,0,0,1,0,0,0,0
6,0.3,779,25.66667,0.2,402,34.0,1665,31.0,684,257,2.8,52.6,0.3972,0,0,1,0,0,0,0
7,0.4,817,40.0,0.7,462,89.0,1378,66.0,732,308,2.5,52.7,0.3908,0,0,1,0,0,0,0
8,1.0,893,48.0,2.6,629,212.0,1015,111.0,837,456,2.7,50.5,0.3804,0,0,1,0,0,0,0
9,1.2,883,93.33333,3.1,659,216.0,943,122.0,842,527,2.7,49.4,0.3714,0,0,1,0,0,0,0
10,1.0,839,71.66667,2.3,608,191.0,1040,115.0,780,475,3.3,45.2,0.354,0,0,1,0,0,0,0
11,0.9,809,65.66667,2.0,587,200.0,1084,123.0,744,434,3.1,43.3,0.3354,0,0,1,0,0,0,0
12,0.8,805,60.33333,2.0,584,164.0,1137,119.0,726,385,3.7,38.8,0.3123,0,0,1,0,0,0,0
13,1.1,840,65.0,3.1,661,185.0,1016,125.0,757,435,4.0,36.8,0.3016,0,0,1,0,0,0,0
14,1.0,812,54.66667,2.9,646,156.0,1045,110.0,731,421,3.7,35.0,0.2823,0,0,1,0,0,0,0
15,0.8,782,46.33333,2.1,594,155.0,1134,111.0,673,371,3.4,32.4,0.2563,0,0,1,0,0,0,0
16,0.9,799,43.33333,2.5,617,158.0,1099,114.0,699,382,3.3,33.1,0.2592,0,0,1,0,0,0,0
17,0.9,812,92.33333,2.8,640,166.0,1093,114.0,716,408,2.6,35.1,0.2618,0,0,1,0,0,0,0
18,2.0,922,93.33333,6.7,842,268.0,849,140.0,858,676,2.1,36.6,0.2634,0,0,1,0,0,0,0
19,2.4,938,89.66667,8.1,903,309.0,790,141.0,885,798,1.6,37.9,0.2645,0,0,1,0,0,0,0
20,2.5,939,115.0,7.4,872,297.0,814,142.0,870,793,1.4,38.0,0.2615,0,0,1,0,0,0,0
21,1.6,827,51.33333,3.6,687,225.0,1015,123.0,727,573,1.0,36.6,0.2456,0,0,1,0,0,0,0
22,0.9,776,58.33333,1.9,580,122.0,1183,90.0,655,402,1.1,35.4,0.2382,0,0,1,0,0,0,0
23,0.7,755,58.33333,1.4,538,100.0,1285,79.0,621,343,1.0,34.3,0.2292,0,0,1,0,0,0,0
0,0.6,766,45.33333,1.2,515,86.0,1327,69.0,642,322,1.0,37.4,0.2487,0,0,0,1,0,0,0
1,0.6,762,33.66667,0.9,487,71.0,1364,60.0,640,307,0.7,41.2,0.2693,0,0,0,1,0,0,0
2,0.4,736,31.0,0.6,453,39.0,1498,37.0,602,268,0.2,40.6,0.2566,0,0,0,1,0,0,0
4,0.2,716,33.0,0.2,390,29.0,1804,27.0,551,221,-0.1,37.5,0.2326,0,0,0,1,0,0,0
5,0.2,731,33.0,0.3,408,32.0,1727,30.0,561,225,-0.3,38.4,0.2347,0,0,0,1,0,0,0
6,0.2,735,25.66667,0.3,407,37.0,1677,33.0,579,232,-0.6,40.1,0.2404,0,0,0,1,0,0,0
7,0.5,779,53.33333,1.0,500,134.0,1361,84.0,652,313,-0.6,41.4,0.2478,0,0,0,1,0,0,0
8,1.5,915,88.0,5.2,774,358.0,911,147.0,839,629,-0.2,40.2,0.2478,0,0,0,1,0,0,0
9,1.9,905,188.66667,6.1,818,354.0,853,143.0,840,790,0.6,36.8,0.2388,0,0,0,1,0,0,0
10,1.4,835,127.0,3.6,688,284.0,988,122.0,720,630,2.8,30.3,0.2294,0,0,0,1,0,0,0
11,0.9,798,51.33333,2.3,609,213.0,1122,109.0,660,472,3.1,29.1,0.224,0,0,0,1,0,0,0
12,0.7,783,70.66667,1.9,580,174.0,1181,95.0,647,378,3.3,29.2,0.2288,0,0,0,1,0,0,0
13,0.8,807,89.66667,2.6,623,157.0,1097,94.0,684,384,3.1,31.0,0.2386,0,0,0,1,0,0,0
14,1.0,827,50.66667,3.1,660,178.0,1030,102.0,709,426,3.2,30.8,0.2399,0,0,0,1,0,0,0
15,0.9,822,81.66667,2.7,632,187.0,1074,107.0,701,442,3.3,31.5,0.2464,0,0,0,1,0,0,0
16,1.0,830,75.33333,3.0,655,198.0,1045,113.0,710,467,4.1,28.6,0.2363,0,0,0,1,0,0,0
17,0.9,833,101.0,3.0,653,186.0,1073,110.0,708,448,3.9,29.2,0.2378,0,0,0,1,0,0,0
18,1.4,882,70.66667,5.0,766,203.0,922,116.0,815,582,1.9,35.0,0.2494,0,0,0,1,0,0,0
19,2.1,967,206.0,7.5,880,313.0,815,148.0,887,892,1.8,35.4,0.2497,0,0,0,1,0,0,0
20,2.8,1009,183.33333,9.5,958,342.0,751,156.0,935,1006,1.4,36.5,0.2503,0,0,0,1,0,0,0
21,2.2,911,178.0,5.3,777,310.0,913,159.0,796,852,0.8,36.3,0.2388,0,0,0,1,0,0,0
22,1.0,808,72.66667,2.4,613,165.0,1137,116.0,672,543,0.6,34.1,0.221,0,0,0,1,0,0,0
23,1.1,812,65.66667,2.5,621,152.0,1143,110.0,669,529,0.3,31.9,0.2031,0,0,0,1,0,0,0
0,0.9,790,67.33333,2.2,597,141.0,1184,102.0,637,465,0.2,30.2,0.191,0,0,0,0,1,0,0
1,0.8,765,52.0,1.5,544,122.0,1253,93.0,601,405,0.0,29.7,0.1847,0,0,0,0,1,0,0
2,0.6,761,40.33333,1.3,525,79.0,1307,67.0,605,332,-0.1,31.9,0.1975,0,0,0,0,1,0,0
4,0.6,790,31.0,0.7,471,81.0,1302,75.0,669,532,-1.4,44.9,0.2536,0,0,0,0,1,0,0
5,0.4,804,28.33333,0.9,489,77.0,1262,73.0,698,630,-1.3,46.3,0.2635,0,0,0,0,1,0,0
6,0.5,831,42.33333,1.4,537,124.0,1158,96.0,722,768,-1.2,47.2,0.27,0,0,0,0,1,0,0
7,0.7,881,51.0,3.5,680,159.0,1023,110.0,813,866,-1.3,47.5,0.2702,0,0,0,0,1,0,0
8,2.4,1099,146.66667,11.0,1013,396.0,690,150.0,1056,1254,-1.9,51.4,0.2801,0,0,0,0,1,0,0
9,2.8,1100,171.33333,12.4,1065,479.0,669,169.0,1072,1347,-0.5,45.9,0.2763,0,0,0,0,1,0,0
10,2.0,1042,165.33333,8.3,910,438.0,774,181.0,922,1216,4.6,32.5,0.2783,0,0,0,0,1,0,0
11,2.2,1026,152.66667,8.9,935,466.0,747,187.0,942,1151,7.5,24.3,0.2528,0,0,0,0,1,0,0
12,1.4,905,71.33333,5.7,796,288.0,900,146.0,767,699,9.6,18.8,0.2246,0,0,0,0,1,0,0
13,1.2,891,71.33333,5.5,790,205.0,927,131.0,764,584,9.3,18.4,0.2157,0,0,0,0,1,0,0
14,1.9,968,96.0,9.0,938,311.0,790,161.0,897,836,9.7,18.6,0.2244,0,0,0,0,1,0,0
15,1.3,909,79.66667,6.3,826,246.0,898,143.0,802,626,10.1,16.7,0.2062,0,0,0,0,1,0,0
16,2.0,938,124.33333,9.1,945,356.0,804,176.0,855,878,11.8,13.5,0.1862,0,0,0,0,1,0,0
17,2.0,971,153.0,8.4,917,397.0,802,178.0,885,952,11.6,15.3,0.2086,0,0,0,0,1,0,0
18,3.4,1148,259.0,17.5,1226,579.0,624,207.0,1126,1460,9.1,19.2,0.2225,0,0,0,0,1,0,0
19,5.1,1299,400.66667,23.3,1384,819.0,523,240.0,1325,1855,7.2,25.6,0.2611,0,0,0,0,1,0,0
20,5.3,1315,385.33333,19.0,1269,754.0,551,236.0,1282,1860,6.1,34.0,0.3237,0,0,0,0,1,0,0
21,2.8,1180,257.0,11.1,1020,473.0,656,199.0,1054,1629,5.1,36.4,0.323,0,0,0,0,1,0,0
22,1.6,1070,95.0,6.2,821,300.0,754,170.0,936,1454,4.8,39.6,0.344,0,0,0,0,1,0,0
23,1.4,1031,110.33333,5.0,763,235.0,818,153.0,905,1348,5.0,39.6,0.3479,0,0,0,0,1,0,0
0,1.4,1047,99.33333,5.3,778,207.0,799,140.0,907,1326,4.1,41.7,0.3456,0,0,0,0,0,1,0
1,1.4,1030,68.33333,4.2,724,204.0,832,138.0,893,1285,4.4,43.3,0.3656,0,0,0,0,0,1,0
2,1.1,986,66.66667,3.5,682,155.0,875,117.0,884,1205,3.8,45.9,0.3728,0,0,0,0,0,1,0
4,1.0,1076,60.0,4.1,715,179.0,783,119.0,947,1448,3.4,56.3,0.4455,0,0,0,0,0,1,0
5,1.0,1104,81.33333,4.0,713,143.0,754,108.0,1001,1433,2.9,67.9,0.5183,0,0,0,0,0,1,0
6,1.2,1160,42.0,5.1,770,212.0,702,121.0,1063,1447,2.8,74.1,0.5618,0,0,0,0,0,1,0
7,1.4,1217,126.66667,6.7,846,263.0,650,136.0,1120,1481,2.9,75.6,0.5742,0,0,0,0,0,1,0
8,3.0,1457,268.33333,15.6,1167,648.0,496,175.0,1422,1785,3.8,72.4,0.5867,0,0,0,0,0,1,0
9,4.2,1337,609.33333,17.1,1212,717.0,529,211.0,1406,1756,5.9,50.2,0.4706,0,0,0,0,0,1,0
10,2.1,1111,158.66667,8.8,931,389.0,687,186.0,1069,1368,7.3,39.4,0.4035,0,0,0,0,0,1,0
11,2.0,1165,159.0,6.9,852,438.0,692,177.0,1155,1197,3.6,75.9,0.6055,0,0,0,0,0,1,0
12,1.6,1129,114.66667,5.4,783,282.0,757,147.0,1127,1084,3.6,78.6,0.6283,0,0,0,0,0,1,0
13,1.4,1092,129.33333,4.9,759,268.0,773,150.0,1088,1039,5.3,69.2,0.6213,0,0,0,0,0,1,0
14,1.6,1096,107.0,5.3,777,248.0,767,148.0,1107,961,6.1,66.0,0.6255,0,0,0,0,0,1,0
15,1.5,1108,118.33333,5.4,783,272.0,758,151.0,1115,964,6.0,70.1,0.6577,0,0,0,0,0,1,0
16,1.7,1124,154.0,5.5,787,291.0,740,151.0,1147,941,6.3,72.1,0.6907,0,0,0,0,0,1,0
17,1.9,1216,182.66667,7.5,879,363.0,670,165.0,1252,1111,6.3,75.7,0.7252,0,0,0,0,0,1,0
18,3.8,1437,337.0,16.7,1202,660.0,507,197.0,1510,1459,5.6,80.4,0.7382,0,0,0,0,0,1,0
19,5.4,1473,642.33333,18.2,1245,907.0,476,228.0,1539,1519,4.9,82.4,0.7201,0,0,0,0,0,1,0
20,4.2,1396,397.33333,15.5,1164,639.0,508,196.0,1488,1412,4.3,84.0,0.7051,0,0,0,0,0,1,0
21,3.8,1285,190.33333,10.9,1013,574.0,568,192.0,1331,1336,4.3,83.6,0.7025,0,0,0,0,0,1,0
22,2.3,1206,176.0,8.7,928,373.0,621,161.0,1235,1285,4.6,82.5,0.7066,0,0,0,0,0,1,0
23,2.1,1179,174.0,7.3,868,330.0,664,156.0,1205,1240,4.4,82.0,0.6938,0,0,0,0,0,1,0
0,2.3,1213,93.66667,7.5,877,336.0,654,158.0,1206,1282,4.3,80.9,0.6791,0,0,0,0,0,0,1
1,2.3,1142,90.0,6.8,849,347.0,680,154.0,1173,1189,4.1,81.2,0.6721,0,0,0,0,0,0,1
2,1.7,1089,84.0,4.7,750,241.0,765,138.0,1108,1117,3.9,80.9,0.6613,0,0,0,0,0,0,1
4,0.6,888,28.0,1.3,526,96.0,1134,92.0,912,744,4.5,65.1,0.5547,0,0,0,0,0,0,1
5,0.9,979,61.0,2.2,602,147.0,925,103.0,993,928,4.0,75.2,0.6161,0,0,0,0,0,0,1
6,1.1,1023,69.0,3.6,690,210.0,833,117.0,1049,1006,3.7,76.4,0.6164,0,0,0,0,0,0,1
7,1.9,1153,142.66667,7.5,878,409.0,682,139.0,1180,1173,3.1,77.3,0.5985,0,0,0,0,0,0,1
8,3.7,1393,391.0,16.8,1204,719.0,506,167.0,1497,1568,3.7,74.4,0.5992,0,0,0,0,0,0,1
9,6.1,1567,694.66667,28.0,1502,959.0,399,205.0,1848,1913,5.0,69.4,0.6118,0,0,0,0,0,0,1
10,4.6,1334,661.0,15.8,1174,744.0,524,216.0,1432,1643,6.5,60.9,0.5919,0,0,0,0,0,0,1
11,3.3,1280,490.33333,15.5,1165,583.0,533,192.0,1435,1605,7.6,59.8,0.6245,0,0,0,0,0,0,1
12,3.3,1330,394.33333,14.9,1145,597.0,537,188.0,1399,1668,8.6,57.6,0.6471,0,0,0,0,0,0,1
13,3.4,1349,423.0,16.4,1193,550.0,507,189.0,1493,1710,10.9,52.4,0.6826,0,0,0,0,0,0,1
14,3.6,1349,539.0,15.6,1167,499.0,515,192.0,1443,1632,12.3,48.3,0.6871,0,0,0,0,0,0,1
15,3.9,1344,272.66667,16.1,1182,470.0,525,194.0,1411,1545,12.5,43.4,0.6298,0,0,0,0,0,0,1
16,4.8,1337,243.33333,16.6,1198,568.0,521,217.0,1401,1557,11.9,42.3,0.5902,0,0,0,0,0,0,1
17,3.9,1316,246.33333,15.9,1177,525.0,544,178.0,1392,1529,12.3,41.2,0.5867,0,0,0,0,0,0,1
18,3.6,1253,350.0,13.3,1094,481.0,575,183.0,1327,1430,10.8,48.1,0.6235,0,0,0,0,0,0,1
19,3.6,1258,489.33333,14.9,1144,414.0,558,189.0,1336,1509,8.9,52.5,0.5996,0,0,0,0,0,0,1
20,4.6,1326,421.0,18.5,1253,565.0,514,225.0,1479,1615,8.4,54.7,0.6057,0,0,0,0,0,0,1
21,2.3,1109,235.66667,7.9,896,303.0,710,175.0,1132,1242,7.5,58.7,0.6112,0,0,0,0,0,0,1
22,1.6,1029,116.0,5.0,762,221.0,820,153.0,1049,1065,6.9,60.0,0.5977,0,0,0,0,0,0,1
23,1.8,1112,138.33333,6.5,833,260.0,759,156.0,1104,1180,6.6,61.3,0.5995,0,0,0,0,0,0,1
0,2.2,1100,124.0,6.0,810,327.0,768,172.0,1070,1158,6.3,59.8,0.5761,1,0,0,0,0,0,0
1,2.1,1136,88.0,6.8,849,344.0,715,164.0,1132,1216,5.4,65.8,0.5935,1,0,0,0,0,0,0
2,1.7,1000,66.66667,4.0,712,270.0,848,157.0,989,971,5.8,59.6,0.5523,1,0,0,0,0,0,0
4,0.93333,1009,66.33333,4.0,710,191.0,819,136.0,974,1011,4.4,63.9,0.5385,1,0,0,0,0,0,0
5,1.1,975,105.33333,3.5,681,136.0,889,110.0,948,813,4.2,62.5,0.5191,1,0,0,0,0,0,0
6,1.1,993,43.66667,4.3,727,194.0,810,128.0,989,1001,3.1,68.6,0.5302,1,0,0,0,0,0,0
7,0.8,872,36.0,2.0,587,168.0,1082,132.0,866,655,4.6,54.6,0.4682,1,0,0,0,0,0,0
8,1.3,1017,115.33333,6.1,818,254.0,842,156.0,1034,933,5.0,54.5,0.4788,1,0,0,0,0,0,0
9,2.3,1070,148.66667,8.7,928,410.0,701,185.0,1112,1088,7.0,48.1,0.4847,1,0,0,0,0,0,0
10,1.1,915,77.0,3.1,658,166.0,957,121.0,866,562,10.0,37.7,0.4643,1,0,0,0,0,0,0
11,1.1,978,58.33333,5.2,772,162.0,870,117.0,955,586,13.0,30.3,0.452,1,0,0,0,0,0,0
12,1.5,968,100.0,5.3,777,188.0,830,133.0,929,617,14.0,28.1,0.4476,1,0,0,0,0,0,0
13,1.6,1008,87.33333,6.7,843,199.0,787,136.0,998,705,13.3,28.9,0.4399,1,0,0,0,0,0,0
14,2.2,1025,69.0,8.3,913,272.0,724,162.0,1035,814,13.4,29.0,0.4436,1,0,0,0,0,0,0
15,1.5,983,73.66667,5.9,806,180.0,820,132.0,966,615,13.5,28.3,0.4374,1,0,0,0,0,0,0
16,1.8,1018,90.66667,7.3,868,255.0,751,162.0,1015,804,13.0,29.7,0.442,1,0,0,0,0,0,0
17,2.0,1101,120.0,8.4,916,251.0,721,159.0,1125,861,11.6,38.7,0.5271,1,0,0,0,0,0,0
18,1.9,1116,185.0,7.7,888,258.0,695,156.0,1176,980,8.6,56.3,0.6312,1,0,0,0,0,0,0
19,2.5,1161,200.0,9.1,945,344.0,654,177.0,1205,1077,8.5,57.9,0.6435,1,0,0,0,0,0,0
20,2.6,1212,247.0,10.9,1010,380.0,622,185.0,1284,1214,7.8,63.4,0.6735,1,0,0,0,0,0,0
21,3.2,1225,200.66667,10.2,985,464.0,635,199.0,1255,1169,7.2,69.5,0.7084,1,0,0,0,0,0,0
22,2.2,1154,158.0,7.8,891,304.0,697,166.0,1197,1079,6.5,74.7,0.7248,1,0,0,0,0,0,0
23,1.9,1140,145.33333,7.0,856,258.0,707,152.0,1171,1147,6.5,73.9,0.7224,1,0,0,0,0,0,0
0,2.4,1201,176.66667,9.2,949,358.0,665,170.0,1220,1260,6.8,72.1,0.7143,0,1,0,0,0,0,0
1,1.8,1011,100.0,4.6,742,278.0,842,160.0,998,929,7.0,60.0,0.6055,0,1,0,0,0,0,0
2,0.9,867,60.66667,2.1,590,116.0,1088,100.0,826,465,7.2,47.8,0.487,0,1,0,0,0,0,0
4,0.7,859,52.66667,1.3,527,60.0,1203,57.0,810,342,6.8,52.9,0.5245,0,1,0,0,0,0,0
5,0.6,859,40.0,0.8,479,51.0,1285,48.0,822,313,5.8,65.0,0.6029,0,1,0,0,0,0,0
6,0.5,842,26.0,0.6,454,33.0,1433,32.0,788,292,5.8,59.4,0.5502,0,1,0,0,0,0,0
7,0.6,856,41.0,1.1,505,80.0,1246,72.0,833,367,5.5,58.3,0.529,0,1,0,0,0,0,0
8,0.6,867,31.33333,1.0,500,103.0,1219,86.0,818,387,5.9,54.8,0.5119,0,1,0,0,0,0,0
9,0.7,877,49.66667,1.5,541,93.0,1148,79.0,829,399,7.3,48.7,0.5007,0,1,0,0,0,0,0
10,0.7,869,65.0,1.4,535,108.0,1162,87.0,783,376,9.4,39.9,0.4707,0,1,0,0,0,0,0
11,0.9,900,74.66667,2.0,582,107.0,1081,85.0,792,377,11.2,33.8,0.449,0,1,0,0,0,0,0
12,1.0,899,75.66667,2.3,603,122.0,1055,97.0,782,379,12.3,29.9,0.4255,0,1,0,0,0,0,0
13,1.0,895,69.66667,2.6,624,122.0,1002,96.0,787,387,14.8,23.7,0.3945,0,1,0,0,0,0,0
14,1.4,992,123.66667,6.7,844,156.0,830,113.0,990,552,13.1,26.6,0.399,0,1,0,0,0,0,0
15,3.0,1104,160.66667,13.3,1095,246.0,609,163.0,1210,930,13.3,25.7,0.3914,0,1,0,0,0,0,0
16,1.5,933,98.66667,4.0,711,205.0,912,146.0,850,554,12.0,27.7,0.3885,0,1,0,0,0,0,0
17,1.7,973,105.66667,5.3,778,257.0,839,167.0,916,723,11.5,30.1,0.4067,0,1,0,0,0,0,0
18,2.3,1069,171.66667,8.6,923,228.0,735,162.0,1036,875,10.1,33.2,0.4115,0,1,0,0,0,0,0
19,2.5,1055,196.66667,6.2,821,321.0,797,194.0,942,949,8.6,38.1,0.4282,0,1,0,0,0,0,0
20,2.1,1032,103.33333,5.3,778,270.0,834,185.0,926,869,8.0,41.2,0.4433,0,1,0,0,0,0,0
21,1.5,982,63.0,4.1,714,203.0,879,158.0,905,747,7.5,43.8,0.4551,0,1,0,0,0,0,0
22,1.4,968,68.0,3.5,680,201.0,918,156.0,891,740,6.8,46.9,0.465,0,1,0,0,0,0,0
23,1.4,979,67.66667,4.1,718,207.0,883,157.0,903,807,6.1,46.3,0.4394,0,1,0,0,0,0,0
0,1.4,935,71.66667,3.2,666,180.0,939,141.0,836,653,5.6,45.5,0.4187,0,0,1,0,0,0,0
1,1.2,942,60.0,3.2,666,140.0,960,116.0,848,553,5.4,48.8,0.4393,0,0,1,0,0,0,0
2,0.9,883,47.0,1.7,561,93.0,1080,84.0,785,412,5.1,51.2,0.4534,0,0,1,0,0,0,0
4,0.4,843,33.0,0.5,443,35.0,1490,34.0,730,262,5.2,57.2,0.5094,0,0,1,0,0,0,0
5,0.4,872,34.33333,0.6,460,47.0,1359,45.0,755,288,4.5,63.1,0.5381,0,0,1,0,0,0,0
6,0.5,862,42.33333,0.8,474,68.0,1312,59.0,753,310,5.2,54.5,0.486,0,0,1,0,0,0,0
7,0.7,917,46.66667,1.7,562,131.0,1099,99.0,827,418,5.6,51.3,0.4712,0,0,1,0,0,0,0
8,1.5,1022,115.0,5.2,771,289.0,812,165.0,941,769,5.9,45.4,0.4244,0,0,1,0,0,0,0
9,1.9,1022,118.66667,6.6,837,322.0,755,168.0,978,881,6.9,41.3,0.4145,0,0,1,0,0,0,0
10,1.6,961,146.0,5.5,789,330.0,839,169.0,910,816,8.6,34.2,0.3834,0,0,1,0,0,0,0
11,1.4,912,128.66667,4.4,731,339.0,912,162.0,811,684,9.6,27.7,0.3308,0,0,1,0,0,0,0
12,1.3,896,124.66667,4.4,731,316.0,911,155.0,799,627,10.6,25.3,0.3224,0,0,1,0,0,0,0
13,1.3,890,54.33333,4.3,726,218.0,921,136.0,779,523,10.2,25.6,0.3181,0,0,1,0,0,0,0
14,1.2,891,60.66667,4.5,740,177.0,919,124.0,788,502,10.0,25.2,0.3079,0,0,1,0,0,0,0
15,1.3,894,89.66667,4.5,737,278.0,913,158.0,805,604,9.7,25.7,0.3088,0,0,1,0,0,0,0
16,1.4,907,65.33333,4.8,753,313.0,886,167.0,819,682,9.7,26.8,0.3226,0,0,1,0,0,0,0
17,1.7,973,79.66667,6.3,827,351.0,825,176.0,888,846,9.4,27.3,0.3216,0,0,1,0,0,0,0
18,2.5,1035,105.66667,9.6,961,374.0,726,204.0,985,1027,7.9,28.0,0.2999,0,0,1,0,0,0,0
19,3.8,1146,230.33333,15.0,1147,431.0,621,209.0,1148,1315,6.9,30.7,0.3066,0,0,1,0,0,0,0
20,4.2,1176,222.33333,15.4,1162,468.0,600,224.0,1137,1363,6.1,33.3,0.3152,0,0,1,0,0,0,0
21,2.8,1057,241.33333,8.9,935,368.0,720,211.0,982,1236,5.0,37.4,0.329,0,0,1,0,0,0,0
22,1.5,974,108.0,5.0,763,239.0,861,174.0,865,1076,4.2,40.9,0.3417,0,0,1,0,0,0,0
23,1.8,1044,146.66667,6.5,834,292.0,781,181.0,924,1200,3.9,43.5,0.3538,0,0,1,0,0,0,0
0,1.5,988,136.66667,4.4,734,205.0,860,157.0,868,1081,3.0,47.7,0.3658,0,0,0,1,0,0,0
1,1.5,1016,89.0,5.3,781,255.0,799,154.0,918,1174,2.5,52.1,0.3855,0,0,0,1,0,0,0
2,1.2,929,70.33333,3.1,659,220.0,920,147.0,851,1033,2.0,53.5,0.3831,0,0,0,1,0,0,0
4,0.7,872,38.0,1.7,558,114.0,1054,101.0,807,853,0.5,59.4,0.3841,0,0,0,1,0,0,0
5,0.7,888,49.33333,1.9,574,153.0,1035,114.0,820,886,1.4,56.8,0.3903,0,0,0,1,0,0,0
6,0.7,927,42.33333,2.8,638,224.0,949,134.0,846,949,0.9,58.4,0.388,0,0,0,1,0,0,0
7,1.3,991,46.0,5.5,786,295.0,817,144.0,931,1037,0.3,61.0,0.3881,0,0,0,1,0,0,0
8,3.4,1317,304.66667,18.3,1247,667.0,558,182.0,1360,1571,0.9,59.1,0.3913,0,0,0,1,0,0,0
9,5.5,1402,617.0,26.3,1462,867.0,449,223.0,1599,1885,4.1,47.9,0.3959,0,0,0,1,0,0,0
10,4.1,1222,470.0,16.3,1188,666.0,554,219.0,1265,1683,7.7,34.6,0.3652,0,0,0,1,0,0,0
11,3.0,1109,297.33333,12.3,1060,595.0,650,215.0,1091,1412,10.9,25.7,0.3341,0,0,0,1,0,0,0
12,1.9,959,129.66667,7.4,875,421.0,797,191.0,864,1006,13.7,17.4,0.2715,0,0,0,1,0,0,0
13,1.8,964,146.33333,8.1,902,292.0,780,162.0,882,855,14.0,16.8,0.2672,0,0,0,1,0,0,0
14,2.1,1006,144.0,10.8,1006,308.0,705,165.0,988,964,14.1,17.0,0.2729,0,0,0,1,0,0,0
15,2.3,1002,227.0,9.7,968,347.0,732,171.0,920,886,15.0,15.8,0.2678,0,0,0,1,0,0,0
16,2.3,997,175.0,9.9,975,377.0,739,164.0,926,947,16.5,14.9,0.2775,0,0,0,1,0,0,0
17,2.0,1019,165.33333,9.6,964,325.0,729,168.0,957,984,15.8,16.7,0.2972,0,0,0,1,0,0,0
18,3.1,1192,275.0,16.5,1196,508.0,581,204.0,1222,1450,13.2,23.9,0.3597,0,0,0,1,0,0,0
19,5.1,1399,642.33333,23.4,1387,768.0,487,242.0,1499,1837,11.0,33.8,0.4436,0,0,0,1,0,0,0
20,5.9,1419,593.0,24.2,1408,764.0,466,246.0,1531,1899,9.5,39.0,0.4644,0,0,0,1,0,0,0
21,3.2,1250,292.33333,13.3,1094,500.0,600,215.0,1198,1629,8.5,42.4,0.4716,0,0,0,1,0,0,0
22,2.4,1156,177.66667,8.4,916,463.0,687,206.0,1055,1490,7.5,44.0,0.4564,0,0,0,1,0,0,0
23,1.4,1064,127.66667,5.4,783,258.0,785,167.0,954,1319,6.6,46.0,0.4505,0,0,0,1,0,0,0
0,1.4,1066,119.33333,5.2,771,214.0,795,145.0,949,1247,5.5,49.6,0.4526,0,0,0,0,1,0,0
1,1.3,1031,67.33333,4.6,741,191.0,821,133.0,927,1144,4.9,52.2,0.4567,0,0,0,0,1,0,0
2,1.0,973,58.33333,3.2,663,154.0,889,117.0,887,1014,4.6,53.5,0.4584,0,0,0,0,1,0,0
4,0.8,930,45.66667,2.5,616,113.0,969,90.0,893,875,3.8,56.8,0.4614,0,0,0,0,1,0,0
5,0.9,949,55.66667,2.8,640,167.0,902,112.0,909,971,2.3,63.5,0.463,0,0,0,0,1,0,0
6,0.9,979,36.0,3.9,707,235.0,851,120.0,959,1048,2.0,64.9,0.4657,0,0,0,0,1,0,0
7,1.7,1094,49.66667,7.2,865,372.0,708,141.0,1061,1223,2.0,65.3,0.4688,0,0,0,0,1,0,0
8,4.3,1450,219.66667,20.9,1322,877.0,490,190.0,1497,1756,3.3,61.6,0.4829,0,0,0,0,1,0,0
9,6.0,1508,553.66667,27.0,1479,900.0,419,215.0,1685,2014,5.7,52.5,0.4851,0,0,0,0,1,0,0
10,3.8,1374,520.33333,18.5,1255,733.0,504,215.0,1375,1855,8.3,43.5,0.4774,0,0,0,0,1,0,0
11,3.3,1308,431.66667,14.0,1117,691.0,549,235.0,1261,1795,10.5,38.9,0.4926,0,0,0,0,1,0,0
12,2.3,1249,407.66667,10.5,996,457.0,593,194.0,1198,1575,14.5,33.4,0.5488,0,0,0,0,1,0,0
13,2.4,1282,398.33333,11.2,1023,369.0,573,159.0,1305,1461,15.7,34.6,0.6147,0,0,0,0,1,0,0
14,2.2,1253,410.66667,10.3,988,285.0,589,123.0,1292,1314,16.1,36.3,0.6593,0,0,0,0,1,0,0
15,1.9,1222,179.33333,8.6,924,279.0,612,121.0,1216,1147,17.3,34.5,0.6728,0,0,0,0,1,0,0
16,1.7,1201,265.0,7.6,882,198.0,638,102.0,1189,948,17.6,34.1,0.6781,0,0,0,0,1,0,0
17,1.9,1238,213.66667,10.2,985,229.0,592,114.0,1271,1252,18.0,33.1,0.6779,0,0,0,0,1,0,0
18,3.8,1434,420.0,17.8,1234,477.0,476,168.0,1520,1676,14.6,41.0,0.6792,0,0,0,0,1,0,0
19,5.3,1573,642.33333,25.3,1436,679.0,407,207.0,1747,2056,12.8,46.2,0.6794,0,0,0,0,1,0,0
20,5.9,1552,593.0,24.4,1413,682.0,407,199.0,1724,2088,11.5,53.9,0.7312,0,0,0,0,1,0,0
21,5.5,1510,434.33333,20.0,1297,679.0,458,192.0,1606,1945,10.6,58.8,0.7512,0,0,0,0,1,0,0
22,2.0,1165,176.0,7.3,870,298.0,671,148.0,1181,1482,9.7,60.0,0.7238,0,0,0,0,1,0,0
23,1.8,1177,168.66667,6.6,837,265.0,670,137.0,1161,1448,8.3,64.2,0.7071,0,0,0,0,1,0,0
0,1.6,1135,135.33333,5.7,800,196.0,705,123.0,1130,1304,7.8,65.5,0.6961,0,0,0,0,0,1,0
1,1.3,1070,87.66667,4.5,739,155.0,767,109.0,1070,1186,7.5,65.9,0.6868,0,0,0,0,0,1,0
2,1.1,1034,92.66667,4.1,715,131.0,801,98.0,1067,1051,6.1,72.1,0.6847,0,0,0,0,0,1,0
4,1.0,988,79.0,3.3,673,165.0,838,94.0,1034,969,4.0,80.9,0.667,0,0,0,0,0,1,0
5,0.8,975,64.33333,3.3,668,169.0,874,95.0,1020,951,4.2,79.1,0.6611,0,0,0,0,0,1,0
6,0.9,984,49.33333,3.5,681,224.0,852,101.0,1020,970,5.3,73.2,0.6577,0,0,0,0,0,1,0
7,1.3,1092,49.0,6.4,831,249.0,720,100.0,1143,1090,4.3,76.1,0.6395,0,0,0,0,0,1,0
8,4.1,1454,166.66667,20.1,1299,863.0,457,150.0,1606,1673,4.8,74.6,0.647,0,0,0,0,0,1,0
9,3.9,1446,576.33333,21.2,1328,665.0,439,168.0,1620,1833,7.5,64.5,0.6702,0,0,0,0,0,1,0
10,3.5,1316,445.66667,13.7,1105,670.0,511,199.0,1372,1828,11.7,49.3,0.6772,0,0,0,0,0,1,0
11,2.7,1283,298.0,11.7,1039,500.0,549,168.0,1308,1724,14.7,41.2,0.6857,0,0,0,0,0,1,0
12,2.3,1223,262.0,10.6,999,428.0,578,161.0,1258,1547,17.4,33.2,0.6535,0,0,0,0,0,1,0
14,2.1,1041,170.33333,9.1,945,306.0,692,145.0,1082,1000,19.1,18.1,0.3955,0,0,0,0,0,1,0
15,2.2,1008,122.33333,9.2,946,334.0,705,148.0,1016,942,19.5,15.3,0.3431,0,0,0,0,0,1,0
16,1.8,962,118.33333,5.9,807,268.0,821,131.0,901,745,20.2,14.4,0.337,0,0,0,0,0,1,0
17,1.9,1048,265.0,8.6,925,284.0,721,137.0,1022,941,19.8,16.0,0.3632,0,0,0,0,0,1,0
18,2.7,1145,181.66667,12.7,1074,393.0,593,163.0,1186,1232,16.5,21.6,0.4012,0,0,0,0,0,1,0
19,4.7,1198,327.66667,19.8,1291,603.0,531,219.0,1295,1527,14.5,18.3,0.2996,0,0,0,0,0,1,0
20,5.4,1319,583.33333,23.8,1399,757.0,497,245.0,1458,1746,12.8,22.8,0.3364,0,0,0,0,0,1,0
21,4.2,1274,200.66667,14.6,1136,684.0,547,229.0,1233,1741,11.5,35.9,0.4862,0,0,0,0,0,1,0
22,2.1,1085,212.33333,7.6,882,426.0,705,184.0,985,1433,9.5,34.6,0.411,0,0,0,0,0,1,0
23,1.4,1017,123.33333,4.9,760,254.0,806,151.0,922,1235,8.3,38.2,0.4203,0,0,0,0,0,1,0
0,1.4,1039,110.0,5.2,774,227.0,786,133.0,949,1173,7.7,41.7,0.4387,0,0,0,0,0,0,1
1,1.4,1027,91.33333,4.8,751,221.0,798,135.0,936,1171,6.8,44.9,0.4472,0,0,0,0,0,0,1
2,1.0,952,60.66667,3.2,662,155.0,905,111.0,887,1024,5.7,49.4,0.4551,0,0,0,0,0,0,1
3,0.8,930,75.33333,2.4,609,120.0,968,90.0,864,928,5.7,50.1,0.4629,0,0,0,0,0,0,1
4,0.6,942,39.33333,3.2,665,134.0,923,91.0,912,956,4.4,56.4,0.4761,0,0,0,0,0,0,1
5,0.7,897,62.0,2.1,594,128.0,999,89.0,870,871,4.9,55.2,0.4807,0,0,0,0,0,0,1
6,0.6,928,40.33333,2.7,631,148.0,985,89.0,908,884,4.5,56.3,0.48,0,0,0,0,0,0,1
7,0.2,987,48.33333,4.5,738,233.0,833,117.0,957,1010,3.8,59.7,0.4839,0,0,0,0,0,0,1
8,1.5,1272,196.66667,13.8,1111,470.0,563,141.0,1279,1416,4.3,58.6,0.4915,0,0,0,0,0,0,1
9,3.5,1452,592.66667,22.7,1370,679.0,445,189.0,1581,1817,7.1,50.0,0.5067,0,0,0,0,0,0,1
10,3.0,1415,593.66667,19.3,1278,796.0,483,211.0,1399,1870,11.1,38.4,0.5066,0,0,0,0,0,0,1
12,1.0,1203,205.66667,9.3,951,339.0,618,162.0,1162,1305,17.2,30.6,0.5949,0,0,0,0,0,0,1
13,1.5,1258,124.0,12.1,1052,354.0,551,172.0,1297,1205,17.8,33.3,0.6741,0,0,0,0,0,0,1
14,2.2,1328,391.66667,14.2,1123,466.0,508,182.0,1404,1339,18.8,31.8,0.6853,0,0,0,0,0,0,1
15,1.7,1260,188.33333,12.3,1059,417.0,544,180.0,1319,1161,19.3,29.9,0.6604,0,0,0,0,0,0,1
16,1.1,1201,174.0,10.2,985,289.0,585,156.0,1252,996,18.8,31.5,0.6752,0,0,0,0,0,0,1
17,1.3,1161,138.66667,10.4,992,324.0,601,168.0,1211,906,18.2,28.1,0.5817,0,0,0,0,0,0,1
18,1.5,1254,274.33333,13.9,1112,376.0,533,181.0,1349,1161,16.0,35.3,0.6356,0,0,0,0,0,0,1
19,3.4,1452,449.66667,23.1,1381,619.0,428,226.0,1661,1695,13.8,43.6,0.6825,0,0,0,0,0,0,1
20,3.8,1438,659.66667,22.8,1374,689.0,435,231.0,1640,1705,12.9,48.8,0.725,0,0,0,0,0,0,1
21,2.8,1273,403.0,13.4,1096,582.0,553,222.0,1350,1379,12.8,49.3,0.7277,0,0,0,0,0,0,1
22,0.8,1096,175.0,6.8,850,287.0,690,165.0,1146,943,12.2,50.9,0.7202,0,0,0,0,0,0,1
23,0.5,1151,133.0,6.0,813,238.0,702,151.0,1156,1073,10.6,55.9,0.7138,0,0,0,0,0,0,1
0,1.0,1189,122.0,5.7,797,312.0,688,174.0,1157,1213,10.3,55.9,0.7014,1,0,0,0,0,0,0
1,0.4,1078,86.66667,3.9,704,231.0,765,145.0,1077,898,10.2,55.8,0.6927,1,0,0,0,0,0,0
2,0.4,1152,87.33333,4.9,759,234.0,706,147.0,1113,1094,10.0,57.3,0.7015,1,0,0,0,0,0,0
3,0.3,1128,82.66667,4.5,740,195.0,705,134.0,1113,1064,10.2,57.9,0.7191,1,0,0,0,0,0,0
4,0.8,1015,49.33333,2.3,608,113.0,873,85.0,1027,655,10.3,59.4,0.7459,1,0,0,0,0,0,0
5,0.86667,979,63.0,1.5,547,73.0,952,55.0,1039,470,9.8,68.9,0.8329,1,0,0,0,0,0,0
6,0.83333,972,52.0,1.5,542,103.0,1029,65.0,1056,443,9.2,75.3,0.8764,1,0,0,0,0,0,0
7,1.03333,992,55.66667,1.8,565,121.0,912,84.0,1074,547,9.4,73.1,0.8621,1,0,0,0,0,0,0
8,0.1,1053,64.66667,3.3,671,132.0,807,88.0,1137,570,10.6,66.1,0.8444,1,0,0,0,0,0,0
9,0.2,1140,154.0,5.8,800,178.0,679,109.0,1209,782,12.6,58.5,0.8517,1,0,0,0,0,0,0
10,0.6,1136,178.0,6.2,822,218.0,653,130.0,1184,744,15.0,48.6,0.8253,1,0,0,0,0,0,0
11,0.7,1180,172.0,6.7,846,246.0,646,137.0,1206,791,14.2,51.5,0.8313,1,0,0,0,0,0,0
12,0.6,1131,130.33333,5.6,792,252.0,678,145.0,1177,749,15.1,48.6,0.8266,1,0,0,0,0,0,0
13,0.3,1083,111.0,5.8,804,208.0,702,128.0,1105,615,18.0,35.4,0.7233,1,0,0,0,0,0,0
14,0.5,1120,77.66667,7.0,859,219.0,640,129.0,1167,681,17.9,35.3,0.7184,1,0,0,0,0,0,0
15,0.2,1038,120.66667,3.8,699,160.0,765,105.0,1042,515,17.7,35.0,0.7014,1,0,0,0,0,0,0
16,0.4,1096,134.0,5.5,788,191.0,699,114.0,1115,583,17.6,35.5,0.7065,1,0,0,0,0,0,0
17,0.7,1126,148.66667,7.6,881,270.0,648,146.0,1140,728,17.5,34.1,0.6775,1,0,0,0,0,0,0
18,0.9,1153,173.0,8.3,910,285.0,622,156.0,1208,827,15.6,40.0,0.7018,1,0,0,0,0,0,0
19,0.8,1177,182.0,7.5,878,289.0,641,152.0,1224,844,14.0,47.8,0.7582,1,0,0,0,0,0,0
20,2.4,1383,242.66667,14.1,1119,550.0,522,201.0,1415,1310,13.2,51.4,0.776,1,0,0,0,0,0,0
21,3.3,1363,262.33333,12.4,1064,679.0,536,221.0,1350,1353,12.0,56.1,0.7832,1,0,0,0,0,0,0
22,0.9,1087,129.33333,5.8,803,314.0,699,157.0,1130,907,11.6,54.7,0.7454,1,0,0,0,0,0,0
23,0.1,1028,129.33333,3.9,703,166.0,783,114.0,1070,646,12.0,53.3,0.7472,1,0,0,0,0,0,0
0,0.1,1017,58.33333,2.8,641,157.0,892,107.0,1044,482,12.5,55.4,0.7999,0,1,0,0,0,0,0
1,0.1,1050,68.66667,3.1,660,173.0,860,113.0,1071,526,12.3,56.0,0.7958,0,1,0,0,0,0,0
2,0.2,1023,69.33333,3.3,672,184.0,819,118.0,1069,595,12.4,53.4,0.7669,0,1,0,0,0,0,0
3,0.56667,940,29.33333,2.0,583,93.0,942,69.0,991,416,12.7,51.8,0.7574,0,1,0,0,0,0,0
4,0.83333,963,55.33333,2.5,617,85.0,902,63.0,1006,398,13.2,49.7,0.7503,0,1,0,0,0,0,0
5,0.6,971,42.66667,2.0,585,79.0,928,61.0,1004,394,12.3,55.9,0.7966,0,1,0,0,0,0,0
6,0.7,887,56.0,0.9,488,55.0,1184,42.0,908,312,13.3,50.1,0.7624,0,1,0,0,0,0,0
7,0.93333,944,70.33333,1.6,551,98.0,1063,68.0,985,381,12.3,51.8,0.7384,0,1,0,0,0,0,0
8,1.43333,970,106.66667,2.1,592,190.0,909,120.0,1018,509,12.9,50.4,0.7448,0,1,0,0,0,0,0
9,0.1,1034,84.66667,3.0,651,166.0,861,112.0,1060,601,12.9,49.9,0.7406,0,1,0,0,0,0,0
10,0.3,1160,158.66667,5.0,765,260.0,711,148.0,1134,962,13.9,47.3,0.7479,0,1,0,0,0,0,0
11,1.0,1283,204.0,7.7,887,362.0,607,160.0,1238,1231,13.5,51.6,0.7931,0,1,0,0,0,0,0
12,1.6,1387,190.33333,10.1,981,415.0,535,164.0,1368,1396,13.2,56.2,0.8499,0,1,0,0,0,0,0
13,1.4,1325,104.33333,8.5,921,358.0,570,159.0,1345,1297,14.2,57.8,0.9292,0,1,0,0,0,0,0
14,0.3,1057,77.66667,2.8,641,170.0,803,110.0,1103,616,17.2,46.2,0.8989,0,1,0,0,0,0,0
15,0.1,1078,52.0,3.3,668,130.0,855,82.0,1109,509,19.9,36.6,0.8406,0,1,0,0,0,0,0
16,0.3,1159,88.33333,5.0,762,177.0,742,102.0,1158,590,19.7,37.1,0.8399,0,1,0,0,0,0,0
17,0.5,1195,87.66667,5.6,795,233.0,710,119.0,1157,718,19.0,37.4,0.8122,0,1,0,0,0,0,0
18,0.8,1217,106.0,7.1,861,282.0,642,135.0,1234,898,16.4,43.5,0.8055,0,1,0,0,0,0,0
19,3.2,1542,159.66667,16.7,1200,583.0,469,215.0,1520,1577,15.1,49.8,0.8458,0,1,0,0,0,0,0
20,2.8,1407,356.66667,12.5,1066,566.0,525,211.0,1397,1560,14.8,51.0,0.8507,0,1,0,0,0,0,0
21,1.0,1189,85.66667,6.6,837,323.0,665,172.0,1204,1208,14.6,51.6,0.8508,0,1,0,0,0,0,0
22,0.9,1208,231.66667,8.3,911,318.0,613,166.0,1245,1244,13.7,52.1,0.8121,0,1,0,0,0,0,0
23,0.9,1207,252.0,7.1,861,336.0,649,168.0,1217,1181,13.2,55.6,0.8412,0,1,0,0,0,0,0
0,0.4,1056,71.0,3.8,699,196.0,787,134.0,1085,828,13.2,55.9,0.8465,0,0,1,0,0,0,0
1,0.4,1128,79.33333,5.2,771,193.0,733,122.0,1178,923,11.7,62.1,0.8535,0,0,1,0,0,0,0
2,0.3,1119,124.66667,5.3,778,192.0,705,123.0,1187,1096,9.9,68.9,0.8388,0,0,1,0,0,0,0
3,0.1,1077,132.0,3.8,701,147.0,761,104.0,1122,1106,9.8,68.0,0.8227,0,0,1,0,0,0,0
4,0.93333,1036,47.66667,2.8,636,122.0,845,90.0,1084,976,8.9,71.9,0.8202,0,0,1,0,0,0,0
5,0.8,1016,45.33333,2.9,647,117.0,824,85.0,1090,937,8.4,74.5,0.8241,0,0,1,0,0,0,0
6,1.0,1103,50.0,4.4,730,201.0,735,103.0,1139,1049,9.2,71.0,0.8299,0,0,1,0,0,0,0
7,1.6,1176,198.33333,7.5,880,318.0,634,127.0,1257,1180,9.9,67.6,0.8239,0,0,1,0,0,0,0
8,3.5,1430,323.66667,15.7,1169,658.0,481,163.0,1543,1514,10.8,64.4,0.8328,0,0,1,0,0,0,0
9,4.0,1572,624.66667,22.9,1374,680.0,411,155.0,1763,1771,11.7,61.7,0.8483,0,0,1,0,0,0,0
10,3.5,1243,336.33333,10.8,1006,497.0,572,170.0,1349,1395,13.7,51.9,0.8106,0,0,1,0,0,0,0
11,1.6,1101,115.33333,6.1,817,290.0,707,141.0,1157,1024,16.3,43.5,0.7988,0,0,1,0,0,0,0
12,1.5,1103,149.33333,7.0,857,230.0,681,123.0,1182,946,17.9,38.8,0.7883,0,0,1,0,0,0,0
13,1.5,1116,116.66667,7.1,859,215.0,670,124.0,1197,864,19.3,35.5,0.7876,0,0,1,0,0,0,0
14,1.7,1141,121.66667,8.1,904,226.0,646,126.0,1249,889,20.1,32.9,0.7672,0,0,1,0,0,0,0
15,1.6,1151,134.33333,7.7,885,240.0,660,128.0,1222,903,20.0,33.0,0.7625,0,0,1,0,0,0,0
16,2.4,1263,191.66667,10.8,1008,391.0,597,158.0,1308,1121,20.2,32.2,0.7526,0,0,1,0,0,0,0
17,3.4,1324,204.0,14.4,1128,492.0,540,177.0,1441,1319,18.9,34.4,0.7436,0,0,1,0,0,0,0
18,5.4,1533,357.66667,25.4,1439,700.0,416,225.0,1799,1829,17.9,37.6,0.7624,0,0,1,0,0,0,0
19,6.5,1626,642.33333,29.1,1531,782.0,371,234.0,1937,2000,16.7,43.4,0.8168,0,0,1,0,0,0,0
20,6.5,1639,622.66667,28.3,1510,728.0,378,227.0,1904,2001,15.9,47.9,0.8573,0,0,1,0,0,0,0
21,4.0,1346,320.66667,14.2,1124,510.0,502,192.0,1490,1598,15.3,52.6,0.906,0,0,1,0,0,0,0
22,2.1,1218,163.33333,8.4,914,308.0,597,158.0,1291,1383,13.7,58.5,0.9146,0,0,1,0,0,0,0
23,1.6,1166,127.66667,7.5,880,248.0,631,149.0,1280,1238,12.7,62.8,0.9198,0,0,1,0,0,0,0
0,1.5,1095,86.0,5.2,772,233.0,721,140.0,1175,1023,12.2,65.0,0.9193,0,0,0,1,0,0,0
1,0.7,958,68.0,2.2,601,96.0,947,79.0,1054,659,13.0,61.2,0.9105,0,0,0,1,0,0,0
2,0.7,960,62.33333,2.0,582,90.0,933,69.0,1062,657,11.1,66.1,0.8738,0,0,0,1,0,0,0
3,0.6,972,43.0,1.8,571,95.0,931,72.0,1063,764,10.1,69.8,0.8619,0,0,0,1,0,0,0
4,0.5,911,64.33333,1.1,508,68.0,1048,58.0,1005,667,11.6,61.0,0.8299,0,0,0,1,0,0,0
5,0.4,923,45.33333,1.2,516,75.0,1049,59.0,1002,667,10.1,64.5,0.7968,0,0,0,1,0,0,0
6,0.6,981,48.33333,2.4,610,145.0,867,88.0,1068,856,9.3,67.9,0.7969,0,0,0,1,0,0,0
7,0.9,1038,142.33333,3.8,701,185.0,760,110.0,1102,940,10.1,64.3,0.7934,0,0,0,1,0,0,0
8,2.6,1370,504.33333,14.0,1118,506.0,495,151.0,1459,1406,10.4,62.7,0.7909,0,0,0,1,0,0,0
9,3.3,1471,711.0,18.9,1265,485.0,434,158.0,1655,1617,13.0,53.9,0.8036,0,0,0,1,0,0,0
10,4.0,1447,591.33333,15.6,1167,684.0,466,194.0,1514,1694,16.4,44.6,0.8242,0,0,0,1,0,0,0
11,3.1,1329,462.0,13.2,1090,562.0,508,181.0,1401,1473,19.1,36.7,0.8044,0,0,0,1,0,0,0
12,2.2,1197,185.0,10.3,989,357.0,577,161.0,1297,1087,21.0,30.6,0.7508,0,0,0,1,0,0,0
13,2.1,1198,177.66667,9.7,968,306.0,590,143.0,1264,945,22.1,27.6,0.7254,0,0,0,1,0,0,0
14,2.2,1171,201.0,10.0,977,292.0,608,142.0,1234,905,22.2,25.5,0.6752,0,0,0,1,0,0,0
15,1.9,1191,177.0,10.9,1011,305.0,620,146.0,1262,903,23.6,23.2,0.6665,0,0,0,1,0,0,0
16,2.5,1213,173.0,12.3,1060,386.0,578,166.0,1292,1041,23.6,22.9,0.6571,0,0,0,1,0,0,0
17,2.9,1258,206.33333,14.2,1124,408.0,552,172.0,1363,1194,22.8,24.6,0.6736,0,0,0,1,0,0,0
18,3.9,1413,363.33333,21.6,1339,521.0,464,196.0,1611,1533,20.3,29.7,0.6973,0,0,0,1,0,0,0
19,6.3,1610,532.66667,30.9,1573,766.0,381,243.0,1890,1932,18.0,36.0,0.7345,0,0,0,1,0,0,0
20,7.4,1710,501.33333,33.5,1632,841.0,346,248.0,2028,2140,16.4,41.9,0.7759,0,0,0,1,0,0,0
21,5.7,1515,590.66667,19.9,1295,754.0,435,233.0,1615,1871,14.9,47.6,0.8003,0,0,0,1,0,0,0
22,2.3,1199,167.0,8.4,916,350.0,613,174.0,1227,1435,13.8,49.6,0.7793,0,0,0,1,0,0,0
23,1.5,1128,140.33333,6.1,818,244.0,674,149.0,1156,1303,13.2,51.6,0.7765,0,0,0,1,0,0,0
0,1.4,1108,86.0,5.7,798,221.0,694,134.0,1144,1199,11.8,56.9,0.7836,0,0,0,0,1,0,0
1,1.1,1038,84.66667,4.0,709,183.0,768,123.0,1087,1069,11.4,58.0,0.7818,0,0,0,0,1,0,0
2,0.9,1004,70.33333,2.9,646,166.0,823,111.0,1054,989,11.3,58.0,0.7742,0,0,0,0,1,0,0
3,0.7,969,61.66667,2.0,584,133.0,904,93.0,1021,899,10.7,59.6,0.7673,0,0,0,0,1,0,0
4,0.6,938,55.66667,1.7,559,147.0,942,97.0,1026,850,9.0,65.4,0.7532,0,0,0,0,1,0,0
5,0.6,927,49.33333,1.6,549,119.0,967,86.0,1008,828,8.0,68.9,0.7402,0,0,0,0,1,0,0
6,0.8,977,49.66667,3.3,673,179.0,830,99.0,1060,902,7.5,70.9,0.7358,0,0,0,0,1,0,0
7,1.0,1011,80.66667,3.6,685,178.0,823,99.0,1054,902,7.6,69.2,0.7238,0,0,0,0,1,0,0
8,2.1,1228,135.0,10.2,984,390.0,588,129.0,1293,1222,8.7,64.3,0.7257,0,0,0,0,1,0,0
9,4.2,1521,670.66667,25.2,1434,579.0,404,161.0,1809,1784,11.7,54.3,0.7459,0,0,0,0,1,0,0
10,4.3,1425,650.66667,16.0,1178,735.0,468,202.0,1477,1761,15.9,42.2,0.7553,0,0,0,0,1,0,0
11,3.2,1339,490.33333,13.3,1094,568.0,509,200.0,1376,1634,19.3,34.7,0.7681,0,0,0,0,1,0,0
12,2.8,1310,394.33333,11.9,1046,487.0,552,194.0,1351,1527,23.1,27.3,0.7615,0,0,0,0,1,0,0
13,2.4,1250,345.0,10.9,1012,343.0,585,173.0,1249,1192,26.1,20.8,0.6959,0,0,0,0,1,0,0
14,2.5,1181,348.66667,11.0,1015,351.0,617,169.0,1192,1023,26.8,17.9,0.6249,0,0,0,0,1,0,0
15,2.9,1272,272.33333,17.3,1220,417.0,533,188.0,1353,1251,28.4,16.0,0.6095,0,0,0,0,1,0,0
16,3.0,1231,258.0,12.4,1064,509.0,618,211.0,1188,1082,28.8,15.1,0.5877,0,0,0,0,1,0,0
17,3.6,1286,250.33333,17.4,1223,573.0,529,210.0,1350,1348,27.9,15.6,0.5782,0,0,0,0,1,0,0
18,3.5,1315,430.33333,17.5,1225,518.0,509,193.0,1408,1365,24.1,20.6,0.6075,0,0,0,0,1,0,0
19,4.8,1494,600.33333,26.2,1460,641.0,420,227.0,1682,1827,21.0,28.0,0.6904,0,0,0,0,1,0,0
20,4.4,1494,532.0,23.1,1381,544.0,422,223.0,1677,1879,18.4,38.8,0.8152,0,0,0,0,1,0,0
21,4.9,1545,509.33333,23.5,1390,582.0,423,229.0,1676,1915,16.9,42.9,0.8222,0,0,0,0,1,0,0
22,2.9,1354,347.0,13.3,1094,407.0,517,194.0,1357,1705,15.5,45.0,0.7895,0,0,0,0,1,0,0
23,2.1,1301,216.33333,10.5,998,327.0,553,171.0,1283,1610,14.3,49.6,0.8049,0,0,0,0,1,0,0
0,1.6,1144,102.66667,6.3,826,221.0,661,147.0,1158,1300,14.7,48.0,0.7977,0,0,0,0,0,1,0
1,1.2,1080,91.33333,4.4,732,142.0,748,111.0,1087,1093,13.3,51.4,0.7821,0,0,0,0,0,1,0
2,0.9,1013,95.66667,3.3,671,123.0,817,104.0,1056,986,12.6,53.7,0.7793,0,0,0,0,0,1,0
3,0.7,966,51.0,2.0,587,106.0,921,90.0,1017,846,11.5,56.8,0.7706,0,0,0,0,0,1,0
4,1.0,959,62.0,1.9,578,100.0,909,81.0,1016,822,10.1,61.9,0.7631,0,0,0,0,0,1,0
5,0.5,919,58.33333,1.4,532,85.0,997,69.0,983,714,9.8,61.8,0.7523,0,0,0,0,0,1,0
6,0.6,953,41.66667,2.3,604,114.0,903,84.0,1020,838,9.0,64.3,0.7417,0,0,0,0,0,1,0
7,1.3,1117,145.66667,5.9,808,299.0,669,123.0,1178,1109,7.9,68.4,0.7324,0,0,0,0,0,1,0
8,3.8,1485,479.33333,18.9,1265,723.0,441,166.0,1647,1676,9.5,62.6,0.7444,0,0,0,0,0,1,0
9,5.6,1583,635.0,26.1,1457,745.0,376,189.0,1808,1976,13.2,51.0,0.7704,0,0,0,0,0,1,0
10,4.4,1448,664.0,16.2,1187,668.0,471,217.0,1490,1814,16.9,40.3,0.7717,0,0,0,0,0,1,0
11,3.0,1294,431.66667,10.8,1006,571.0,567,196.0,1296,1538,20.8,31.3,0.7617,0,0,0,0,0,1,0
12,2.2,1269,298.0,11.1,1016,388.0,579,189.0,1273,1383,24.3,24.7,0.7407,0,0,0,0,0,1,0
13,2.0,1247,149.33333,10.2,985,323.0,581,174.0,1255,1184,26.7,22.6,0.7785,0,0,0,0,0,1,0
14,2.2,1239,150.33333,11.9,1045,312.0,559,161.0,1312,1094,27.1,21.7,0.7636,0,0,0,0,0,1,0
15,2.1,1199,149.0,11.8,1041,320.0,574,158.0,1271,986,28.3,17.9,0.6769,0,0,0,0,0,1,0
16,2.2,1216,265.0,10.9,1013,322.0,576,161.0,1277,967,27.8,20.0,0.7378,0,0,0,0,0,1,0
17,1.9,1131,137.33333,8.6,925,276.0,638,147.0,1158,831,26.2,19.4,0.6491,0,0,0,0,0,1,0
18,2.7,1300,350.0,15.0,1149,341.0,530,165.0,1353,1182,22.7,24.4,0.6661,0,0,0,0,0,1,0
19,3.9,1358,633.66667,21.3,1331,531.0,459,214.0,1518,1523,20.2,29.3,0.686,0,0,0,0,0,1,0
20,5.6,1492,593.0,24.8,1425,653.0,417,228.0,1690,1780,17.3,35.2,0.6907,0,0,0,0,0,1,0
21,4.9,1413,525.33333,18.4,1251,646.0,478,240.0,1504,1682,16.1,38.7,0.7023,0,0,0,0,0,1,0
22,2.2,1210,239.66667,9.1,943,333.0,611,188.0,1224,1390,14.6,44.5,0.7337,0,0,0,0,0,1,0
23,1.9,1196,185.0,8.1,902,299.0,620,173.0,1185,1390,13.7,48.6,0.7555,0,0,0,0,0,1,0
0,1.4,1101,105.66667,5.9,809,224.0,690,150.0,1123,1201,12.4,52.2,0.7513,0,0,0,0,0,0,1
1,1.3,1076,77.33333,5.1,770,195.0,721,134.0,1093,1107,11.9,53.4,0.7414,0,0,0,0,0,0,1
2,1.1,1040,74.66667,4.5,736,209.0,740,132.0,1099,1050,10.4,58.4,0.7367,0,0,0,0,0,0,1
3,0.9,989,71.66667,3.2,667,168.0,824,117.0,1048,943,8.9,63.5,0.7268,0,0,0,0,0,0,1
4,0.9,966,64.33333,2.8,639,153.0,843,103.0,1033,903,8.2,65.9,0.7168,0,0,0,0,0,0,1
5,0.7,912,49.33333,2.0,587,140.0,922,99.0,1002,826,7.7,67.1,0.7074,0,0,0,0,0,0,1
6,0.8,960,51.0,3.3,668,184.0,841,106.0,1038,878,7.2,68.6,0.6978,0,0,0,0,0,0,1
7,1.2,1028,88.33333,5.4,784,266.0,709,113.0,1110,996,7.5,66.7,0.6943,0,0,0,0,0,0,1
8,2.9,1375,271.66667,14.5,1134,518.0,504,141.0,1467,1470,8.7,61.6,0.696,0,0,0,0,0,0,1
9,5.4,1522,694.66667,26.5,1466,681.0,380,180.0,1822,1883,12.0,51.0,0.7131,0,0,0,0,0,0,1
10,4.3,1400,671.33333,17.6,1227,558.0,465,192.0,1542,1661,15.4,42.5,0.7379,0,0,0,0,0,0,1
11,3.1,1323,490.33333,14.9,1144,457.0,502,187.0,1405,1568,18.8,33.5,0.7186,0,0,0,0,0,0,1
12,2.4,1250,394.33333,10.3,990,353.0,579,169.0,1262,1291,22.2,28.1,0.7426,0,0,0,0,0,0,1
13,2.3,1283,329.33333,12.0,1048,313.0,550,161.0,1336,1226,24.7,25.5,0.7785,0,0,0,0,0,0,1
14,2.3,1171,332.66667,10.4,993,290.0,597,160.0,1208,841,25.0,23.4,0.7301,0,0,0,0,0,0,1
15,2.3,1264,164.33333,12.9,1081,318.0,555,177.0,1323,951,25.9,21.9,0.7209,0,0,0,0,0,0,1
16,3.4,1301,154.0,15.1,1152,479.0,525,219.0,1343,1151,25.6,21.7,0.7039,0,0,0,0,0,0,1
17,3.7,1321,248.33333,15.8,1175,494.0,525,212.0,1366,1279,25.1,21.8,0.6854,0,0,0,0,0,0,1
18,4.1,1343,462.33333,20.1,1298,551.0,477,225.0,1495,1416,22.1,25.6,0.6728,0,0,0,0,0,0,1
19,5.6,1493,729.0,25.6,1444,701.0,417,240.0,1702,1738,19.1,32.5,0.7112,0,0,0,0,0,0,1
20,5.3,1545,692.33333,24.0,1403,571.0,407,223.0,1743,1821,16.7,42.5,0.8002,0,0,0,0,0,0,1
21,4.9,1477,489.0,18.3,1247,643.0,456,241.0,1562,1733,15.5,48.3,0.8439,0,0,0,0,0,0,1
22,2.0,1202,136.0,7.2,864,282.0,620,159.0,1255,1115,13.3,60.5,0.9168,0,0,0,0,0,0,1
23,1.9,1236,142.66667,6.8,849,251.0,631,150.0,1274,1131,12.1,67.6,0.9539,0,0,0,0,0,0,1
0,2.2,1206,98.33333,6.8,849,307.0,640,163.0,1245,1127,11.8,68.3,0.9432,1,0,0,0,0,0,0
1,1.9,1192,116.33333,6.4,832,282.0,646,155.0,1253,1167,11.6,68.3,0.9314,1,0,0,0,0,0,0
2,1.1,1044,72.66667,2.7,630,160.0,845,119.0,1099,809,11.8,67.9,0.9362,1,0,0,0,0,0,0
3,1.0,1053,79.0,2.9,648,125.0,808,94.0,1109,709,12.3,65.8,0.9374,1,0,0,0,0,0,0
4,0.9,1023,45.66667,2.2,600,106.0,872,80.0,1089,575,12.2,66.9,0.9496,1,0,0,0,0,0,0
5,0.9,1005,47.0,2.5,620,111.0,846,83.0,1098,572,12.1,67.3,0.948,1,0,0,0,0,0,0
6,0.7,959,41.33333,1.9,578,115.0,907,79.0,1079,546,11.8,67.1,0.9274,1,0,0,0,0,0,0
7,1.0,1049,41.66667,3.6,686,156.0,793,96.0,1159,795,11.9,65.6,0.9129,1,0,0,0,0,0,0
8,2.0,1255,196.66667,10.1,983,320.0,555,141.0,1439,1268,12.2,65.6,0.93,1,0,0,0,0,0,0
9,2.7,1285,417.0,10.9,1009,380.0,517,153.0,1452,1366,12.8,64.4,0.9448,1,0,0,0,0,0,0
10,2.5,1254,244.0,9.9,973,371.0,543,156.0,1403,1328,13.4,62.0,0.9498,1,0,0,0,0,0,0
11,2.4,1253,289.33333,9.7,966,343.0,560,162.0,1378,1251,14.5,57.0,0.9333,1,0,0,0,0,0,0
12,2.2,1242,198.0,8.9,935,297.0,584,164.0,1327,1127,15.8,51.3,0.9144,1,0,0,0,0,0,0
13,2.1,1212,234.0,8.5,918,281.0,593,160.0,1308,1066,17.5,46.0,0.9104,1,0,0,0,0,0,0
14,1.8,1165,155.66667,6.6,839,220.0,652,140.0,1214,867,19.5,40.2,0.901,1,0,0,0,0,0,0
15,1.4,1136,91.0,5.4,781,174.0,712,119.0,1169,691,21.2,35.9,0.8943,1,0,0,0,0,0,0
16,2.1,1233,174.33333,8.7,926,260.0,617,153.0,1293,917,21.7,35.1,0.8993,1,0,0,0,0,0,0
17,1.7,1177,148.0,5.8,800,222.0,696,139.0,1191,748,20.5,38.4,0.9161,1,0,0,0,0,0,0
18,1.9,1223,320.33333,7.6,883,266.0,614,156.0,1289,968,18.2,45.9,0.9488,1,0,0,0,0,0,0
19,2.7,1360,622.0,12.4,1063,387.0,507,183.0,1483,1420,16.2,53.0,0.9722,1,0,0,0,0,0,0
20,3.2,1435,577.66667,14.7,1140,425.0,477,185.0,1550,1530,15.0,57.6,0.9777,1,0,0,0,0,0,0
21,3.3,1305,244.33333,10.5,995,484.0,552,200.0,1402,1341,14.1,60.8,0.9716,1,0,0,0,0,0,0
22,2.3,1199,171.66667,7.3,869,325.0,618,163.0,1306,1160,13.2,65.6,0.9882,1,0,0,0,0,0,0
23,1.9,1217,174.66667,8.5,921,257.0,589,154.0,1336,1261,13.5,63.8,0.9797,1,0,0,0,0,0,0
0,1.9,1200,175.33333,6.8,847,273.0,636,151.0,1297,1132,13.6,63.4,0.9794,0,1,0,0,0,0,0
1,1.9,1150,95.33333,5.9,807,276.0,669,149.0,1243,1042,13.6,63.5,0.9857,0,1,0,0,0,0,0
2,1.5,1086,78.33333,4.3,726,202.0,736,131.0,1192,848,13.4,64.8,0.988,0,1,0,0,0,0,0
3,1.1,1027,62.0,3.5,684,132.0,788,94.0,1149,666,13.2,64.8,0.9801,0,1,0,0,0,0,0
4,0.8,993,49.33333,2.8,640,85.0,848,66.0,1110,548,13.0,65.3,0.9704,0,1,0,0,0,0,0
5,0.8,985,44.33333,2.4,610,87.0,851,69.0,1101,604,12.6,65.9,0.9583,0,1,0,0,0,0,0
6,0.6,934,47.33333,1.6,552,70.0,966,57.0,1063,520,13.1,64.0,0.9591,0,1,0,0,0,0,0
7,0.7,977,53.0,2.7,631,113.0,859,78.0,1120,659,12.4,66.2,0.95,0,1,0,0,0,0,0
8,0.7,970,79.66667,2.5,618,112.0,888,84.0,1095,611,13.3,62.4,0.946,0,1,0,0,0,0,0
9,1.0,1041,145.66667,3.9,706,140.0,778,97.0,1178,756,14.0,59.7,0.9491,0,1,0,0,0,0,0
10,1.5,1144,190.0,6.2,821,214.0,651,123.0,1262,988,15.4,54.0,0.9385,0,1,0,0,0,0,0
11,2.4,1209,190.33333,8.8,933,334.0,581,166.0,1329,1058,17.0,47.5,0.9146,0,1,0,0,0,0,0
12,1.6,1083,95.0,4.3,727,203.0,763,130.0,1135,636,18.6,42.6,0.904,0,1,0,0,0,0,0
13,1.2,1063,90.33333,3.4,678,163.0,796,109.0,1107,522,21.5,35.0,0.8886,0,1,0,0,0,0,0
14,0.9,988,53.0,2.2,600,110.0,912,82.0,1033,415,21.3,35.6,0.8924,0,1,0,0,0,0,0
15,0.9,1060,81.33333,3.6,686,107.0,830,73.0,1110,445,23.1,32.1,0.8973,0,1,0,0,0,0,0
16,1.1,1087,111.66667,4.1,717,135.0,786,91.0,1112,515,22.1,34.5,0.9035,0,1,0,0,0,0,0
17,1.4,1153,66.0,5.7,798,187.0,715,109.0,1184,678,21.5,35.7,0.905,0,1,0,0,0,0,0
18,1.7,1167,97.66667,6.6,838,240.0,660,128.0,1227,825,19.3,41.6,0.923,0,1,0,0,0,0,0
19,2.9,1370,174.66667,12.7,1072,398.0,535,155.0,1428,1233,17.3,47.8,0.9363,0,1,0,0,0,0,0
20,4.0,1403,421.0,14.8,1142,585.0,492,176.0,1518,1419,16.0,54.9,0.9934,0,1,0,0,0,0,0
21,4.0,1364,254.33333,12.3,1061,590.0,534,179.0,1436,1397,15.6,58.0,1.0197,0,1,0,0,0,0,0
22,1.9,1111,191.0,6.3,825,295.0,679,124.0,1238,975,14.8,61.3,1.025,0,1,0,0,0,0,0
23,1.5,1091,146.0,5.3,777,209.0,711,105.0,1217,891,13.8,63.4,0.9916,0,1,0,0,0,0,0
0,1.5,1107,104.66667,5.3,777,183.0,697,99.0,1221,945,13.1,66.1,0.9913,0,0,1,0,0,0,0
1,1.6,1095,112.66667,4.7,746,177.0,716,104.0,1217,916,13.3,66.4,1.0128,0,0,1,0,0,0,0
2,1.1,1027,111.0,3.3,673,126.0,794,95.0,1160,770,13.3,67.0,1.0207,0,0,1,0,0,0,0
3,0.8,996,80.0,2.7,631,100.0,845,81.0,1153,697,13.1,68.6,1.0288,0,0,1,0,0,0,0
4,0.7,955,64.33333,2.0,582,83.0,902,68.0,1118,611,12.2,72.4,1.0224,0,0,1,0,0,0,0
5,0.6,947,50.0,1.6,553,84.0,944,69.0,1110,693,11.6,73.8,1.0054,0,0,1,0,0,0,0
6,0.7,1003,62.66667,3.0,650,113.0,831,73.0,1158,750,12.9,67.5,0.999,0,0,1,0,0,0,0
7,1.3,1120,160.66667,6.1,815,270.0,660,113.0,1291,1053,12.8,68.0,1.0023,0,0,1,0,0,0,0
8,3.2,1476,515.33333,17.3,1219,487.0,459,141.0,1673,1561,13.5,63.9,0.9875,0,0,1,0,0,0,0
9,6.1,1653,635.0,31.0,1573,723.0,345,174.0,2147,1920,14.7,59.8,0.9928,0,0,1,0,0,0,0
10,4.3,1403,664.0,15.4,1161,614.0,487,178.0,1576,1583,15.9,56.6,1.0147,0,0,1,0,0,0,0
11,2.6,1241,191.33333,10.9,1011,395.0,545,163.0,1428,1274,18.3,49.4,1.0264,0,0,1,0,0,0,0
12,2.0,1176,149.33333,8.4,914,310.0,621,143.0,1347,1083,19.8,44.2,1.0091,0,0,1,0,0,0,0
13,1.8,1160,174.0,7.1,862,259.0,636,127.0,1320,924,21.6,39.6,1.009,0,0,1,0,0,0,0
14,2.1,1224,150.33333,10.0,977,251.0,571,131.0,1424,1002,23.3,35.8,1.0086,0,0,1,0,0,0,0
15,2.1,1175,179.33333,8.2,906,261.0,616,135.0,1332,905,23.8,33.4,0.9699,0,0,1,0,0,0,0
16,2.0,1235,191.33333,9.2,947,241.0,594,131.0,1362,923,22.8,35.3,0.9693,0,0,1,0,0,0,0
17,2.6,1288,226.0,12.4,1064,317.0,539,153.0,1446,1123,22.8,34.9,0.9576,0,0,1,0,0,0,0
18,4.5,1512,423.33333,23.3,1386,505.0,425,198.0,1831,1602,20.9,39.3,0.9615,0,0,1,0,0,0,0
19,6.4,1609,642.33333,29.7,1544,669.0,367,232.0,1999,1878,18.6,46.4,0.9867,0,0,1,0,0,0,0
20,6.0,1537,784.0,25.7,1446,638.0,392,224.0,1855,1840,17.2,52.7,1.0285,0,0,1,0,0,0,0
21,3.8,1315,333.0,14.3,1126,433.0,498,183.0,1537,1474,15.3,61.0,1.054,0,0,1,0,0,0,0
22,2.1,1155,177.66667,8.2,909,252.0,604,144.0,1331,1244,14.2,65.4,1.0497,0,0,1,0,0,0,0
23,1.2,1033,109.33333,4.9,759,154.0,735,117.0,1185,937,13.8,65.2,1.0275,0,0,1,0,0,0,0
0,1.3,1078,119.33333,5.9,808,152.0,696,106.0,1221,891,13.3,65.6,0.9969,0,0,0,1,0,0,0
1,1.5,1069,67.33333,5.7,799,181.0,682,121.0,1211,1044,12.6,67.9,0.9886,0,0,0,1,0,0,0
2,0.9,952,58.33333,2.9,648,109.0,847,87.0,1107,792,12.8,64.5,0.9493,0,0,0,1,0,0,0
3,0.7,910,43.0,1.8,570,73.0,964,62.0,1060,670,12.8,63.6,0.936,0,0,0,1,0,0,0
4,0.5,878,55.0,1.2,517,83.0,1069,70.0,1046,689,12.0,65.2,0.9103,0,0,0,1,0,0,0
5,0.6,899,29.66667,1.6,556,90.0,1001,66.0,1064,717,10.6,70.8,0.9033,0,0,0,1,0,0,0
6,0.7,939,46.0,2.5,620,151.0,905,88.0,1095,813,10.9,69.2,0.9033,0,0,0,1,0,0,0
7,0.9,1001,84.66667,3.8,701,191.0,816,93.0,1130,891,10.3,70.9,0.8907,0,0,0,1,0,0,0
8,2.2,1303,357.0,13.5,1102,403.0,536,116.0,1488,1323,11.8,66.3,0.9174,0,0,0,1,0,0,0
9,4.7,1557,568.33333,27.8,1499,555.0,381,151.0,1945,1817,14.1,58.9,0.9447,0,0,0,1,0,0,0
10,4.5,1402,661.0,18.8,1263,551.0,446,169.0,1640,1723,16.5,51.6,0.9601,0,0,0,1,0,0,0
11,3.1,1380,457.33333,15.7,1170,473.0,477,166.0,1566,1656,20.2,42.1,0.984,0,0,0,1,0,0,0
12,2.8,1350,370.33333,15.6,1168,388.0,475,160.0,1564,1539,21.7,39.0,0.9979,0,0,0,1,0,0,0
13,2.4,1283,383.0,12.3,1061,296.0,525,145.0,1434,1294,23.5,35.0,0.9977,0,0,0,1,0,0,0
14,2.5,1293,450.0,12.4,1064,283.0,522,131.0,1446,1229,23.5,34.2,0.9748,0,0,0,1,0,0,0
15,2.0,1197,164.33333,9.1,943,256.0,599,130.0,1294,951,25.5,28.3,0.9124,0,0,0,1,0,0,0
16,1.7,1142,146.33333,8.6,924,234.0,629,122.0,1236,819,25.5,24.7,0.7928,0,0,0,1,0,0,0
17,1.7,1147,183.0,8.4,914,215.0,633,113.0,1233,801,22.9,29.2,0.8055,0,0,0,1,0,0,0
18,3.3,1448,415.33333,20.9,1322,454.0,447,156.0,1655,1492,21.3,32.9,0.8209,0,0,0,1,0,0,0
19,4.5,1487,661.66667,21.9,1350,605.0,418,198.0,1698,1692,20.1,42.4,0.988,0,0,0,1,0,0,0
20,5.8,1476,624.33333,20.4,1308,529.0,428,175.0,1674,1654,18.6,46.6,0.9858,0,0,0,1,0,0,0
21,4.3,1282,338.66667,11.0,1013,354.0,545,141.0,1384,1287,17.4,50.6,0.9989,0,0,0,1,0,0,0
22,3.0,1147,112.33333,6.8,848,195.0,636,101.0,1289,938,16.4,57.2,1.0574,0,0,0,1,0,0,0
23,2.8,1130,98.33333,6.3,828,161.0,645,102.0,1283,973,16.3,59.4,1.0895,0,0,0,1,0,0,0
0,2.7,1154,144.33333,6.2,822,187.0,656,119.0,1285,1087,16.0,60.2,1.0844,0,0,0,0,1,0,0
1,2.4,1049,77.0,3.5,683,156.0,782,110.0,1190,796,15.6,61.6,1.0859,0,0,0,0,1,0,0
2,2.2,1056,48.33333,3.3,672,116.0,769,87.0,1184,830,15.4,62.0,1.0793,0,0,0,0,1,0,0
3,2.0,1011,63.0,2.5,622,83.0,827,66.0,1158,703,15.2,63.5,1.0881,0,0,0,0,1,0,0
4,0.93333,993,64.33333,2.3,604,85.0,848,65.0,1160,762,14.5,66.4,1.0919,0,0,0,0,1,0,0
5,0.5,976,41.66667,1.8,568,78.0,891,63.0,1143,705,15.0,64.8,1.1007,0,0,0,0,1,0,0
6,0.7,1050,42.33333,3.6,690,127.0,761,71.0,1223,867,14.2,68.3,1.0988,0,0,0,0,1,0,0
7,1.2,1143,93.66667,6.1,818,279.0,646,103.0,1316,1122,14.0,68.6,1.0918,0,0,0,0,1,0,0
8,3.9,1606,467.0,22.3,1360,649.0,396,144.0,1895,1771,15.4,63.4,1.1045,0,0,0,0,1,0,0
9,4.9,1592,851.0,27.0,1478,593.0,360,158.0,1975,1874,17.8,53.3,1.0736,0,0,0,0,1,0,0
10,4.6,1510,622.66667,19.5,1282,584.0,419,169.0,1726,1812,19.4,47.5,1.061,0,0,0,0,1,0,0
11,3.4,1421,369.66667,15.8,1172,563.0,474,184.0,1513,1726,21.4,38.7,0.9724,0,0,0,0,1,0,0
12,2.0,1169,210.33333,10.3,987,337.0,596,143.0,1285,1184,22.9,29.3,0.8077,0,0,0,0,1,0,0
13,1.9,1187,289.0,11.0,1014,272.0,578,133.0,1315,1131,24.2,26.5,0.7869,0,0,0,0,1,0,0
14,2.4,1171,290.66667,11.9,1045,322.0,570,141.0,1291,1149,24.5,23.1,0.6968,0,0,0,0,1,0,0
15,2.4,1175,220.33333,11.7,1040,362.0,582,153.0,1268,1185,23.1,22.8,0.6346,0,0,0,0,1,0,0
16,2.2,1216,157.0,12.0,1050,361.0,564,149.0,1311,1244,23.3,23.8,0.6738,0,0,0,0,1,0,0
17,2.5,1239,248.33333,12.3,1062,431.0,558,159.0,1299,1380,23.2,23.3,0.6562,0,0,0,0,1,0,0
18,3.9,1463,417.66667,23.2,1383,545.0,440,181.0,1636,1727,22.7,25.5,0.6944,0,0,0,0,1,0,0
19,6.2,1616,602.33333,32.6,1610,796.0,374,227.0,1909,2021,21.0,29.2,0.7192,0,0,0,0,1,0,0
20,7.2,1663,593.0,32.0,1597,874.0,366,230.0,1906,2159,19.5,35.6,0.7978,0,0,0,0,1,0,0
21,3.9,1445,333.0,18.8,1263,551.0,464,194.0,1500,1844,18.8,37.3,0.8031,0,0,0,0,1,0,0
22,2.4,1293,177.66667,12.1,1052,393.0,536,172.0,1332,1593,17.7,39.7,0.799,0,0,0,0,1,0,0
23,2.3,1354,125.66667,13.0,1084,369.0,502,158.0,1380,1651,16.7,45.2,0.8506,0,0,0,0,1,0,0
0,1.9,1251,121.0,9.9,973,314.0,559,144.0,1277,1482,15.9,47.0,0.8434,0,0,0,0,0,1,0
1,1.7,1222,102.0,8.1,902,294.0,590,133.0,1256,1384,15.1,50.2,0.8543,0,0,0,0,0,1,0
2,0.9,1044,80.33333,3.8,702,165.0,746,109.0,1099,1101,15.3,49.2,0.8493,0,0,0,0,0,1,0
3,0.7,1006,60.0,3.1,659,143.0,791,94.0,1082,999,13.1,56.1,0.8416,0,0,0,0,0,1,0
4,0.5,953,64.33333,2.0,583,93.0,889,73.0,1043,895,13.3,54.4,0.8287,0,0,0,0,0,1,0
5,0.4,959,47.0,2.2,598,111.0,878,76.0,1045,904,12.4,58.3,0.8364,0,0,0,0,0,1,0
6,0.4,949,49.66667,2.3,607,105.0,884,74.0,1043,851,12.9,56.0,0.8292,0,0,0,0,0,1,0
7,0.7,1073,142.33333,4.9,760,173.0,727,73.0,1128,1052,11.9,59.6,0.8294,0,0,0,0,0,1,0
8,3.1,1499,504.33333,19.8,1291,541.0,444,107.0,1653,1609,13.4,55.1,0.8444,0,0,0,0,0,1,0
9,3.4,1404,630.33333,15.0,1149,581.0,469,115.0,1523,1614,16.1,46.4,0.8436,0,0,0,0,0,1,0
10,3.5,1465,478.66667,18.1,1241,591.0,434,132.0,1572,1774,17.9,42.2,0.8557,0,0,0,0,0,1,0
11,3.2,1474,462.0,15.3,1158,653.0,469,155.0,1476,1802,18.2,43.2,0.8926,0,0,0,0,0,1,0
12,3.2,1611,420.0,17.8,1233,690.0,413,140.0,1687,1741,16.0,67.9,1.2217,0,0,0,0,0,1,0
13,3.3,1590,445.0,17.3,1219,602.0,410,147.0,1677,1830,17.6,59.7,1.188,0,0,0,0,0,1,0
14,3.0,1422,280.0,14.1,1120,489.0,476,161.0,1525,1696,20.9,43.4,1.0618,0,0,0,0,0,1,0
15,2.0,1273,210.33333,10.3,988,288.0,563,123.0,1387,1257,24.1,33.3,0.9881,0,0,0,0,0,1,0
16,2.3,1296,214.33333,11.0,1014,323.0,543,142.0,1401,1305,22.9,35.2,0.9694,0,0,0,0,0,1,0
17,2.2,1247,356.66667,10.3,989,301.0,557,143.0,1383,1183,22.2,36.2,0.956,0,0,0,0,0,1,0
18,2.7,1359,584.0,14.6,1135,335.0,505,153.0,1500,1347,21.3,37.8,0.9462,0,0,0,0,0,1,0
19,5.9,1726,619.66667,30.8,1570,659.0,359,200.0,2021,1947,20.1,43.2,1.0051,0,0,0,0,0,1,0
20,7.5,1818,461.33333,35.5,1675,847.0,330,232.0,2143,2129,18.8,49.1,1.0538,0,0,0,0,0,1,0
21,5.0,1667,500.66667,24.2,1410,691.0,383,201.0,1818,1948,18.2,52.2,1.0795,0,0,0,0,0,1,0
22,4.0,1549,249.66667,17.8,1233,590.0,424,175.0,1648,1804,17.4,57.3,1.1288,0,0,0,0,0,1,0
23,2.7,1385,191.0,11.9,1045,449.0,496,159.0,1462,1572,17.0,56.6,1.0902,0,0,0,0,0,1,0
0,2.0,1320,248.66667,9.3,950,316.0,542,135.0,1428,1426,16.2,66.3,1.208,0,0,0,0,0,0,1
1,1.5,1205,171.66667,6.3,828,239.0,622,128.0,1344,1170,15.3,73.3,1.2655,0,0,0,0,0,0,1
2,1.0,1099,86.33333,4.0,709,165.0,727,109.0,1263,1000,15.2,73.3,1.2556,0,0,0,0,0,0,1
3,1.0,1106,53.0,4.1,715,152.0,714,101.0,1279,949,13.9,80.4,1.2694,0,0,0,0,0,0,1
4,0.9,1099,82.33333,4.1,718,144.0,714,96.0,1300,905,13.6,82.8,1.2817,0,0,0,0,0,0,1
5,0.8,1042,42.66667,3.3,671,126.0,754,87.0,1255,845,13.7,82.0,1.277,0,0,0,0,0,0,1
6,0.6,980,52.33333,2.5,621,132.0,858,81.0,1190,692,13.7,78.0,1.2174,0,0,0,0,0,0,1
7,1.0,1138,136.66667,5.4,782,228.0,705,100.0,1321,926,14.1,75.5,1.2065,0,0,0,0,0,0,1
8,3.2,1517,561.33333,17.4,1222,580.0,437,146.0,1750,1470,14.8,73.6,1.2331,0,0,0,0,0,0,1
9,4.3,1537,615.66667,22.9,1374,564.0,384,158.0,1941,1660,16.0,67.8,1.2276,0,0,0,0,0,0,1
10,2.7,1296,487.33333,11.1,1017,369.0,526,136.0,1494,1360,18.4,59.2,1.2398,0,0,0,0,0,0,1
11,1.6,1255,300.0,9.5,958,260.0,579,117.0,1420,1215,20.4,50.5,1.1954,0,0,0,0,0,0,1
12,1.4,1367,394.33333,13.6,1105,371.0,503,140.0,1578,1391,21.3,46.6,1.1628,0,0,0,0,0,0,1
13,2.3,1473,377.33333,17.0,1210,513.0,462,169.0,1686,1521,20.4,49.8,1.1765,0,0,0,0,0,0,1
14,2.1,1422,486.33333,15.8,1175,471.0,474,163.0,1647,1483,21.1,47.8,1.1813,0,0,0,0,0,0,1
15,1.4,1378,219.66667,14.3,1125,378.0,502,144.0,1601,1380,21.5,47.8,1.206,0,0,0,0,0,0,1
16,3.4,1446,254.0,17.5,1224,445.0,471,153.0,1706,1450,21.7,47.4,1.2184,0,0,0,0,0,0,1
17,3.8,1473,276.0,17.8,1235,483.0,468,164.0,1702,1519,21.0,49.8,1.2208,0,0,0,0,0,0,1
18,4.9,1619,395.33333,24.3,1411,530.0,417,174.0,1908,1684,20.4,51.9,1.2261,0,0,0,0,0,0,1
19,5.7,1673,572.66667,27.2,1484,649.0,397,196.0,2008,1812,19.4,56.3,1.25,0,0,0,0,0,0,1
20,5.5,1605,580.33333,23.7,1397,604.0,420,189.0,1891,1710,18.8,58.3,1.2514,0,0,0,0,0,0,1
21,3.9,1460,381.33333,16.7,1201,486.0,466,155.0,1685,1591,18.2,61.0,1.2634,0,0,0,0,0,0,1
22,3.1,1407,179.33333,14.0,1117,402.0,486,137.0,1596,1521,17.7,63.3,1.2729,0,0,0,0,0,0,1
23,2.0,1286,166.33333,10.1,982,268.0,550,117.0,1458,1353,17.7,63.5,1.27,0,0,0,0,0,0,1
0,2.5,1372,189.0,12.1,1054,350.0,504,128.0,1534,1463,17.1,66.9,1.2926,1,0,0,0,0,0,0
1,2.2,1312,160.66667,10.5,995,312.0,527,124.0,1488,1447,16.8,69.0,1.3135,1,0,0,0,0,0,0
2,1.5,1205,86.66667,7.2,867,243.0,601,108.0,1361,1294,16.6,70.0,1.3078,1,0,0,0,0,0,0
3,1.2,1167,73.33333,6.4,829,202.0,622,89.0,1360,1172,16.1,71.3,1.2955,1,0,0,0,0,0,0
4,1.6,1122,138.0,6.0,811,181.0,641,92.0,1336,1122,16.2,71.2,1.3013,1,0,0,0,0,0,0
5,0.8,1126,70.33333,5.3,779,139.0,663,84.0,1309,1103,16.3,69.8,1.2853,1,0,0,0,0,0,0
6,0.1,1121,49.0,4.9,757,156.0,672,83.0,1293,1113,16.1,70.0,1.2739,1,0,0,0,0,0,0
7,1.1,1135,113.0,5.7,797,175.0,651,80.0,1325,1109,16.1,69.5,1.2623,1,0,0,0,0,0,0
8,1.7,1248,270.66667,9.0,939,281.0,565,93.0,1458,1229,16.5,68.1,1.2653,1,0,0,0,0,0,0
9,2.1,1325,350.33333,10.9,1010,322.0,513,106.0,1522,1404,17.4,65.0,1.2775,1,0,0,0,0,0,0
10,2.3,1347,335.66667,10.6,1000,369.0,510,115.0,1490,1450,18.4,60.2,1.2623,1,0,0,0,0,0,0
11,2.1,1317,190.33333,9.3,952,366.0,541,124.0,1443,1393,19.1,57.5,1.2569,1,0,0,0,0,0,0
12,1.9,1243,135.0,8.3,912,301.0,579,113.0,1406,1227,21.2,48.4,1.2028,1,0,0,0,0,0,0
13,1.7,1169,133.33333,6.6,841,232.0,623,104.0,1361,1040,22.3,43.9,1.1695,1,0,0,0,0,0,0
14,1.3,1085,150.33333,5.1,769,156.0,711,85.0,1264,820,23.7,39.4,1.1366,1,0,0,0,0,0,0
15,1.3,1177,184.66667,7.9,896,169.0,616,94.0,1374,1011,23.1,41.2,1.1523,1,0,0,0,0,0,0
16,1.6,1207,154.33333,7.7,888,203.0,611,99.0,1382,1042,25.7,35.7,1.1626,1,0,0,0,0,0,0
17,2.2,1269,185.66667,10.7,1005,260.0,553,112.0,1463,1136,24.3,38.4,1.1503,1,0,0,0,0,0,0
18,2.3,1205,146.0,10.5,996,289.0,559,122.0,1456,1101,21.9,45.1,1.1687,1,0,0,0,0,0,0
19,2.2,1218,217.0,10.9,1009,273.0,553,119.0,1486,1108,19.7,51.8,1.1779,1,0,0,0,0,0,0
20,2.0,1183,186.0,8.4,914,263.0,604,119.0,1387,1078,18.7,54.5,1.1644,1,0,0,0,0,0,0
21,2.3,1242,268.0,10.0,978,295.0,564,127.0,1449,1210,17.8,58.1,1.1742,1,0,0,0,0,0,0
22,2.2,1263,253.33333,10.3,990,303.0,553,126.0,1465,1270,17.3,60.8,1.1885,1,0,0,0,0,0,0
23,1.6,1139,165.66667,7.2,865,209.0,625,111.0,1362,1119,16.5,63.8,1.1873,1,0,0,0,0,0,0
0,1.6,1166,152.66667,6.4,829,200.0,632,102.0,1338,1133,16.3,65.2,1.1982,0,1,0,0,0,0,0
1,1.3,1079,141.0,4.3,727,174.0,724,93.0,1275,1010,16.5,63.8,1.1896,0,1,0,0,0,0,0
2,1.0,1008,109.0,3.3,669,115.0,791,78.0,1241,894,16.6,63.0,1.1784,0,1,0,0,0,0,0
3,1.0,1034,77.66667,3.9,707,122.0,740,74.0,1267,930,16.2,64.3,1.1729,0,1,0,0,0,0,0
4,1.0,1001,82.0,3.4,675,105.0,778,68.0,1260,861,15.9,65.1,1.1654,0,1,0,0,0,0,0
5,0.8,977,46.33333,2.3,605,102.0,852,68.0,1212,841,15.8,65.4,1.1629,0,1,0,0,0,0,0
6,0.7,986,89.66667,2.3,602,96.0,878,61.0,1211,851,15.8,65.9,1.1792,0,1,0,0,0,0,0
7,1.1,1082,241.33333,4.2,720,144.0,697,76.0,1297,960,15.6,67.7,1.1911,0,1,0,0,0,0,0
8,1.1,1068,156.0,3.6,688,152.0,725,78.0,1289,926,15.2,71.5,1.2228,0,1,0,0,0,0,0
9,1.1,1136,96.33333,4.4,733,156.0,692,79.0,1344,901,14.5,80.8,1.3224,0,1,0,0,0,0,0
10,1.4,1184,105.0,4.6,743,208.0,672,90.0,1369,915,15.2,81.4,1.393,0,1,0,0,0,0,0
11,1.3,1179,130.33333,4.5,738,174.0,680,89.0,1335,956,15.9,77.3,1.3838,0,1,0,0,0,0,0
12,1.5,1182,235.33333,5.0,761,206.0,677,97.0,1338,1019,17.5,67.1,1.3342,0,1,0,0,0,0,0
13,1.3,1082,136.33333,3.8,700,160.0,759,91.0,1286,842,18.1,62.8,1.2916,0,1,0,0,0,0,0
14,0.8,996,61.66667,2.5,620,91.0,820,62.0,1238,612,18.6,62.1,1.3224,0,1,0,0,0,0,0
15,0.9,1024,60.66667,2.7,630,106.0,862,66.0,1240,544,16.2,71.9,1.3171,0,1,0,0,0,0,0
16,1.4,1093,53.66667,3.5,682,199.0,797,104.0,1256,638,15.4,75.2,1.3024,0,1,0,0,0,0,0
17,1.8,1170,99.33333,4.9,756,299.0,713,126.0,1341,793,14.4,80.8,1.3182,0,1,0,0,0,0,0
18,1.6,1153,90.0,4.4,734,272.0,712,122.0,1324,811,13.8,83.5,1.3154,0,1,0,0,0,0,0
19,1.8,1220,213.0,5.7,796,285.0,652,121.0,1367,896,13.9,83.6,1.3208,0,1,0,0,0,0,0
20,2.1,1218,119.33333,6.3,825,307.0,627,126.0,1393,978,14.2,82.3,1.3219,0,1,0,0,0,0,0
21,1.9,1172,197.66667,6.0,810,237.0,637,115.0,1376,964,14.1,81.4,1.3046,0,1,0,0,0,0,0
22,1.7,1182,226.66667,6.0,812,244.0,650,116.0,1368,993,14.4,79.0,1.2917,0,1,0,0,0,0,0
23,1.9,1160,217.0,5.6,794,284.0,658,120.0,1356,966,14.6,77.7,1.2834,0,1,0,0,0,0,0
0,1.6,1106,189.0,4.3,728,221.0,722,111.0,1309,885,14.4,78.6,1.2839,0,0,1,0,0,0,0
1,1.2,1031,69.0,3.0,652,173.0,803,101.0,1256,775,14.4,78.0,1.2741,0,0,1,0,0,0,0
2,1.0,1015,73.66667,2.8,640,144.0,821,92.0,1247,738,14.1,79.1,1.2665,0,0,1,0,0,0,0
3,1.0,1003,56.66667,2.7,635,117.0,829,78.0,1235,711,13.7,80.6,1.2528,0,0,1,0,0,0,0
4,0.8,951,43.33333,2.0,583,89.0,905,63.0,1212,624,13.9,79.6,1.2616,0,0,1,0,0,0,0
5,0.6,938,44.66667,1.9,575,97.0,955,63.0,1195,585,13.8,79.0,1.2425,0,0,1,0,0,0,0
6,0.6,933,46.33333,1.9,574,95.0,937,63.0,1201,646,13.9,78.0,1.2346,0,0,1,0,0,0,0
7,1.0,1010,87.66667,3.1,656,166.0,815,84.0,1260,809,14.1,77.8,1.2445,0,0,1,0,0,0,0
8,1.0,1025,139.66667,3.4,675,160.0,798,89.0,1257,828,15.0,73.2,1.2413,0,0,1,0,0,0,0
9,1.3,1086,162.0,4.9,756,176.0,700,101.0,1308,894,16.4,67.3,1.2451,0,0,1,0,0,0,0
10,1.5,1111,146.66667,5.2,773,216.0,690,115.0,1331,915,17.8,61.7,1.2436,0,0,1,0,0,0,0
11,1.6,1129,101.33333,5.5,788,220.0,692,111.0,1305,920,20.8,50.4,1.2213,0,0,1,0,0,0,0
12,1.4,1097,74.33333,4.2,721,183.0,746,96.0,1266,807,21.6,46.8,1.1959,0,0,1,0,0,0,0
13,1.4,1029,67.0,3.3,670,154.0,800,87.0,1223,678,23.1,41.3,1.1506,0,0,1,0,0,0,0
14,1.2,1071,56.66667,4.8,752,132.0,736,81.0,1289,668,23.6,39.4,1.132,0,0,1,0,0,0,0
15,1.3,1053,96.66667,4.2,721,140.0,764,85.0,1216,617,25.1,34.0,1.068,0,0,1,0,0,0,0
16,1.4,1055,71.0,3.7,693,186.0,789,98.0,1203,598,24.7,35.6,1.0882,0,0,1,0,0,0,0
17,1.6,1176,98.66667,6.2,822,213.0,704,109.0,1294,778,24.2,38.1,1.1357,0,0,1,0,0,0,0
18,2.8,1293,173.66667,9.7,965,376.0,589,150.0,1399,1062,22.7,42.4,1.154,0,0,1,0,0,0,0
19,3.7,1307,360.0,12.4,1063,508.0,554,175.0,1432,1224,19.6,47.8,1.0781,0,0,1,0,0,0,0
20,2.9,1163,185.33333,9.4,954,388.0,600,157.0,1369,1118,17.6,54.4,1.0839,0,0,1,0,0,0,0
21,1.8,1103,231.0,7.1,861,250.0,660,130.0,1310,964,16.2,60.6,1.1089,0,0,1,0,0,0,0
22,1.6,1120,217.0,6.1,817,232.0,669,120.0,1310,1050,15.2,65.8,1.1288,0,0,1,0,0,0,0
23,1.7,1107,189.0,6.0,810,229.0,677,114.0,1311,1016,14.5,68.9,1.1298,0,0,1,0,0,0,0
0,1.5,1078,166.66667,5.0,766,184.0,692,100.0,1269,998,14.3,68.5,1.1122,0,0,0,1,0,0,0
1,1.0,963,71.0,2.9,646,117.0,834,83.0,1181,846,14.7,66.4,1.1006,0,0,0,1,0,0,0
2,0.8,923,79.33333,2.2,596,103.0,908,72.0,1148,762,13.4,70.4,1.0793,0,0,0,1,0,0,0
3,0.5,853,33.0,1.0,502,66.0,1117,51.0,1087,592,14.2,65.1,1.0495,0,0,0,1,0,0,0
4,0.53333,883,44.66667,1.3,530,63.0,997,46.0,1102,617,13.7,68.2,1.0611,0,0,0,1,0,0,0
5,0.5,921,46.33333,1.9,575,95.0,956,58.0,1143,672,13.7,67.8,1.0575,0,0,0,1,0,0,0
6,1.0,1031,104.66667,4.7,748,188.0,738,86.0,1245,890,12.9,71.8,1.0657,0,0,0,1,0,0,0
7,3.0,1371,304.66667,16.0,1180,527.0,472,122.0,1632,1354,13.2,69.9,1.0543,0,0,0,1,0,0,0
8,5.1,1519,635.0,26.3,1461,623.0,370,140.0,2005,1648,14.4,65.8,1.0727,0,0,0,1,0,0,0
9,4.3,1409,671.33333,18.8,1262,606.0,434,146.0,1709,1566,15.3,63.3,1.092,0,0,0,1,0,0,0
10,3.3,1303,490.33333,14.4,1128,460.0,489,152.0,1573,1541,17.7,55.6,1.112,0,0,0,1,0,0,0
11,2.4,1184,318.0,10.0,978,346.0,567,147.0,1425,1226,19.6,49.4,1.1176,0,0,0,1,0,0,0
12,2.4,1202,329.33333,12.1,1052,296.0,519,134.0,1525,1126,18.1,58.3,1.2013,0,0,0,1,0,0,0
13,2.5,1197,411.0,11.7,1040,321.0,530,136.0,1519,1147,18.0,57.9,1.1826,0,0,0,1,0,0,0
14,2.3,1234,212.0,12.0,1049,312.0,523,142.0,1516,1190,18.6,55.0,1.1696,0,0,0,1,0,0,0
15,2.7,1247,174.0,12.3,1059,355.0,508,153.0,1550,1212,18.3,57.9,1.2047,0,0,0,1,0,0,0
16,2.7,1234,232.0,12.3,1060,349.0,509,153.0,1504,1251,18.3,54.8,1.1403,0,0,0,1,0,0,0
17,3.3,1339,492.66667,16.7,1200,385.0,457,155.0,1671,1404,18.3,53.9,1.1252,0,0,0,1,0,0,0
18,3.9,1331,633.66667,15.3,1160,456.0,474,181.0,1598,1419,18.5,54.6,1.1515,0,0,0,1,0,0,0
19,2.6,1251,302.33333,13.4,1097,306.0,502,151.0,1541,1328,17.1,61.5,1.191,0,0,0,1,0,0,0
20,3.2,1267,338.66667,13.5,1102,402.0,498,159.0,1545,1378,16.4,62.5,1.1531,0,0,0,1,0,0,0
21,2.3,1145,230.66667,9.0,938,340.0,591,151.0,1376,1159,15.2,64.2,1.0983,0,0,0,1,0,0,0
22,1.4,1010,77.0,4.8,752,206.0,740,127.0,1218,932,14.6,67.3,1.1102,0,0,0,1,0,0,0
23,1.1,1025,120.0,5.0,761,158.0,745,107.0,1237,942,13.5,70.8,1.0928,0,0,0,1,0,0,0
0,1.2,1024,77.66667,4.9,759,178.0,721,101.0,1224,944,13.0,71.9,1.0697,0,0,0,0,1,0,0
1,0.9,938,52.0,3.4,679,118.0,829,80.0,1144,798,13.0,70.2,1.0457,0,0,0,0,1,0,0
2,0.7,905,39.33333,2.4,615,95.0,885,68.0,1104,776,11.6,74.9,1.0224,0,0,0,0,1,0,0
3,0.5,826,43.33333,1.1,512,84.0,1108,61.0,1043,636,12.5,67.4,0.9722,0,0,0,0,1,0,0
4,0.4,879,43.0,1.4,539,82.0,1045,56.0,1073,678,11.5,71.5,0.9684,0,0,0,0,1,0,0
5,0.5,901,43.0,2.1,589,122.0,933,70.0,1109,754,10.2,77.9,0.9692,0,0,0,0,1,0,0
6,0.8,948,98.0,3.8,702,146.0,801,78.0,1164,818,11.0,73.1,0.9554,0,0,0,0,1,0,0
7,2.3,1250,212.0,12.6,1069,397.0,532,106.0,1457,1202,10.7,73.6,0.9439,0,0,0,0,1,0,0
8,2.9,1263,572.66667,14.7,1138,371.0,503,117.0,1533,1296,12.1,67.3,0.9499,0,0,0,0,1,0,0
9,3.1,1319,398.0,15.5,1164,454.0,489,144.0,1543,1418,15.1,58.6,0.9982,0,0,0,0,1,0,0
10,2.7,1202,302.33333,12.1,1055,433.0,534,158.0,1458,1293,18.6,49.5,1.052,0,0,0,0,1,0,0
11,1.8,1109,147.33333,7.9,896,287.0,629,137.0,1308,1027,20.9,42.5,1.037,0,0,0,0,1,0,0
12,1.9,1136,267.66667,9.6,962,265.0,594,130.0,1350,1052,23.6,34.8,0.9986,0,0,0,0,1,0,0
13,1.8,1082,97.0,8.3,910,225.0,629,125.0,1301,875,25.6,28.5,0.9199,0,0,0,0,1,0,0
14,1.8,1070,142.0,9.2,947,210.0,609,124.0,1292,815,26.1,26.3,0.875,0,0,0,0,1,0,0
15,1.8,1070,111.33333,8.4,917,215.0,633,125.0,1252,760,26.6,24.9,0.8525,0,0,0,0,1,0,0
16,1.7,1123,107.0,9.2,945,227.0,623,135.0,1303,856,25.1,28.5,0.8932,0,0,0,0,1,0,0
17,3.2,1271,357.0,16.1,1183,403.0,493,179.0,1498,1258,24.1,32.1,0.9504,0,0,0,0,1,0,0
18,3.4,1304,622.0,17.1,1212,444.0,476,183.0,1585,1383,21.5,39.1,0.9914,0,0,0,0,1,0,0
19,4.2,1360,534.0,19.9,1295,475.0,451,193.0,1639,1518,19.3,46.2,1.023,0,0,0,0,1,0,0
20,3.5,1278,507.0,14.9,1147,438.0,505,185.0,1536,1890,18.2,52.6,1.0911,0,0,0,0,1,0,0
21,2.0,1130,277.0,8.8,933,254.0,608,147.0,1373,1389,16.8,58.2,1.1022,0,0,0,0,1,0,0
22,1.4,1066,167.0,5.8,802,172.0,689,117.0,1282,1090,16.0,61.9,1.115,0,0,0,0,1,0,0
23,1.5,1090,164.66667,6.6,841,174.0,661,112.0,1317,1092,15.3,65.4,1.126,0,0,0,0,1,0,0
0,1.2,1013,108.0,4.8,754,146.0,729,101.0,1245,954,14.5,67.8,1.1171,0,0,0,0,0,1,0
1,1.1,998,85.33333,4.1,718,134.0,757,93.0,1230,951,14.2,68.6,1.1068,0,0,0,0,0,1,0
2,0.7,923,61.66667,2.5,616,83.0,874,64.0,1169,790,13.9,68.7,1.0892,0,0,0,0,0,1,0
3,0.6,904,53.0,1.7,565,81.0,942,61.0,1144,752,13.1,72.5,1.0911,0,0,0,0,0,1,0
4,0.5,884,42.66667,1.6,556,73.0,965,54.0,1135,708,12.9,72.7,1.076,0,0,0,0,0,1,0
5,0.6,936,52.33333,2.6,628,104.0,876,64.0,1173,782,12.3,74.2,1.0583,0,0,0,0,0,1,0
6,0.9,1068,80.33333,6.1,816,191.0,681,80.0,1264,1011,12.6,71.5,1.038,0,0,0,0,0,1,0
7,4.0,1531,508.33333,23.6,1394,673.0,407,133.0,1860,1683,12.7,69.6,1.0206,0,0,0,0,0,1,0
8,4.1,1184,613.66667,10.9,1012,547.0,567,170.0,1397,1341,16.8,51.6,0.9818,0,0,0,0,0,1,0
9,1.9,1064,190.66667,6.8,848,275.0,692,139.0,1212,1014,20.3,40.1,0.9439,0,0,0,0,0,1,0
10,1.3,996,165.0,4.9,759,200.0,773,124.0,1119,751,21.0,37.3,0.9139,0,0,0,0,0,1,0
11,1.2,984,124.33333,4.2,724,185.0,810,118.0,1088,630,21.0,36.9,0.9089,0,0,0,0,0,1,0
12,1.2,980,157.66667,4.3,728,164.0,808,108.0,1098,565,22.8,33.0,0.904,0,0,0,0,0,1,0
13,1.2,970,174.66667,4.0,710,150.0,833,100.0,1094,535,24.0,30.3,0.8925,0,0,0,0,0,1,0
14,0.9,940,155.33333,3.1,656,134.0,913,91.0,1052,471,22.6,33.2,0.9007,0,0,0,0,0,1,0
15,1.0,963,265.0,3.7,691,128.0,857,89.0,1075,512,22.5,32.9,0.8846,0,0,0,0,0,1,0
16,1.1,961,151.33333,3.8,702,150.0,849,102.0,1070,527,21.5,33.8,0.8575,0,0,0,0,0,1,0
17,1.5,1067,313.0,6.5,836,171.0,713,114.0,1206,690,21.4,36.4,0.9172,0,0,0,0,0,1,0
18,2.1,1084,275.66667,7.2,866,204.0,682,124.0,1219,778,20.0,38.9,0.8974,0,0,0,0,0,1,0
19,2.1,1102,277.33333,8.3,912,215.0,647,136.0,1287,872,17.8,45.2,0.9123,0,0,0,0,0,1,0
20,1.5,976,188.66667,4.4,731,156.0,787,118.0,1095,622,16.3,47.3,0.8686,0,0,0,0,0,1,0
21,1.0,895,75.66667,2.3,607,114.0,944,93.0,1012,512,16.3,44.8,0.8244,0,0,0,0,0,1,0
22,0.8,886,80.66667,1.8,568,81.0,1015,72.0,992,438,15.6,47.1,0.8273,0,0,0,0,0,1,0
23,0.8,886,77.33333,2.1,589,83.0,975,69.0,1001,443,15.1,47.6,0.8139,0,0,0,0,0,1,0
0,0.7,848,52.0,1.5,541,69.0,1067,61.0,937,392,15.1,44.5,0.7569,0,0,0,0,0,0,1
1,0.6,818,51.33333,1.0,497,53.0,1198,50.0,885,347,14.6,43.0,0.7108,0,0,0,0,0,0,1
2,0.5,848,39.33333,1.1,509,36.0,1126,35.0,882,341,14.5,43.7,0.7163,0,0,0,0,0,0,1
3,0.5,826,39.33333,0.9,488,30.0,1187,29.0,895,322,13.6,46.7,0.7245,0,0,0,0,0,0,1
4,0.76667,818,42.33333,0.8,473,47.0,1257,41.0,898,323,13.7,48.8,0.7606,0,0,0,0,0,0,1
5,0.5,868,48.0,1.4,535,88.0,1136,66.0,944,395,13.5,50.6,0.7783,0,0,0,0,0,0,1
6,0.6,901,64.66667,2.0,586,135.0,993,89.0,979,510,13.7,47.4,0.7412,0,0,0,0,0,0,1
7,1.5,1044,98.33333,6.7,845,280.0,710,150.0,1158,909,13.7,45.9,0.7154,0,0,0,0,0,0,1
8,1.9,1030,158.33333,6.3,828,313.0,705,150.0,1130,869,16.1,41.0,0.7435,0,0,0,0,0,0,1
9,1.3,965,110.33333,4.3,730,205.0,799,127.0,1038,652,16.1,41.5,0.7559,0,0,0,0,0,0,1
10,1.0,948,61.0,3.5,684,180.0,851,120.0,1011,599,16.5,40.8,0.757,0,0,0,0,0,0,1
11,1.0,939,74.66667,3.6,687,197.0,870,123.0,981,550,18.9,33.8,0.7312,0,0,0,0,0,0,1
12,1.1,925,70.33333,4.0,713,172.0,853,115.0,957,518,19.2,29.5,0.648,0,0,0,0,0,0,1
13,1.3,924,65.0,4.5,739,184.0,834,122.0,966,541,19.9,26.3,0.6054,0,0,0,0,0,0,1
14,1.0,891,63.0,3.3,669,160.0,923,111.0,911,456,19.2,27.0,0.5934,0,0,0,0,0,0,1
15,1.1,897,80.33333,3.6,687,176.0,908,119.0,916,467,19.4,25.3,0.5625,0,0,0,0,0,0,1
16,1.4,939,70.66667,4.3,726,219.0,890,137.0,955,508,18.9,26.2,0.5667,0,0,0,0,0,0,1
17,1.5,943,70.66667,5.1,770,222.0,856,147.0,959,583,19.3,24.7,0.5483,0,0,0,0,0,0,1
18,1.6,928,58.33333,5.5,790,231.0,812,154.0,951,609,17.1,25.3,0.4881,0,0,0,0,0,0,1
19,2.2,961,74.0,7.4,874,248.0,747,160.0,1003,757,15.6,26.2,0.4604,0,0,0,0,0,0,1
20,1.4,867,76.66667,3.7,694,183.0,906,134.0,858,539,13.8,30.6,0.479,0,0,0,0,0,0,1
21,0.9,823,43.66667,1.9,579,144.0,1070,110.0,778,420,13.1,31.7,0.4756,0,0,0,0,0,0,1
22,0.8,835,52.0,2.1,593,132.0,1072,99.0,793,408,13.2,31.8,0.4798,0,0,0,0,0,0,1
23,1.1,893,67.0,3.4,675,180.0,955,127.0,853,560,13.6,30.8,0.4779,0,0,0,0,0,0,1
0,1.5,965,78.66667,5.8,803,280.0,802,174.0,951,889,13.1,32.0,0.4817,1,0,0,0,0,0,0
1,1.1,838,42.66667,1.9,580,167.0,1055,127.0,791,516,12.7,33.6,0.4902,1,0,0,0,0,0,0
2,0.6,835,38.0,1.5,546,102.0,1111,81.0,768,391,12.2,35.6,0.5038,1,0,0,0,0,0,0
3,0.5,820,68.66667,1.4,536,92.0,1137,70.0,777,374,11.9,35.6,0.4945,1,0,0,0,0,0,0
4,0.4,815,55.66667,0.9,488,63.0,1223,49.0,742,326,11.2,38.3,0.5099,1,0,0,0,0,0,0
5,0.4,842,59.33333,1.4,535,59.0,1140,44.0,805,352,11.0,40.5,0.5316,1,0,0,0,0,0,0
6,0.6,884,50.0,2.0,587,163.0,999,107.0,863,566,10.7,42.8,0.5489,1,0,0,0,0,0,0
7,0.9,922,84.33333,3.1,658,227.0,898,141.0,922,706,11.1,43.3,0.572,1,0,0,0,0,0,0
8,0.9,903,48.66667,2.5,618,183.0,933,121.0,899,575,14.2,36.9,0.5939,1,0,0,0,0,0,0
9,0.8,899,72.33333,2.7,631,145.0,955,103.0,884,505,15.6,33.3,0.5861,1,0,0,0,0,0,0
10,1.0,890,56.66667,2.7,634,150.0,952,102.0,856,471,16.3,30.0,0.5514,1,0,0,0,0,0,0
11,0.8,877,48.0,2.7,632,138.0,993,95.0,834,421,17.0,26.1,0.5036,1,0,0,0,0,0,0
12,0.8,867,33.0,2.4,613,134.0,1019,93.0,817,389,19.3,22.3,0.495,1,0,0,0,0,0,0
13,1.0,892,50.0,2.4,614,137.0,986,95.0,843,408,20.5,21.9,0.5215,1,0,0,0,0,0,0
14,0.8,889,55.66667,2.3,603,112.0,1022,80.0,853,382,22.0,20.2,0.5274,1,0,0,0,0,0,0
15,0.8,900,88.66667,2.5,622,112.0,1008,81.0,861,387,21.7,20.9,0.5367,1,0,0,0,0,0,0
16,0.9,910,45.0,2.9,644,149.0,971,106.0,873,428,21.6,20.8,0.5292,1,0,0,0,0,0,0
17,1.1,947,71.0,3.5,682,159.0,906,113.0,928,488,21.0,22.3,0.5468,1,0,0,0,0,0,0
18,1.1,947,96.33333,4.0,708,161.0,858,117.0,958,556,18.6,26.6,0.5631,1,0,0,0,0,0,0
19,1.2,936,55.0,3.5,685,171.0,866,124.0,942,568,15.5,33.9,0.5957,1,0,0,0,0,0,0
20,1.1,925,48.33333,2.9,645,167.0,904,122.0,930,546,14.3,38.0,0.6162,1,0,0,0,0,0,0
21,0.8,885,47.33333,1.8,567,116.0,1021,87.0,872,428,13.5,39.4,0.6089,1,0,0,0,0,0,0
22,0.7,891,43.33333,1.8,567,105.0,1031,79.0,881,418,13.1,41.3,0.6184,1,0,0,0,0,0,0
23,0.7,904,67.33333,2.1,593,125.0,1012,93.0,894,472,13.5,37.8,0.5815,1,0,0,0,0,0,0
0,0.8,929,73.0,2.5,617,140.0,953,102.0,898,544,13.5,37.4,0.5745,0,1,0,0,0,0,0
1,0.8,951,51.33333,2.8,642,109.0,895,86.0,929,666,12.7,40.8,0.5977,0,1,0,0,0,0,0
2,0.7,938,48.0,2.7,631,99.0,882,77.0,931,679,12.0,44.2,0.6177,0,1,0,0,0,0,0
3,0.8,921,61.66667,2.8,642,120.0,861,88.0,948,768,10.5,48.7,0.6164,0,1,0,0,0,0,0
4,0.5,850,58.0,2.0,583,83.0,955,64.0,914,589,10.1,49.7,0.6122,0,1,0,0,0,0,0
5,0.3,811,47.33333,1.0,494,60.0,1118,46.0,872,470,9.6,51.0,0.6082,0,1,0,0,0,0,0
6,0.4,848,56.0,1.3,530,75.0,1072,55.0,901,523,9.1,52.4,0.6074,0,1,0,0,0,0,0
7,0.6,882,65.66667,1.7,563,127.0,978,84.0,936,660,8.9,52.7,0.6034,0,1,0,0,0,0,0
8,0.7,936,67.0,2.4,611,134.0,911,89.0,949,741,13.5,40.0,0.6168,0,1,0,0,0,0,0
9,1.2,1022,78.0,4.1,715,192.0,806,118.0,1004,831,17.8,30.7,0.6205,0,1,0,0,0,0,0
10,1.4,970,76.0,3.4,677,166.0,888,113.0,931,613,21.1,23.7,0.5875,0,1,0,0,0,0,0
11,1.3,1000,106.0,5.3,779,171.0,805,115.0,1001,640,24.0,19.3,0.5673,0,1,0,0,0,0,0
12,1.4,996,82.33333,5.3,781,177.0,806,124.0,985,631,26.5,16.4,0.5594,0,1,0,0,0,0,0
13,1.0,928,65.66667,3.8,701,119.0,926,86.0,902,456,28.7,13.7,0.5302,0,1,0,0,0,0,0
14,1.0,933,60.0,4.2,722,121.0,899,87.0,890,450,28.5,13.1,0.5002,0,1,0,0,0,0,0
15,1.1,956,79.33333,5.4,783,142.0,857,100.0,896,516,30.0,11.1,0.4624,0,1,0,0,0,0,0
16,1.3,968,77.66667,6.3,826,197.0,867,132.0,898,548,29.4,10.4,0.4192,0,1,0,0,0,0,0
17,1.4,953,62.33333,6.1,817,242.0,872,156.0,891,603,28.9,9.9,0.3866,0,1,0,0,0,0,0
18,1.2,1015,81.0,4.6,743,190.0,851,138.0,981,597,22.8,21.7,0.5945,0,1,0,0,0,0,0
19,2.7,1248,140.66667,11.1,1018,367.0,599,181.0,1289,1167,19.9,33.0,0.7608,0,1,0,0,0,0,0
20,2.5,1180,225.0,7.9,894,355.0,636,187.0,1200,1372,17.5,40.7,0.8073,0,1,0,0,0,0,0
21,1.5,1102,180.0,6.0,812,235.0,693,158.0,1178,1042,16.4,46.6,0.8642,0,1,0,0,0,0,0
22,1.6,1116,254.33333,5.8,803,233.0,696,153.0,1173,1055,15.5,49.0,0.8579,0,1,0,0,0,0,0
23,1.2,1100,183.0,5.1,769,170.0,722,128.0,1147,1049,14.3,52.5,0.8497,0,1,0,0,0,0,0